/**************************************************************************************************/
DROP TABLE IF EXISTS `tblBom`;
/*!40101 SET @saved_cs_client     = @@character_set_client */;
/*!40101 SET character_set_client = utf8 */;
CREATE TABLE `tblBom` (
  `prodCd` int(11) unsigned NOT NULL DEFAULT '0' COMMENT '제품코드',
  `resrcCd` int(11) unsigned NOT NULL DEFAULT '0' COMMENT '자재코드',
  `bomType` varchar(5) NOT NULL DEFAULT '' COMMENT '제품/자재구분',
  `qty` int(11) DEFAULT '0' COMMENT '재고',
  `unitQty` decimal(5,2) DEFAULT '0.00' COMMENT '단위 수량',
  `flagYN` varchar(1) DEFAULT 'Y' COMMENT '삭제여부(Y:유효/N:삭제)',
  `issueID` varchar(20) DEFAULT '' COMMENT '최종저장자',
  `regDate` datetime DEFAULT NULL COMMENT '최초저장일',
  `issueDate` datetime DEFAULT NULL COMMENT '최종저장일',
  UNIQUE KEY `UNIQUE` (`bomType`,`resrcCd`,`prodCd`)
) ENGINE=InnoDB DEFAULT CHARSET=utf8 COMMENT='BOM관리';
/*!40101 SET character_set_client = @saved_cs_client */;

--
-- Dumping data for table `tblBom`
--

LOCK TABLES `tblBom` WRITE;
/*!40000 ALTER TABLE `tblBom` DISABLE KEYS */;
INSERT INTO `tblBom` VALUES (1,1,'prod',10,12.00,'Y','jade','2021-05-25 15:59:44','2023-11-01 16:07:53'),(5,1,'prod',0,23.00,'Y','jade','2021-06-04 10:35:29','2023-10-15 13:55:20'),(8,1,'prod',0,1.00,'Y','jade','2021-06-03 17:12:06','2023-10-16 00:44:54'),(11,1,'prod',0,56.00,'Y','jade','2021-06-11 15:38:55','2023-10-11 22:09:01'),(12,1,'prod',0,2.00,'Y','jade','2021-06-11 15:38:22','2023-10-15 16:33:24'),(13,1,'prod',0,2.00,'Y','jade','2023-07-11 16:02:22','2023-10-15 20:10:54'),(1,2,'prod',50,1.00,'Y','jade','2021-06-02 17:23:25','2023-11-01 15:42:37'),(5,2,'prod',0,56.00,'Y','jade','2021-06-04 10:35:29','2021-06-04 10:39:10'),(8,2,'prod',0,2.00,'Y','jade','2021-06-03 18:14:36','2023-10-19 10:18:36'),(11,2,'prod',0,34.00,'Y','jade','2021-06-11 15:38:55','2023-10-15 13:55:29'),(12,2,'prod',0,1.00,'Y','jade','2021-06-11 15:38:22','2023-10-15 16:04:56'),(13,2,'prod',0,3.00,'Y','jade','2023-07-11 16:02:21','2023-10-15 20:10:54'),(1,3,'prod',0,13.00,'Y','jade','2021-05-25 15:59:44','2021-06-03 18:25:42'),(8,3,'prod',0,0.00,'Y','jade','2021-06-03 17:16:53','2023-10-15 16:32:09'),(12,3,'prod',0,1.00,'Y','jade','2023-10-14 14:32:54','2023-10-15 20:57:16'),(1,4,'prod',0,35.00,'Y','jade','2021-06-04 10:39:50','2023-10-15 16:17:19'),(5,4,'prod',0,3.00,'Y','jade','2021-06-04 10:35:29','2021-06-04 10:39:37'),(8,4,'prod',0,3.00,'Y','jade','2021-05-25 11:40:00','2023-10-15 15:58:13'),(13,4,'prod',0,34.00,'Y','jade','2023-07-11 16:02:22','2023-10-15 16:10:24'),(1,6,'prod',-80,1.00,'N','jade','2021-05-25 15:59:44','2023-11-12 12:22:07'),(8,6,'prod',0,3.00,'Y','jade','2021-06-03 17:12:06','2023-10-16 00:45:00'),(11,6,'prod',0,98.00,'Y','jade','2021-06-11 15:38:55','2023-10-15 20:43:04'),(12,6,'prod',0,4.00,'Y','jade','2021-06-11 15:38:22','2023-10-15 16:00:48'),(13,6,'prod',0,4.00,'Y','jade','2023-07-11 16:02:21','2023-10-15 16:02:25'),(8,7,'prod',0,3.00,'Y','jade','2021-06-03 17:16:53','2023-10-16 00:44:54'),(9,7,'prod',0,453.00,'Y','jade','2021-06-04 18:26:37','2021-06-04 18:26:37'),(19,7,'prod',0,3.00,'Y','jade','2023-07-11 16:02:55','2023-07-11 16:02:55'),(1,8,'prod',0,2.00,'Y','jade','2021-06-02 17:23:25','2023-10-15 16:16:03'),(8,8,'prod',0,2.00,'Y','jade','2023-07-11 16:08:38','2023-10-16 00:44:54'),(9,8,'prod',0,323.00,'Y','jade','2021-06-04 18:26:37','2021-06-04 18:26:37'),(13,8,'prod',0,0.00,'Y','jade','2023-07-11 16:02:22','2023-10-15 22:27:54'),(19,8,'prod',0,2.00,'Y','jade','2023-07-11 16:02:55','2023-07-11 16:02:55'),(1,13,'prod',0,3.00,'Y','jade','2023-10-15 20:07:49','2023-11-01 15:43:57'),(4,13,'prod',0,0.00,'Y','jade','2023-11-01 16:40:48','2023-11-01 16:40:48'),(8,13,'prod',0,0.00,'Y','jade','2023-10-15 16:36:15','2023-10-16 00:45:04'),(12,13,'prod',0,1.00,'Y','jade','2023-10-15 16:21:40','2023-10-15 20:43:24'),(13,14,'prod',0,0.00,'Y','jade','2023-10-15 16:02:34','2023-10-15 16:02:34'),(1,15,'prod',0,0.00,'Y','jade','2023-11-01 15:45:50','2023-11-09 14:24:19'),(3,15,'prod',0,0.00,'Y','jade','2023-11-01 16:41:18','2023-11-01 17:04:17'),(25,15,'prod',0,0.00,'Y','jade','2023-11-01 17:19:42','2023-11-01 17:19:42'),(40,15,'prod',0,0.00,'Y','jade','2023-11-12 12:11:13','2023-11-12 14:03:41'),(2,17,'prod',0,0.00,'Y','jade','2023-11-01 16:00:48','2023-11-01 16:00:48'),(1,18,'prod',120,0.00,'Y','jade','2023-11-01 16:27:19','2023-11-01 16:27:19'),(39,18,'prod',120,1.00,'N','jade','2023-11-12 12:21:53','2023-11-12 12:22:00'),(40,18,'prod',120,1.00,'Y','jade','2023-11-12 12:11:13','2023-11-12 14:03:41'),(1,19,'prod',0,21.00,'Y','jade','2023-11-01 15:45:50','2023-11-09 14:24:17'),(39,19,'prod',4892,1.00,'Y','jade','2023-11-12 12:19:18','2023-11-12 12:27:05'),(1,20,'prod',0,0.00,'Y','jade','2023-10-30 10:27:56','2023-11-09 14:24:19'),(25,20,'prod',0,0.00,'Y','jade','2023-11-01 17:19:42','2023-11-01 17:19:42'),(4,21,'prod',0,1.00,'Y','jade','2023-10-30 12:37:12','2023-11-01 16:40:36'),(5,21,'prod',0,0.00,'Y','jade','2023-11-05 21:53:53','2023-11-05 21:53:53'),(40,22,'prod',5,1.00,'Y','jade','2023-11-12 14:03:41','2023-11-12 14:03:41'),(1,1,'resrc',0,5.00,'N','jade','2021-06-03 12:40:40','2021-06-03 17:55:44'),(8,1,'resrc',0,1.00,'N','jade','2021-06-03 16:31:53','2021-06-03 17:44:18'),(1,2,'resrc',0,6.00,'N','jade','2021-06-03 12:40:40','2021-06-03 18:25:54'),(1,3,'resrc',0,4.00,'N','jade','2021-06-03 12:40:40','2021-06-03 17:52:16'),(1,4,'resrc',0,3.00,'N','jade','2021-06-03 11:38:23','2021-06-03 17:44:04'),(8,4,'resrc',0,22.50,'N','jade','2021-06-03 16:31:53','2021-06-03 16:59:15'),(1,6,'resrc',0,11.00,'N','jade','2021-06-03 12:40:40','2021-06-03 17:46:49'),(8,6,'resrc',0,75.54,'N','jade','2021-06-03 16:31:53','2021-06-03 16:57:47'),(1,7,'resrc',0,1.00,'N','jade','2021-06-03 11:23:59','2021-06-03 18:19:21'),(8,7,'resrc',0,3.00,'Y','jade','2021-06-03 17:01:21','2021-06-03 17:01:21'),(1,8,'resrc',0,2.00,'N','jade','2021-06-03 17:00:53','2021-06-03 18:15:25'),(8,8,'resrc',0,2.00,'Y','jade','2021-06-03 17:01:21','2021-06-03 17:01:21');
/*!40000 ALTER TABLE `tblBom` ENABLE KEYS */;
UNLOCK TABLES;

/**************************************************************************************************/
DROP TABLE IF EXISTS `tblCommonCd`;
/*!40101 SET @saved_cs_client     = @@character_set_client */;
/*!40101 SET character_set_client = utf8 */;
CREATE TABLE `tblCommonCd` (
  `groupCd` varchar(4) NOT NULL DEFAULT '0' COMMENT '그룹코드',
  `itemCd` varchar(5) NOT NULL DEFAULT '0' COMMENT '공통코드',
  `groupNm` varchar(50) DEFAULT '' COMMENT '그룹 이름',
  `itemNm` varchar(50) DEFAULT '' COMMENT '공통코드 이름',
  `itemSeq` int(11) DEFAULT '1' COMMENT '공통코드 순서',
  `itemMemo` varchar(400) DEFAULT '' COMMENT '공통코드 Memo',
  `flagYN` varchar(1) DEFAULT 'Y' COMMENT '삭제여부(Y:유효/N:삭제)',
  `issueID` varchar(20) DEFAULT '' COMMENT '최종저장자',
  `regDate` datetime DEFAULT NULL COMMENT '최초저장일',
  `issueDate` datetime DEFAULT NULL COMMENT '최종저장일',
  PRIMARY KEY (`groupCd`,`itemCd`)
) ENGINE=InnoDB DEFAULT CHARSET=utf8 COMMENT='공통코드';

LOCK TABLES `tblCommonCd` WRITE;
/*!40000 ALTER TABLE `tblCommonCd` DISABLE KEYS */;
INSERT INTO `tblCommonCd` VALUES ('0001','00100','사용자등급','일반',1,'','Y','jade','2021-04-12 10:52:19','2023-07-14 16:20:02'),('0001','00900','사용자등급','관리자',2,'','Y','jade','2021-04-12 10:52:19','2021-04-12 10:52:19'),('0001','01000','사용자등급','슈퍼관리자',3,'','N','jade','2023-07-11 16:37:17','2023-07-14 16:27:02'),('0002','01000','분류','내수용',1,'','Y','jade','2021-04-21 16:30:00','2023-07-14 16:20:18'),('0002','02000','분류','수출용',2,'','Y','jade','2021-04-21 16:30:22','2021-04-21 16:30:22'),('0003','O','자재분류','원자재',1,'','Y','jade','2021-05-10 15:15:02','2023-07-14 16:23:10'),('0003','S','자재분류','부자재',2,'','Y','jade','2021-05-10 15:15:24','2021-05-10 15:15:24'),('0004','prod','BOM 타입','제품',1,'','Y','jade','2021-05-19 20:11:03','2021-05-19 20:11:03'),('0004','resrc','BOM 타입','자재',2,'','Y','jade','2021-05-19 20:11:23','2023-10-10 23:47:51');
/*!40000 ALTER TABLE `tblCommonCd` ENABLE KEYS */;
UNLOCK TABLES;

/**************************************************************************************************/
DROP TABLE IF EXISTS `tblCompany`;
/*!40101 SET @saved_cs_client     = @@character_set_client */;
/*!40101 SET character_set_client = utf8 */;
CREATE TABLE `tblCompany` (
  `compCd` int(10) NOT NULL AUTO_INCREMENT COMMENT '거래처 코드',
  `compNm` varchar(100) DEFAULT '' COMMENT '거래처 이름',
  `compNo` varchar(20) DEFAULT '' COMMENT '사업자 번호',
  `owner` varchar(20) DEFAULT '' COMMENT '대표자',
  `major` varchar(20) DEFAULT '' COMMENT '담당자',
  `phone` varchar(100) DEFAULT '' COMMENT '연락처',
  `taxEmail` varchar(100) DEFAULT '' COMMENT '세금계산서 Email',
  `address` varchar(100) DEFAULT '' COMMENT '주소',
  `compType` varchar(1000) DEFAULT '' COMMENT '업태',
  `compPart` varchar(1000) DEFAULT '' COMMENT '종목',
  `remarks` varchar(4000) DEFAULT '' COMMENT '메모',
  `flagYN` varchar(1) DEFAULT 'Y' COMMENT '삭제여부(Y:유효/N:삭제)',
  `issueID` varchar(20) DEFAULT '' COMMENT '최종저장자',
  `regDate` datetime DEFAULT NULL COMMENT '최초저장일',
  `issueDate` datetime DEFAULT NULL COMMENT '최종저장일',
  PRIMARY KEY (`compCd`)
) ENGINE=InnoDB AUTO_INCREMENT=15 DEFAULT CHARSET=utf8 COMMENT='거래처';
/*!40101 SET character_set_client = @saved_cs_client */;

--
-- Dumping data for table `tblCompany`
--

LOCK TABLES `tblCompany` WRITE;
/*!40000 ALTER TABLE `tblCompany` DISABLE KEYS */;
INSERT INTO `tblCompany` VALUES (1,'주식회사 비던','110111-7268562','박진호','담당자','010-4102-3796','tax@bedone.co.kr','서울특별시 영등포구 당산로 41번길 11, W동 609호','서비스','소프트웨어','','Y','jade','2021-04-12 16:06:22','2023-10-10 21:45:40'),(2,'일번지 상사','123-25-56933','일번지','담당자','연락처','Email','서울 강남구 가로수길 5 201호','','','','Y','jade','2021-04-12 16:06:20','2023-11-09 16:25:58'),(3,'이대로 무역','230-63-20026','대표자','담당자','연락처','Email','','','','','Y','jade','2021-04-12 16:06:21','2021-05-06 14:36:25'),(4,'깡통 로봇','120-55-23650','대표자','담당자','연락처','Email','','','','','Y','jade','2021-04-12 16:06:21','2021-05-06 14:36:52'),(5,'무지개 통상','236-55-96320','대표자','담당자','연락처','Email','','','','','Y','jade','2021-04-12 16:06:21','2021-05-06 14:37:11'),(6,'활활타 무역','263-56-96320','대표자','담당자','연락처','Email','','','','','Y','jade','2021-04-12 16:06:22','2021-05-06 14:37:33'),(7,'새로나 컴퍼니','236-66-02653','대표자','담당자','연락처','Email','','','','','Y','jade','2021-04-12 16:06:22','2021-05-06 14:38:09'),(8,'럭키 세븐','200-23-66930','대표자','담당자','연락처','Email','','','','','Y','jade','2021-04-12 16:06:22','2021-05-06 15:50:48'),(9,'머시기 상사','사업자번호','대표자','담당자','연락처','Email','','','','','Y','jade','2021-04-12 16:06:22','2021-05-05 20:00:31'),(10,'클라우드 나인','326-33-96321','대표자','담당자','연락처','Email','','','','','Y','jade','2021-04-12 16:06:22','2021-05-06 15:51:04'),(11,'거래처','사업자번호','대표자','담당자','연락처','Email','','','','','Y','jade','2021-04-12 16:06:22','2023-07-11 16:41:46'),(12,'카이 컴퍼니','0001','권용훈','김용훈','010','wkzkfmxksi@gmail.com','강남구','업태','종목','메모','Y','jade','2021-04-12 16:15:25','2021-04-21 11:30:38'),(13,'비스도리','000-1234-123114','요동동','동동이','010-1234-0000','dong@dong.com','논산','서비스','소프트웨어','맴맴','Y','jade','2021-08-06 17:29:40','2021-08-06 18:00:05'),(14,'거래처 테스트','123','','','','','','','','','N','jade','2023-07-14 17:18:57','2023-11-09 15:56:33');
/*!40000 ALTER TABLE `tblCompany` ENABLE KEYS */;
UNLOCK TABLES;

/**************************************************************************************************/
DROP TABLE IF EXISTS `tblDayOff`;
/*!40101 SET @saved_cs_client     = @@character_set_client */;
/*!40101 SET character_set_client = utf8 */;
CREATE TABLE `tblDayOff` (
  `offSeq` int(11) unsigned NOT NULL AUTO_INCREMENT COMMENT '휴무시퀀스',
  `userID` varchar(20) DEFAULT '' COMMENT '사용자 아이디',
  `offDate` varchar(500) DEFAULT '' COMMENT '휴무일',
  `restCnt` int(11) DEFAULT '0' COMMENT '잔여일',
  `flagYN` varchar(1) DEFAULT 'Y' COMMENT '유효여부',
  `issueID` varchar(20) DEFAULT '' COMMENT '작성자',
  `regDate` datetime DEFAULT NULL COMMENT '등록일시',
  `issueDate` datetime DEFAULT NULL COMMENT '최종수정일시',
  PRIMARY KEY (`offSeq`)
) ENGINE=InnoDB DEFAULT CHARSET=utf8 COMMENT='휴무관리';
/*!40101 SET character_set_client = @saved_cs_client */;

--
-- Dumping data for table `tblDayOff`
--

LOCK TABLES `tblDayOff` WRITE;
/*!40000 ALTER TABLE `tblDayOff` DISABLE KEYS */;
/*!40000 ALTER TABLE `tblDayOff` ENABLE KEYS */;
UNLOCK TABLES;

/**************************************************************************************************/
DROP TABLE IF EXISTS `tblFiles`;
/*!40101 SET @saved_cs_client     = @@character_set_client */;
/*!40101 SET character_set_client = utf8 */;
CREATE TABLE `tblFiles` (
  `fileSeq` int(11) NOT NULL AUTO_INCREMENT COMMENT '파일시퀀스',
  `tableNm` varchar(20) DEFAULT '' COMMENT '테이블 이름',
  `tableKey` varchar(50) DEFAULT '' COMMENT '테이블 PRI 값',
  `fileUrl` varchar(1000) DEFAULT '' COMMENT '파일위치',
  `fileNm` varchar(200) DEFAULT '' COMMENT '파일이름',
  `flagYN` varchar(1) DEFAULT 'Y' COMMENT '삭제여부(Y:유효/N:삭제)',
  `issueID` varchar(20) DEFAULT '' COMMENT '최종저장자',
  `regDate` datetime DEFAULT NULL COMMENT '최초저장일',
  `issueDate` datetime DEFAULT NULL COMMENT '최종저장일',
  PRIMARY KEY (`fileSeq`) USING BTREE
) ENGINE=InnoDB AUTO_INCREMENT=258 DEFAULT CHARSET=utf8 COMMENT='파일관리';
/*!40101 SET character_set_client = @saved_cs_client */;

--
-- Dumping data for table `tblFiles`
--

LOCK TABLES `tblFiles` WRITE;
/*!40000 ALTER TABLE `tblFiles` DISABLE KEYS */;
INSERT INTO `tblFiles` VALUES (114,'tblResource','6','20230925103908.jpg','12.jpg','N','jade','2023-09-25 10:39:08','2023-10-16 00:27:16'),(121,'tblResource','1','20230925143251.jpg','24283C3858F778CA2E.jpg','Y','jade','2023-09-25 14:32:50','2023-09-25 14:32:50'),(123,'tblResource','1','20230925143837_tblResource.jpg','12.jpg','N','jade','2023-09-25 14:38:37','2023-10-14 15:23:42'),(144,'tblCompany','4','20231004141853.jpg','12.jpg','Y','jade','2023-10-04 14:18:52','2023-10-04 14:18:52'),(146,'tblCompany','5','20231005124123.jpg','12.jpg','Y','jade','2023-10-05 12:41:22','2023-10-05 12:41:22'),(152,'tblProduct','2','20231005144927.PNG','cleanRobot.PNG','N','jade','2023-10-05 14:49:24','2023-10-15 23:24:36'),(153,'tblProduct','13','20231005145153.png','??-2.png','N','jade','2023-10-05 14:51:50','2023-10-15 23:28:30'),(157,'tblCompany','1','20231010214534_company.png','noImage.png','N','jade','2023-10-10 21:45:34','2023-10-14 15:23:58'),(158,'tblProduct','2','20231011013018_product.png','logo.png','N','jade','2023-10-11 01:30:18','2023-10-14 15:23:24'),(159,'tblProduct','1','20231011215139.png','no-image.png','N','jade','2023-10-11 21:51:39','2023-10-14 15:14:01'),(167,'tblResource','6','20231016002713.png','logo.png','N','jade','2023-10-16 00:27:13','2023-10-16 00:30:11'),(181,'tblProduct','2','20231018180723.jpg','3213.jpg','N','jade','2023-10-18 18:07:23','2023-10-25 11:02:55'),(182,'tblProduct','13','20231018181729.jpg','12.jpg','Y','jade','2023-10-18 18:17:29','2023-10-18 18:17:29'),(183,'tblProduct','13','20231018181736.jpg','24283C3858F778CA2E.jpg','Y','jade','2023-10-18 18:17:35','2023-10-18 18:17:35'),(186,'tblProduct','23','20231018182803.png','3213.jpg','N','jade','2023-10-18 18:28:02','2023-10-25 15:07:44'),(188,'tblProduct','1','20231019100448.jpg','3213.jpg','N','jade','2023-10-19 10:04:46','2023-10-25 14:44:41'),(189,'tblUser','eric','20231019100639.WAR','1.WAR','Y','jade','2023-10-19 10:06:37','2023-10-19 10:06:37'),(190,'tblUser','eric','20231019101019.WAR','9292929.WAR','Y','jade','2023-10-19 10:10:17','2023-10-19 10:10:17'),(191,'tblUser','eric','20231019101638.WAR','191919.WAR','Y','jade','2023-10-19 10:16:37','2023-10-19 10:16:37'),(192,'tblProduct','6','20231024152039-8b7457ab.jpg','12.jpg','N','jade','2023-10-24 15:20:39','2023-11-12 16:03:30'),(194,'tblProduct','5','20231024172859-4b5e4249.jpg','3213.jpg','N','jade','2023-10-24 17:28:59','2023-11-12 16:22:18'),(195,'tblProduct','2','20231024172928-f6f58dad.jpg','3213.jpg','N','jade','2023-10-24 17:29:28','2023-10-25 11:03:00'),(196,'tblProduct','7','20231024172941-cb28ea13.jpg','3213.jpg','N','jade','2023-10-24 17:29:41','2023-10-25 11:02:51'),(197,'tblProduct','7','20231024174323-68f68ee0.png','3213.jpg','N','jade','2023-10-24 17:43:23','2023-10-25 11:02:45'),(198,'tblProduct','5','20231024174349-067bafad.png','?? ?? 2023-10-23 150124.png','N','jade','2023-10-24 17:43:49','2023-11-12 16:30:23'),(199,'tblResource','6','20231024182335-b02b31d4.jpg','3213.jpg','Y','jade','2023-10-24 18:23:35','2023-10-24 18:23:35'),(200,'tblProduct','20','20231025143610-fcd74c78.jpg','3213.jpg','N','jade','2023-10-25 14:36:10','2023-10-25 14:44:15'),(201,'tblProduct','2','20231025145533-965ec9c0.jpg','12.jpg','N','jade','2023-10-25 14:55:33','2023-11-12 16:18:55'),(202,'tblProduct','1','20231025145753-b809c16a.jpg','12.jpg','N','jade','2023-10-25 14:57:53','2023-11-12 16:09:06'),(203,'tblProduct','27','20231025145918-f49b37db.jpg','3213.jpg','N','jade','2023-10-25 14:59:18','2023-10-25 15:13:13'),(204,'tblProduct','11','20231025150236-631689d8.jpg','24283C3858F778CA2E.jpg','N','jade','2023-10-25 15:02:36','2023-11-12 16:11:47'),(205,'tblProduct','26','20231025150449-0d89f2e9.jpg','24283C3858F778CA2E.jpg','N','jade','2023-10-25 15:04:49','2023-11-12 16:18:04'),(206,'tblProduct','23','20231025150724-3ef07d76.jpg','24283C3858F778CA2E.jpg','Y','jade','2023-10-25 15:07:24','2023-10-25 15:07:24'),(207,'tblProduct','26','20231025151324-cfe3f219.jpg','24283C3858F778CA2E.jpg','N','jade','2023-10-25 15:13:24','2023-11-12 16:16:14'),(208,'tblProduct','10','20231025151534-0cc3b08b.jpg','24283C3858F778CA2E.jpg','Y','jade','2023-10-25 15:15:34','2023-10-25 15:15:34'),(209,'tblProduct','36','20231101140620-cc63ff68.jpg','12.jpg','N','jade','2023-11-01 14:06:20','2023-11-12 16:10:22'),(213,'tblUser','39','20231106001728.war','ROOT.war','Y','jade','2023-11-06 00:17:28','2023-11-06 00:17:28'),(214,'tblProduct','39','20231109123622-ff9cd90c.jpg','12.jpg','N','jade','2023-11-09 12:36:22','2023-11-12 16:12:18'),(215,'tblCompany','1','20231109154009-1824a73f.png','cores-logo.png','Y','jade','2023-11-09 15:40:09','2023-11-09 15:40:09'),(216,'tblProduct','30','20231112140459-c0759079.png','name.png','N','jade','2023-11-12 14:04:59','2023-11-12 16:15:33'),(217,'tblProduct','29','20231112141147-2a7ab9a2.png','name.png','N','jade','2023-11-12 14:11:47','2023-11-12 15:52:35'),(218,'tblProduct','25','20231112141616-3f975e78.png','name.png','N','jade','2023-11-12 14:16:16','2023-11-12 16:14:29'),(219,'tblProduct','30','20231112141756-ae531b9d.png','name.png','N','jade','2023-11-12 14:17:56','2023-11-12 16:13:30'),(227,'tblProduct','44','20231112145254-95fe7aa9.png','main2.png','Y','jade','2023-11-12 14:52:55','2023-11-12 14:52:55'),(228,'tblProduct','45','20231112150555-9f70292d.png','name.png','Y','jade','2023-11-12 15:05:55','2023-11-12 15:05:55'),(229,'tblProduct','46','20231112150646-3998156c.png','main2.png','Y','jade','2023-11-12 15:06:46','2023-11-12 15:06:46'),(230,'tblProduct','47','20231112151009-bc315154.png','main2.png','Y','jade','2023-11-12 15:10:09','2023-11-12 15:10:09'),(231,'tblProduct','48','20231112151315-193e96b9.png','noImage.png','Y','jade','2023-11-12 15:13:15','2023-11-12 15:13:15'),(237,'tblProduct','13','20231112153133-349cfce0.png','name.png','N','jade','2023-11-12 15:31:33','2023-11-12 15:50:08'),(240,'tblProduct','5','20231112161928-bb9ae0cf.png','name.png','N','jade','2023-11-12 16:19:28','2023-11-12 16:21:07'),(241,'tblProduct','4','20231112162255-444a942e.png','name.png','N','jade','2023-11-12 16:22:55','2023-11-12 16:26:46'),(242,'tblProduct','39','20231112162336-11514f80.png','name.png','N','jade','2023-11-12 16:23:36','2023-11-12 16:24:46'),(243,'tblProduct','6','20231112162359-278bf6bf.png','name.png','N','jade','2023-11-12 16:23:59','2023-11-12 16:24:09'),(244,'tblProduct','4','20231112163206-bd450343.png','name.png','N','jade','2023-11-12 16:32:06','2023-11-12 16:33:06'),(245,'tblProduct','5','20231112163252-a564a4eb.png','main2.png','N','jade','2023-11-12 16:32:52','2023-11-12 16:33:43'),(246,'tblProduct','30','20231112163312-ffb40fb2.png','name.png','Y','jade','2023-11-12 16:33:12','2023-11-12 16:33:12'),(247,'tblProduct','26','20231112163338-78385052.png','logo.png','N','jade','2023-11-12 16:33:38','2023-11-12 20:19:51'),(248,'tblProduct','11','20231112163549-46cf5c1a.png','noImage.png','Y','jade','2023-11-12 16:35:49','2023-11-12 16:35:49'),(249,'tblProduct','50','20231112163622-47137c06.png','name.png','N','jade','2023-11-12 16:36:22','2023-11-12 20:21:41'),(250,'tblProduct','3','20231112163924-3568a641.png','name.png','Y','jade','2023-11-12 16:39:24','2023-11-12 16:39:24'),(251,'tblProduct','49','20231112164039-1ccebad0.png','main2.png','Y','jade','2023-11-12 16:40:39','2023-11-12 16:40:39'),(252,'tblProduct','0','20231112164212-24517e5c.png','main2.png','Y','jade','2023-11-12 16:42:12','2023-11-12 16:42:12'),(253,'tblProduct','5','20231112192925-d7d0965c.png','name.png','N','jade','2023-11-12 19:29:25','2023-11-12 20:21:06'),(254,'tblResource','2','20231112193049-3a437536.png','name.png','Y','jade','2023-11-12 19:30:49','2023-11-12 19:30:49'),(255,'tblProduct','27','20231112202113-a394e241.png','name.png','Y','jade','2023-11-12 20:21:13','2023-11-12 20:21:13'),(256,'tblProduct','13','20231112202146-18ac050f.png','name.png','Y','jade','2023-11-12 20:21:46','2023-11-12 20:21:46'),(257,'tblResource','18','20231112210606-97a6b4d9.png','name.png','Y','jade','2023-11-12 21:06:06','2023-11-12 21:06:06');
/*!40000 ALTER TABLE `tblFiles` ENABLE KEYS */;
UNLOCK TABLES;

/**************************************************************************************************/
DROP TABLE IF EXISTS `tblHouse`;
/*!40101 SET @saved_cs_client     = @@character_set_client */;
/*!40101 SET character_set_client = utf8 */;
CREATE TABLE `tblHouse` (
  `houseCd` int(11) NOT NULL AUTO_INCREMENT COMMENT '창고코드',
  `houseNm` varchar(100) DEFAULT '' COMMENT '창고 섹션 이름',
  `parentsHCd` int(11) DEFAULT NULL COMMENT '부모 창고',
  `houseOrder` int(11) DEFAULT NULL COMMENT '순서',
  `step` int(11) DEFAULT NULL COMMENT '단계',
  `flagYN` varchar(1) DEFAULT 'Y' COMMENT '삭제여부(Y:유효/N:삭제)',
  `issueID` varchar(20) DEFAULT '' COMMENT '최종저장자',
  `regDate` datetime DEFAULT NULL COMMENT '최초저장일',
  `issueDate` datetime DEFAULT NULL COMMENT '최종저장일',
  PRIMARY KEY (`houseCd`)
) ENGINE=InnoDB AUTO_INCREMENT=29 DEFAULT CHARSET=utf8 COMMENT='창고관리';
/*!40101 SET character_set_client = @saved_cs_client */;

--
-- Dumping data for table `tblHouse`
--

LOCK TABLES `tblHouse` WRITE;
/*!40000 ALTER TABLE `tblHouse` DISABLE KEYS */;
INSERT INTO `tblHouse` VALUES (1,'창고',0,1,1,'Y','jade','2021-04-29 10:08:18','2021-04-30 20:44:31'),(2,'A동',1,1,2,'Y','jade','2021-05-01 20:14:32','2021-05-01 20:14:32'),(3,'B동',1,2,2,'Y','jade','2021-05-01 20:15:15','2021-05-01 20:15:15'),(4,'C동',1,3,2,'Y','jade','2021-05-01 20:15:32','2021-05-01 20:15:32'),(5,'A동 1-1',2,1,3,'Y','jade','2021-05-01 20:15:56','2023-07-11 16:45:52'),(6,'A동 1-2',2,99,3,'Y','jade','2021-05-01 20:16:12','2021-05-01 20:16:12'),(7,'B동 2-1',3,1,3,'Y','jade','2021-05-01 20:16:39','2021-05-01 20:17:02'),(8,'B동 2-2',3,2,3,'Y','jade','2021-05-01 20:16:53','2021-05-01 20:16:53'),(9,'C동 3-1',4,1,3,'Y','jade','2021-05-01 20:17:16','2021-05-01 20:17:16'),(10,'C동 3-2',4,2,3,'Y','jade','2021-05-01 20:17:31','2021-05-01 20:17:31'),(11,'검사실',1,9,2,'Y','jade','2021-05-01 20:18:00','2021-05-01 20:18:00'),(12,'검사실 E동',11,1,3,'Y','jade','2021-05-01 20:18:36','2021-05-01 20:19:12'),(13,'검사실 W동',11,2,3,'Y','jade','2021-05-01 20:18:54','2021-05-01 20:19:07'),(14,'검사실 W-1동',13,3,4,'Y','jade','2021-06-30 11:15:08','2023-11-06 00:02:13'),(15,'테스트창고',13,99,0,'N','jade','2021-07-01 15:25:25','2021-07-01 15:25:25'),(16,'A동 1-3',1,99,2,'N','jade','2023-07-11 16:46:18','2023-07-11 16:47:34'),(17,'A동 1-2-1',6,99,4,'Y','jade','2023-07-11 16:46:40','2023-07-11 16:46:56'),(18,'A동 1-3',1,99,2,'N','jade','2023-07-11 16:47:17','2023-07-11 16:47:37'),(19,'A동',1,100,2,'N','jade','2023-07-11 16:47:52','2023-07-11 16:48:12'),(20,'123',0,3,0,'N','jade','2023-11-05 23:51:14','2023-11-06 00:05:43'),(21,'123',0,3,0,'N','jade','2023-11-05 23:52:35','2023-11-06 00:05:36'),(22,'123',0,4,0,'N','jade','2023-11-05 23:53:09','2023-11-06 00:05:39'),(23,'33',14,2,5,'Y','jade','2023-11-06 00:02:19','2023-11-06 00:02:19'),(24,'3333',12,2,4,'Y','jade','2023-11-06 00:05:30','2023-11-06 00:05:30'),(25,'333',7,4,4,'Y','jade','2023-11-06 00:09:13','2023-11-06 00:09:13'),(26,'123',10,99,4,'Y','jade','2023-11-06 00:10:01','2023-11-06 00:10:01'),(27,'123',23,99,6,'Y','jade','2023-11-06 00:10:52','2023-11-06 00:10:52'),(28,'123',27,99,7,'Y','jade','2023-11-06 00:10:56','2023-11-06 00:10:56');
/*!40000 ALTER TABLE `tblHouse` ENABLE KEYS */;
UNLOCK TABLES;

/**************************************************************************************************/
DROP TABLE IF EXISTS `tblProduct`;
/*!40101 SET @saved_cs_client     = @@character_set_client */;
/*!40101 SET character_set_client = utf8 */;
CREATE TABLE `tblProduct` (
  `prodCd` int(11) NOT NULL AUTO_INCREMENT COMMENT '제품 코드',
  `prodNm` varchar(300) DEFAULT '' COMMENT '제품명',
  `prodType` varchar(5) DEFAULT '' COMMENT '분류',
  `maker` varchar(50) DEFAULT '' COMMENT '제조사',
  `unit` varchar(5) DEFAULT '' COMMENT '단위',
  `quality` varchar(50) DEFAULT '' COMMENT '재질',
  `option1` varchar(50) DEFAULT '' COMMENT '규격',
  `option2` varchar(50) DEFAULT '' COMMENT '사양',
  `protectedQty` INT(10), DEFAULT '0' COMMENT '안전재고',
  `unitPrice` decimal(18,0) DEFAULT '0' COMMENT '표준단가',
  `houseCd` int(11) DEFAULT '0' COMMENT '창고',
  `compCd` int(11) DEFAULT '0' COMMENT '기본거래처',
  `remark` varchar(3000) DEFAULT '' COMMENT '비고',
  `barcode` varchar(8) DEFAULT '' COMMENT '바코드(W+prodCd, 빈자리 0으로채움)',
  `flagYN` varchar(1) DEFAULT 'Y' COMMENT '삭제여부(Y:유효/N:삭제)',
  `issueID` varchar(20) DEFAULT '' COMMENT '최종저장자',
  `regDate` datetime DEFAULT NULL COMMENT '최초저장일',
  `issueDate` datetime DEFAULT NULL COMMENT '최종저장일',
  PRIMARY KEY (`prodCd`)
) ENGINE=InnoDB AUTO_INCREMENT=51 DEFAULT CHARSET=utf8 COMMENT='제품관리';
/*!40101 SET character_set_client = @saved_cs_client */;

--
-- Dumping data for table `tblProduct`
--

LOCK TABLES `tblProduct` WRITE;
/*!40000 ALTER TABLE `tblProduct` DISABLE KEYS */;
INSERT INTO `tblProduct` VALUES (1,'날강력평앤드밀 (CSS2002-0060)','02000','제조사','EA','좋은재질k','사양 1','사양 2',10,350200,7,0,'','W0000010','Y','jade','2021-04-21 17:53:29','2023-11-12 16:42:12'),(2,'94AH Terminal Anvil','02000','주문형','문','삧갈 고운 외관','Silver','',30,3500000,7,0,'','W0000020','Y','jade','2021-04-21 19:34:19','2023-11-12 16:42:12'),(3,'방수 우레탄 실리콘','01000','주문','개','실리콘','보수전용','외부크랙',20,35200,9,0,'999','W0000030','Y','jade','2021-04-26 17:23:24','2023-11-12 16:42:12'),(4,'보쉬 충전 드라이버드릴 GSR120-LI GSB18V-21외5종+100P소재 이벤트중','01000','메이슨','개','쇠',NULL,NULL,200,15000,2,12,NULL,'W0000060','Y','jade','2021-04-30 14:15:18','2023-11-12 16:42:12'),(5,'알루미늄 케이스 KE-483513 가방','02000','메이슨','개','','','알루미늄',30,35000,1,0,'','W0000050','Y','jade','2021-04-30 14:58:10','2023-11-12 20:21:06'),(6,'닌텐도 스위치','02000','닌텐도','개','플라스틱',NULL,NULL,4000,150000,4,11,NULL,'W0000060','Y','jade','2021-04-30 15:00:54','2023-11-12 16:42:12'),(7,'블루텍 토크텍 토크렌치 T-60 TK-500 (수동식)','02000','메이슨','개','','','쇠',3200,14000,3,0,'','W0000070','Y','jade','2021-04-30 15:07:59','2023-11-12 16:42:12'),(9,'딜리코 딜라이트','01000','딜라이트','대','플라스틱','따끈따끈 에스프레소 추출','15kg',2500,560000,7,0,NULL,'W0000090','N','jade','2021-05-11 14:27:54','2023-11-12 16:42:12'),(11,'카라반','01000','카라반세상','대','트럭','알루미늄합금','알루미늄합금',50,2500000,3,0,'','W0000110','Y','jade','2021-06-08 16:26:22','2023-11-12 16:42:12'),(12,'아이폰','01000','apple','개','합금','스마트폰','ram 16G',3600,1200000,9,0,NULL,'W0000120','Y','jade','2021-06-09 13:55:25','2023-11-12 16:42:12'),(13,'갤럭시 버즈','02000','삼성','EA','플라스틱','2*2*2','상',4,100000,3,0,'','W0000130','Y','jade','2021-08-06 16:05:52','2023-11-12 20:21:46'),(17,'삼성 갤럭시 S21','02000','Apple','EA','반도체','S21','Note',3000,125000,15,0,'메모입니다 ','W0000170','N','jade','2021-08-09 13:46:00','2023-11-12 16:42:12'),(18,'테스트','01000','','','','','',0,0,7,0,'','W0000180','N','jade','2023-07-11 14:18:17','2023-11-12 16:42:12'),(21,'영양찹쌀떡','01000','삼성','개','찹쌀','','',100,2500,4,0,'','W0000210','N','jade','2023-07-11 14:53:39','2023-11-12 16:42:12'),(25,'달력','02000','삼성','EA','사양 2','플라스틱','큰 사이즈',121,12000,5,0,'123123','W0000250','N','jade','2023-10-24 15:46:09','2023-11-12 19:30:25'),(26,'코어스 제품','01000','123','123','123','123','123',123,123,5,0,'123','W0000260','Y','jade','2023-10-25 11:03:45','2023-11-12 20:19:51'),(27,'마우스','01000','메이슨','EA','플라스틱','큰 사이즈','사양 2',10,12000,12,0,'123','W0000270','Y','jade','2023-10-25 11:10:53','2023-11-12 20:21:13'),(28,'삼성전자 삼성 KU65UT8070FXKR','02000','삼성','대','반도체','중','P',5,1180000,2,0,'','W0000280','N','jade','2023-10-25 17:57:38','2023-11-12 16:42:12'),(29,'ABC 초콜릿','01000','롯데','개수','초콜릿','작음','맛있음',300,2000,3,0,'초콜릿메모','W0000290','Y','jade','2023-10-25 18:36:54','2023-11-12 16:42:12'),(30,'화이트','01000','딜리코','대','플라스틱','대','EA',20,830000,1,0,NULL,'W0000300','Y','jade','2023-10-25 18:51:24','2023-11-12 16:42:12'),(31,'키오스크','01000','딜리코','대','대','EA','플라스틱',20,830000,1,0,'','W0000310','Y','jade','2023-10-26 10:39:27','2023-11-12 16:42:12'),(32,'에클랜드/스마토 별렌치SET ','01000','애클랜드','개','강철','소','CC',200,3900,3,0,NULL,'W0000320','Y','jade','2023-10-26 10:39:27','2023-11-12 16:42:12'),(34,'청바지','01000','딜리코','대','플라스틱','대','EA',20,830000,1,0,NULL,'W0000340','Y','jade','2023-10-26 17:56:06','2023-11-12 16:42:12'),(35,'딜리코 플랫화이트','01000','딜리코','대','EA','플라스틱','대',20,830000,1,0,'','W0000350','N','jade','2023-10-26 18:11:56','2023-11-12 16:42:12'),(36,'애벌레','01000','딜리코','대','플라스틱','EA','대',220,400,8,0,'','W0000360','Y','jade','2023-10-31 16:54:46','2023-11-12 16:42:12'),(39,'아저시','01000','딜리코','대','대','플라스틱','EA',20,830000,12,0,'','W0000390','Y','jade','2023-11-03 10:32:15','2023-11-12 16:42:12'),(40,'새로움','01000','딜리코','대','대','플라스틱','EA',20,830000,12,0,'','W0000400','Y','jade','2023-11-03 10:35:51','2023-11-12 16:42:12'),(41,'망고','02000','삼성','대','P','중','반도체',300,1180000,12,0,NULL,'W0000410','Y','jade','2023-11-03 10:42:01','2023-11-12 16:42:12'),(49,'12ㅇㅇㄹ','01000','','','','','',1230,1230,10,0,'','W0000490','Y','jade','2023-11-12 15:31:25','2023-11-12 16:42:12'),(50,'222222222222222','01000','','','','','',110,110,3,0,'','W0000500','Y','jade','2023-11-12 16:36:35','2023-11-12 20:21:41');
/*!40000 ALTER TABLE `tblProduct` ENABLE KEYS */;
UNLOCK TABLES;

/**************************************************************************************************/
DROP TABLE IF EXISTS `tblProductInOut`;
/*!40101 SET @saved_cs_client     = @@character_set_client */;
/*!40101 SET character_set_client = utf8 */;
CREATE TABLE `tblProductInOut` (
  `inOutSeq` int(11) unsigned NOT NULL AUTO_INCREMENT COMMENT '입출고 시퀀스',
  `inOutDt` varchar(10) DEFAULT '' COMMENT '입출고 일자',
  `inOut` varchar(10) DEFAULT '' COMMENT '입출고',
  `prodCd` int(11) DEFAULT '0' COMMENT '제품 코드',
  `qty` int(11) DEFAULT '0' COMMENT '수량',
  `houseCd` int(11) DEFAULT '0' COMMENT '창고',
  `unitPrice` decimal(15,0) DEFAULT '0' COMMENT '단가',
  `supplyPrice` decimal(15,0) DEFAULT '0' COMMENT '공급가',
  `remark` varchar(1000) DEFAULT '' COMMENT '용처',
  `compCd` int(11) DEFAULT '0' COMMENT '거래처 코드',
  `flagYN` varchar(1) DEFAULT 'Y' COMMENT '삭제여부(Y:유효/N:삭제)',
  `planYN` varchar(1) DEFAULT 'N' COMMENT '입출고예정여부',
  `issueID` varchar(20) DEFAULT '' COMMENT '최종저장자',
  `regDate` datetime DEFAULT NULL COMMENT '최초저장일',
  `issueDate` datetime DEFAULT NULL COMMENT '최종저장일',
  PRIMARY KEY (`inOutSeq`)
) ENGINE=InnoDB AUTO_INCREMENT=206 DEFAULT CHARSET=utf8 COMMENT='제품입출고관리';
/*!40101 SET character_set_client = @saved_cs_client */;

/**************************************************************************************************/
LOCK TABLES `tblProductInOut` WRITE;
/*!40000 ALTER TABLE `tblProductInOut` DISABLE KEYS */;
INSERT INTO `tblProductInOut` VALUES (1,'2021-04-26',NULL,1,5,1,350200,0,'입출고 Test',12,'N','N','jade','2021-04-26 16:31:28','2021-04-29 10:09:36'),(2,'2021-04-27',NULL,2,5,2,200000,0,'출고',11,'Y','N','jade','2021-04-27 10:51:46','2021-04-27 11:21:47'),(3,'2021-04-15',NULL,2,6,13,100000,0,'없음',9,'Y','N','jade','2021-04-27 11:14:09','2021-05-04 12:26:11'),(4,'2021-04-08',NULL,2,2,2,200000,0,'입고',12,'N','N','jade','2021-04-27 11:15:02','2021-04-29 10:12:27'),(5,'2021-04-29',NULL,1,-1,3,25000,0,'',12,'Y','N','jade','2021-04-29 17:30:10','2023-07-11 14:21:57'),(6,'2021-04-29',NULL,2,2,5,3200,0,NULL,12,'Y','N','jade','2021-04-29 17:30:10','2021-05-03 14:49:10'),(7,'2021-04-29',NULL,3,-3,5,25000,0,'연습장비출고',5,'Y','N','jade','2021-04-29 17:30:10','2021-04-29 17:30:10'),(8,'2021-04-29',NULL,1,4,6,3200,0,'없음',9,'N','N','jade','2021-04-29 17:30:10','2021-05-11 14:18:02'),(9,'2021-04-29',NULL,1,5,7,3400,0,'없음',2,'N','N','jade','2021-04-29 17:30:10','2021-05-04 16:48:36'),(10,'2021-04-29',NULL,3,6,18,25000,0,'없음',7,'Y','N','jade','2021-04-29 17:30:10','2023-10-25 14:47:23'),(11,'2021-04-29',NULL,3,7,9,3200,0,'없음',4,'Y','N','jade','2021-04-29 17:30:10','2021-05-04 16:35:14'),(12,'2021-04-29',NULL,3,-8,10,3200,0,'없음',5,'Y','N','jade','2021-04-29 17:30:10','2021-05-04 16:43:50'),(13,'2021-04-29',NULL,3,-9,11,22000,0,'연습장비입고',12,'Y','N','jade','2021-04-29 17:30:10','2021-04-29 17:30:10'),(14,'2021-05-10',NULL,4,2,12,150000,0,NULL,6,'Y','N','jade','2021-05-03 14:49:50','2021-05-03 14:49:50'),(15,'2021-05-02',NULL,2,2,10,150000,0,'없음',6,'Y','N','jade','2021-05-03 15:22:38','2021-05-04 16:35:23'),(16,'2021-04-14',NULL,7,5,3,15000,0,'없음',6,'Y','N','jade','2021-05-03 15:26:32','2021-05-03 15:26:32'),(17,'2021-04-27',NULL,5,5,2,200000,0,'없음',4,'Y','N','jade','2021-05-03 15:27:48','2023-10-26 12:57:16'),(18,'2021-04-08',NULL,5,2,3,350200,0,'없음',6,'N','N','jade','2021-05-03 15:32:54','2021-05-11 14:18:19'),(19,'2021-04-08',NULL,2,7,7,150000,0,'없음',4,'N','N','jade','2021-05-03 15:39:21','2021-05-04 16:48:44'),(20,'2021-04-08',NULL,7,7,8,15000,0,'없음',7,'Y','N','jade','2021-05-03 15:42:47','2021-05-04 12:26:19'),(21,'2021-04-20',NULL,6,7,9,350200,0,'없음',9,'Y','N','jade','2021-05-04 16:20:57','2023-10-24 16:52:03'),(22,'2021-05-31',NULL,2,9,6,200000,0,'없음',11,'Y','N','jade','2021-05-04 16:23:24','2021-05-04 16:23:24'),(23,'2021-05-26',NULL,6,8,4,3500000,0,'없음',11,'Y','N','jade','2021-05-04 16:29:02','2021-05-04 16:29:02'),(24,'2021-05-25',NULL,7,8,7,3500000,0,'없음',12,'Y','N','jade','2021-05-04 16:29:58','2021-05-04 16:29:58'),(25,'2021-05-05',NULL,2,200,7,30000,0,'',12,'Y','N','jade','2021-05-05 20:01:45','2021-05-05 20:01:45'),(26,'2021-05-05',NULL,3,1000,7,400000,0,'',11,'Y','N','jade','2021-05-05 20:01:45','2021-05-05 20:01:45'),(27,'2021-05-05',NULL,7,13,3,10000000,0,'',11,'Y','N','jade','2021-05-05 20:01:45','2023-09-27 16:42:48'),(28,'2021-05-05',NULL,7,10,3,500000,0,'',9,'Y','N','jade','2021-05-05 20:37:49','2021-05-05 20:37:49'),(29,'2021-05-05',NULL,3,230,7,300000,0,'없음',12,'N','N','jade','2021-05-05 20:37:49','2021-05-11 14:17:48'),(30,'2021-05-26',NULL,2,8,3,3200,0,'없음',4,'Y','N','jade','2021-05-07 17:52:15','2021-05-07 17:52:15'),(31,'2021-04-03',NULL,1,6,3,600000,0,'없음',2,'Y','N','jade','2021-05-07 17:53:55','2021-05-07 17:53:55'),(32,'2021-05-07',NULL,6,4,13,3200,0,'없음',4,'Y','N','jade','2021-05-07 18:13:30','2021-05-07 18:13:30'),(33,'2021-05-07',NULL,6,-6,11,3200,0,'없음',4,'Y','N','jade','2021-05-07 18:14:55','2021-05-07 18:14:55'),(34,'2021-05-07',NULL,4,-6,11,100000,0,'없음',4,'N','N','jade','2021-05-07 18:16:46','2021-05-11 14:21:18'),(35,'2021-04-15',NULL,7,-8,4,100000,0,'없음',5,'Y','N','jade','2021-05-07 18:19:54','2021-05-07 18:19:54'),(36,'2021-05-07',NULL,2,-7,12,100000,0,'없음',3,'Y','N','jade','2021-05-07 18:20:50','2021-05-07 18:20:50'),(37,'2021-05-10',NULL,2,-192,2,10000,0,'테스트 샘플',3,'Y','N','jade','2021-05-10 16:12:04','2021-05-10 16:12:04'),(38,'2021-05-10',NULL,7,-12,3,30000,0,'테스트 샘플',4,'Y','N','jade','2021-05-12 15:34:40','2021-05-12 15:34:40'),(39,'2021-05-10',NULL,8,-200,7,70000,0,'테스트 샘플',8,'Y','N','jade','2021-05-12 16:01:46','2021-05-12 16:01:46'),(40,'2021-05-10',NULL,1,111,19,10000,0,'테스트 샘플',2,'Y','N','jade','2021-05-13 13:47:37','2023-10-25 18:10:43'),(41,'2021-05-10',NULL,1,-192,2,10000,0,'테스트 샘플',2,'Y','N','jade','2021-05-13 13:57:17','2021-05-13 13:57:17'),(42,'2021-05-10',NULL,1,-192,2,10000,0,'테스트 샘플',2,'Y','N','jade','2021-05-13 14:15:25','2021-05-13 14:15:25'),(43,'2021-05-10',NULL,1,-192,2,10000,0,'테스트 샘플',2,'Y','N','jade','2021-06-09 11:19:57','2021-06-09 11:19:57'),(44,'2019-06-11',NULL,11,-4,4,4000000,0,'없음',9,'Y','N','jade','2021-06-09 13:56:57','2021-06-09 13:56:57'),(45,'2021-06-01',NULL,11,4,11,3000000,0,'없음',4,'Y','N','jade','2021-06-09 13:57:47','2023-10-25 10:54:11'),(46,'2021-06-01',NULL,12,10,11,1200000,0,'없음',5,'Y','N','jade','2021-06-09 13:58:13','2021-06-09 13:58:13'),(47,'2021-06-09',NULL,10,100,10,6000000,0,'없음',6,'Y','N','jade','2021-06-09 13:58:41','2021-06-09 13:58:41'),(48,'2021-08-06',NULL,13,20,12,1000,0,'',9,'Y','N','jade','2021-08-06 16:24:27','2021-08-12 16:01:18'),(49,'2021-08-06',NULL,13,-10,15,500,0,'없음',12,'Y','N','jade','2021-08-06 16:29:04','2021-08-06 16:29:04'),(50,'2021-05-10',NULL,1,192,2,10000,0,'테스트 샘플',2,'Y','N','jade','2021-08-06 16:52:03','2021-08-06 16:52:03'),(51,'2021-05-10',NULL,2,168,1,20000,0,'테스트 샘플',3,'Y','N','jade','2021-08-06 16:52:03','2021-08-06 16:52:03'),(52,'2021-05-10',NULL,3,12,7,30000,0,'테스트 샘플',11,'Y','N','jade','2021-08-06 16:52:03','2023-10-25 10:34:41'),(53,'2021-05-10',NULL,4,120,4,40000,0,'테스트 샘플',5,'N','N','jade','2021-08-06 16:52:03','2023-10-25 11:20:40'),(54,'2021-05-10',NULL,5,19,19,500000,0,'테스트 샘플',11,'Y','N','jade','2021-08-06 16:52:03','2023-10-25 13:26:00'),(55,'2021-05-10',NULL,6,300,6,60000,0,'테스트 샘플',7,'Y','N','jade','2021-08-06 16:54:58','2021-08-06 16:54:58'),(56,'2021-05-10',NULL,7,5000,12,90000,0,'테스트 샘플',10,'Y','N','jade','2021-08-06 16:54:59','2021-08-06 16:54:59'),(57,'2021-08-12',NULL,13,5,NULL,100,0,'없음',NULL,'Y','N','jade','2021-08-12 14:14:35','2021-08-12 14:14:35'),(58,'2021-08-12',NULL,13,30,0,5000,0,'메모입니다.....',0,'Y','N','jade','2021-08-12 15:38:53','2023-10-25 13:13:45'),(59,'2021-08-12',NULL,13,3,0,500,0,'',0,'Y','N','jade','2021-08-12 15:41:17','2023-10-25 13:13:54'),(60,'2021-08-17',NULL,2,-11,7,0,0,'',12,'Y','N','jade','2021-08-17 14:32:09','2021-08-17 14:32:09'),(61,'2021-08-17',NULL,2,20,7,0,0,'',12,'Y','N','jade','2021-08-17 14:38:34','2021-08-17 14:38:34'),(62,'2021-08-17',NULL,2,-10,7,1000,0,'',12,'Y','N','jade','2021-08-17 14:39:13','2021-08-17 14:39:13'),(63,'2021-08-18',NULL,2,10,7,0,0,'',3,'Y','N','jade','2021-08-18 10:59:48','2021-08-18 10:59:48'),(64,'2021-08-18',NULL,2,-10,7,0,0,'',3,'Y','N','jade','2021-08-18 11:01:40','2021-08-18 11:01:40'),(65,'2021-08-18',NULL,1,11,7,1000,0,'',3,'Y','N','jade','2021-08-18 11:10:04','2023-07-13 11:16:07'),(66,'2023-07-11',NULL,1,10,0,1000,0,'',0,'N','N','jade','2023-07-11 14:23:27','2023-07-11 14:24:45'),(67,'2023-07-11',NULL,13,1,3,1000,0,'',11,'Y','N','jade','2023-07-11 14:32:05','2023-10-25 10:53:34'),(68,'2023-07-11',NULL,6,1,4,1000,0,'',11,'Y','N','jade','2023-07-11 14:32:05','2023-10-25 10:18:02'),(69,'2023-07-11',NULL,6,14,4,1000,0,'',11,'Y','N','jade','2023-07-11 14:32:31','2023-07-11 14:32:31'),(70,'2023-07-11',NULL,13,1,3,1000,0,'',11,'Y','N','jade','2023-07-11 14:32:31','2023-07-11 14:32:31'),(71,'2023-07-11',NULL,13,18,3,1000,0,'',11,'Y','N','jade','2023-07-11 14:33:31','2023-07-11 14:33:31'),(72,'2023-07-11',NULL,6,14,4,2000,0,'',11,'Y','N','jade','2023-07-11 14:33:31','2023-07-11 14:33:31'),(73,'2023-07-11',NULL,13,-1,15,10000,0,'',11,'Y','N','jade','2023-07-11 14:34:05','2023-07-11 14:36:21'),(74,'2023-07-11',NULL,6,12,4,15000,0,'',11,'Y','N','jade','2023-07-11 14:34:05','2023-10-25 11:01:28'),(75,'2023-11-23',NULL,6,10,4,100000,0,'',11,'Y','N','jade','2023-07-11 14:36:55','2023-10-25 11:01:42'),(76,'2023-07-11',NULL,13,1,3,10000,0,'',11,'Y','N','jade','2023-07-11 14:38:25','2023-07-11 14:38:25'),(77,'2023-07-13',NULL,19,10,1,1000,0,'',1,'Y','N','jade','2023-07-13 10:46:10','2023-07-13 10:47:52'),(78,'2023-07-13',NULL,1,10,7,0,0,'',0,'Y','N','jade','2023-07-13 13:11:09','2023-07-13 13:11:09'),(79,'2023-07-13',NULL,1,10,7,0,0,'',0,'Y','N','jade','2023-07-13 13:14:19','2023-07-13 13:14:19'),(80,'2023-07-13',NULL,1,10,7,0,0,'',1,'Y','N','jade','2023-07-13 13:48:28','2023-07-13 13:48:28'),(81,'2023-07-13',NULL,1,10,7,500,0,'',4,'Y','N','jade','2023-07-13 13:49:12','2023-07-13 13:49:12'),(82,'2023-07-13',NULL,1,10,7,0,0,'',4,'Y','N','jade','2023-07-13 13:53:27','2023-07-13 13:53:27'),(83,'2023-07-13',NULL,1,10,7,0,0,'',4,'Y','N','jade','2023-07-13 13:54:08','2023-07-13 13:54:08'),(84,'2023-07-10',NULL,1,10,7,2000,0,'',1,'Y','N','jade','2023-07-13 14:48:52','2023-11-02 17:54:57'),(85,'2023-07-08',NULL,1,10,2,2,0,'',1,'N','N','jade','2023-07-13 14:49:25','2023-11-02 17:43:09'),(86,'2023-07-13',NULL,1,100,2,10000,0,'테스트 샘플',2,'Y','N','jade','2023-07-13 15:07:58','2023-07-13 15:07:58'),(87,'2023-07-13',NULL,1,-100,2,10000,0,'테스트 샘플',2,'Y','N','jade','2023-07-13 15:08:13','2023-07-13 15:08:13'),(88,'2023-07-13',NULL,0,100,9,10000,0,'테스트 샘플',5,'Y','N','jade','2023-07-13 15:08:58','2023-10-25 14:22:16'),(89,'2023-07-14',NULL,4,-2,2,0,0,'',12,'Y','N','jade','2023-07-14 10:29:17','2023-10-26 13:32:04'),(90,'2023-09-27',NULL,14,2,1,123,0,'',1,'Y','N','jade','2023-09-27 14:56:41','2023-09-27 14:56:41'),(91,'2021-05-10',NULL,2,168,1,20000,0,'테스트 샘플',3,'Y','N','jade','2023-10-18 13:57:56','2023-10-18 13:57:56'),(92,'2021-05-10',NULL,2,168,1,30000,0,'테스트 샘플',3,'Y','N','jade','2023-10-18 14:00:55','2023-10-18 14:00:55'),(93,'2023-05-10',NULL,2,168,1,30000,0,'테스트 샘플',3,'Y','N','jade','2023-10-18 14:02:28','2023-10-18 14:02:28'),(94,'2023-05-10',NULL,2,5000,1,20000,0,'테스트 샘플',3,'Y','N','jade','2023-10-18 14:16:04','2023-10-25 13:26:21'),(95,'2023-10-25',NULL,16,0,0,0,0,'',0,'Y','N','jade','2023-10-25 09:44:33','2023-10-25 09:44:33'),(96,'2023-10-25',NULL,7,0,3,0,0,'',11,'Y','N','jade','2023-10-25 10:50:16','2023-10-25 10:50:16'),(97,'2023-10-25',NULL,10,0,2,0,0,'',1,'Y','N','jade','2023-10-25 10:50:22','2023-10-25 10:50:32'),(98,'2023-10-25',NULL,6,0,4,0,0,'',11,'Y','N','jade','2023-10-25 10:56:38','2023-10-25 10:56:38'),(99,'2023-10-25',NULL,6,0,0,0,0,'',0,'Y','N','jade','2023-10-25 11:00:39','2023-10-25 13:21:36'),(100,'2023-10-25',NULL,27,12,9,12000,0,'123123',14,'N','N','jade','2023-10-25 11:17:13','2023-10-25 11:17:30'),(101,'2023-10-25',NULL,27,666,8,25,0,'77777',4,'Y','N','jade','2023-10-25 11:18:32','2023-10-25 14:32:01'),(102,'2021-05-10',NULL,4,120,4,40000,0,'테스트 샘플',5,'Y','N','jade','2023-10-25 11:28:43','2023-10-26 13:28:44'),(103,'2023-10-25',NULL,27,0,0,0,0,'',0,'N','N','jade','2023-10-25 13:45:04','2023-10-25 14:09:45'),(104,'2023-10-25',NULL,25,1,5,1,0,'',1,'Y','N','jade','2023-10-25 15:24:22','2023-10-25 15:24:22'),(105,'2023-10-25',NULL,11,-5000,3,1000,0,'123123',1,'Y','N','jade','2023-10-25 18:11:59','2023-10-25 18:11:59'),(106,'2023-10-25',NULL,29,-10,8,2000,0,'초콜릿메모',1,'N','N','jade','2023-10-25 18:41:52','2023-10-25 18:45:09'),(107,'2023-10-25',NULL,29,-3000,12,2000,0,'',4,'Y','N','jade','2023-10-25 18:44:42','2023-10-25 19:35:15'),(108,'2023-10-25',NULL,29,-10,8,2000,0,'초콜릿 메모',1,'Y','N','jade','2023-10-25 18:46:07','2023-10-25 18:46:07'),(109,'2021-05-10',NULL,0,300,6,60000,0,'123',7,'Y','N','jade','2023-10-25 19:22:27','2023-10-25 19:22:27'),(110,'2023-05-10',NULL,0,300,6,60000,0,'123',7,'Y','N','jade','2023-10-25 19:22:58','2023-10-25 19:22:58'),(111,'2023-10-26',NULL,30,168,8,12000,0,'111',1,'Y','N','jade','2023-10-26 09:40:22','2023-10-26 09:40:22'),(112,'2023-10-26',NULL,30,168,14,222,0,'11',1,'Y','N','jade','2023-10-26 09:40:37','2023-10-26 09:40:37'),(113,'2023-10-26',NULL,30,168,15,12000,0,'',8,'Y','N','jade','2023-10-26 09:41:49','2023-10-26 09:41:49'),(114,'2023-10-26',NULL,30,-123,12,213,0,'',13,'Y','N','jade','2023-10-26 09:44:17','2023-10-26 09:44:17'),(115,'2023-10-26',NULL,30,-11,9,11,0,'',9,'Y','N','jade','2023-10-26 09:45:57','2023-10-26 09:45:57'),(116,'2023-10-26',NULL,30,-111,13,11,0,'',11,'Y','N','jade','2023-10-26 09:47:20','2023-10-26 09:47:20'),(117,'2023-10-26',NULL,30,-12,12,12000,0,'',5,'Y','N','jade','2023-10-26 09:52:30','2023-10-26 09:52:30'),(118,'2023-10-26',NULL,27,100,16,12000,0,'메모용',12,'Y','N','jade','2023-10-26 10:12:19','2023-10-26 10:12:19'),(119,'2023-10-26',NULL,27,100,5,12000,0,'22',1,'Y','N','jade','2023-10-26 10:14:11','2023-10-26 10:14:11'),(120,'2023-10-26',NULL,27,100,14,9000,0,'',9,'Y','N','jade','2023-10-26 10:14:54','2023-10-26 10:14:54'),(121,'2023-10-26',NULL,29,100,11,12000,0,'',4,'Y','N','jade','2023-10-26 10:32:28','2023-10-26 10:32:28'),(122,'2023-10-26',NULL,12,-100,14,12000,0,'',10,'Y','N','jade','2023-10-26 10:33:15','2023-10-26 10:33:15'),(123,'2023-10-26',NULL,2,90,8,90,0,'',10,'Y','N','jade','2023-10-26 10:33:41','2023-10-26 10:33:41'),(124,'2021-05-10',NULL,4,1200,4,40000,0,'테스트 샘플',5,'Y','N','jade','2023-10-26 10:44:28','2023-10-26 10:44:28'),(125,'2023-10-26',NULL,5,168,2,12000,0,'',6,'Y','N','jade','2023-10-26 12:57:27','2023-10-26 12:57:27'),(126,'2023-10-26',NULL,12,5000,3,12000,0,'',1,'Y','N','jade','2023-10-26 13:02:17','2023-10-26 13:02:17'),(127,'2023-10-26',NULL,32,-2,9,12000,0,'',3,'Y','N','jade','2023-10-26 13:05:54','2023-10-26 13:05:54'),(128,'2021-05-10',NULL,2,168,1,20000,0,'테스트 샘플',3,'Y','N','jade','2023-10-26 13:29:04','2023-10-26 13:29:04'),(129,'2023-10-26',NULL,3,-1111,14,1212,0,'',3,'Y','N','jade','2023-10-26 15:59:22','2023-10-26 15:59:22'),(130,'2023-10-26',NULL,31,20,2,1000,0,'메모1',1,'Y','N','jade','2023-10-26 17:49:04','2023-10-26 17:50:02'),(131,'2023-10-26',NULL,31,-10,2,1000,0,'메모2',1,'Y','N','jade','2023-10-26 17:49:46','2023-10-26 17:49:46'),(132,'2021-05-10',NULL,35,200,7,70000,0,'테스트 샘플',8,'N','N','jade','2023-10-26 18:12:33','2023-10-31 14:51:00'),(133,'2021-05-10',NULL,35,200,7,70000,0,'테스트 샘플',8,'N','N','jade','2023-10-26 18:12:39','2023-10-31 14:51:04'),(134,'2021-05-10',NULL,2,168,1,20000,0,'테스트 샘플',3,'Y','N','jade','2023-10-27 10:24:29','2023-10-27 10:24:29'),(135,'2023-10-30',NULL,34,120,13,2000,0,'',6,'Y','N','jade','2023-10-30 13:00:06','2023-10-30 13:00:06'),(136,'2023-10-30',NULL,33,120,12,25,0,'',5,'Y','N','jade','2023-10-30 13:00:06','2023-10-30 13:00:06'),(137,'2023-10-30',NULL,34,1,12,222,0,'',6,'Y','N','jade','2023-10-30 13:02:08','2023-10-30 13:02:08'),(138,'2023-10-30',NULL,33,1,13,333,0,'',5,'Y','N','jade','2023-10-30 13:02:08','2023-10-30 13:02:08'),(139,'2023-10-30',NULL,34,-11,1,1111,0,'111',1,'Y','N','jade','2023-10-30 14:07:35','2023-10-30 14:08:52'),(140,'2023-10-30',NULL,26,11,5,111,0,'',1,'Y','N','jade','2023-10-30 14:10:21','2023-10-30 14:10:21'),(141,'2023-10-31',NULL,35,120,12,25,0,'',6,'Y','N','jade','2023-10-31 10:12:52','2023-10-31 10:12:52'),(142,'2023-10-31',NULL,26,120,13,2,0,'',1,'Y','N','jade','2023-10-31 10:22:59','2023-10-31 10:22:59'),(143,'2023-10-31',NULL,35,1,1,222,0,'',1,'Y','N','jade','2023-10-31 10:40:19','2023-10-31 10:40:19'),(144,'2023-10-31',NULL,35,-22,1,2222,0,'',1,'Y','N','jade','2023-10-31 10:41:06','2023-10-31 10:41:06'),(145,'2021-05-10',NULL,6,300,6,60000,0,'테스트 샘플',7,'Y','N','jade','2023-10-31 10:49:57','2023-10-31 10:49:57'),(146,'2023-10-31',NULL,31,120,12,25,0,'',1,'Y','N','jade','2023-10-31 11:35:51','2023-10-31 11:35:51'),(147,'2023-10-31',NULL,27,123,2,123,0,'',11,'Y','N','jade','2023-10-31 13:13:22','2023-10-31 13:13:22'),(148,'2023-10-31',NULL,33,120,2,25,0,'',1,'Y','N','jade','2023-10-31 13:58:41','2023-10-31 13:58:41'),(149,'2023-10-31',NULL,31,5000,12,200000,0,'',1,'Y','N','jade','2023-10-31 14:50:11','2023-10-31 14:50:11'),(150,'2023-10-31',NULL,35,5000,13,12000,0,'',6,'N','N','jade','2023-10-31 14:50:33','2023-10-31 14:50:55'),(151,'2021-05-10',NULL,0,200,7,70000,0,'테스트 샘플',8,'Y','N','jade','2023-10-31 17:23:12','2023-10-31 17:23:12'),(152,'2021-05-10',NULL,0,200,7,70000,0,'테스트 샘플',8,'Y','N','jade','2023-10-31 17:24:10','2023-10-31 17:24:10'),(153,'2021-05-10',NULL,0,1400,8,800000,0,'테스트 샘플',9,'Y','N','jade','2023-10-31 17:24:58','2023-10-31 17:24:58'),(154,'2021-05-10',NULL,36,168,1,20000,0,'테스트 샘플',3,'Y','N','jade','2023-10-31 17:25:57','2023-10-31 17:25:57'),(155,'2021-05-10',NULL,36,192,5,10000,0,'테스트 샘플',2,'Y','N','jade','2023-10-31 17:33:27','2023-10-31 17:33:27'),(156,'2021-05-10',NULL,NULL,192,2,10000,0,'테스트 샘플',2,'Y','N','jade','2023-11-01 10:53:31','2023-11-01 10:53:31'),(157,'2023-05-10',NULL,NULL,192,2,10000,0,'테스트 샘플',2,'Y','N','jade','2023-11-01 10:55:38','2023-11-01 10:55:38'),(158,'2023-11-10',NULL,NULL,192,2,10000,0,'테스트 샘플',2,'Y','N','jade','2023-11-01 10:56:44','2023-11-01 10:56:44'),(159,'2023-11-10',NULL,NULL,192,2,10000,0,'테스트 샘플',2,'Y','N','jade','2023-11-01 11:00:11','2023-11-01 11:00:11'),(160,'2023-05-10',NULL,NULL,192,2,10000,0,'테스트 샘플',2,'Y','N','jade','2023-11-01 11:02:01','2023-11-01 11:02:01'),(161,'2023-11-10',NULL,1,192,2,10000,0,'테스트 샘플',2,'Y','N','jade','2023-11-01 11:10:19','2023-11-01 11:10:19'),(162,'2023-11-11',NULL,1,1920,2,10000,0,'테스트 샘플',2,'Y','N','jade','2023-11-01 11:13:02','2023-11-01 11:13:02'),(163,'2023-11-01',NULL,35,5000,12,2000,0,'',1,'Y','N','jade','2023-11-01 11:14:41','2023-11-01 11:14:41'),(164,'2023-11-01',NULL,34,5000,12,2000,0,'',1,'Y','N','jade','2023-11-01 11:14:41','2023-11-01 11:14:41'),(165,'2023-11-01',NULL,34,120,4,25,0,'',11,'Y','N','jade','2023-11-01 14:01:39','2023-11-01 14:01:39'),(166,'2023-11-01',NULL,35,120,12,2000,0,'',1,'Y','N','jade','2023-11-01 14:04:44','2023-11-01 14:04:44'),(167,'2023-11-02',NULL,16,9,15,3900,0,'',1,'Y','N','jade','2023-11-02 17:13:57','2023-11-02 17:13:57'),(168,'2023-11-02',NULL,16,5000,12,200000,0,'',1,'Y','N','jade','2023-11-02 17:16:21','2023-11-02 17:16:21'),(169,'2023-11-02',NULL,16,5000,9,2000,0,'',1,'Y','N','jade','2023-11-02 17:35:04','2023-11-02 17:52:05'),(170,'2023-11-02',NULL,33,123,3,123,0,'123',2,'N','N','jade','2023-11-02 17:45:06','2023-11-02 17:45:06'),(171,'2023-11-02',NULL,16,123,9,123,0,'123',1,'Y','N','jade','2023-11-02 17:46:49','2023-11-02 17:46:49'),(172,'2023-11-02',NULL,30,123,6,123,0,'123',2,'N','Y','jade','2023-11-02 17:50:41','2023-11-02 17:50:47'),(173,'2023-11-02',NULL,30,123,3,213,0,'123',1,'N','Y','jade','2023-11-02 17:51:17','2023-11-02 17:51:17'),(174,'2023-11-03',NULL,31,120,12,200000,0,'',1,'Y','N','jade','2023-11-03 09:53:28','2023-11-03 09:53:28'),(175,'2023-11-03',NULL,6,120,4,2000,0,'',1,'Y','N','jade','2023-11-03 09:53:28','2023-11-03 09:53:28'),(176,'2023-11-03',NULL,1,123,7,123,0,'',1,'Y','Y','jade','2023-11-03 10:04:09','2023-11-03 10:04:09'),(177,'2023-11-03',NULL,1,444,7,444,0,'',8,'Y','N','jade','2023-11-03 10:07:57','2023-11-03 10:07:57'),(178,'2023-11-03',NULL,1,44444444,7,44444444,0,'',6,'Y','Y','jade','2023-11-03 10:08:15','2023-11-03 10:08:15'),(179,'2021-05-10',NULL,25,2,192,10000,0,'테스트 샘플',2,'Y','N','jade','2023-11-03 10:09:41','2023-11-03 10:09:41'),(180,'2021-05-10',NULL,25,2,192,10000,0,'테스트 샘플',2,'Y','N','jade','2023-11-03 10:10:16','2023-11-03 10:10:16'),(181,'2023-05-10',NULL,25,2,192,10000,0,'테스트 샘플',2,'Y','N','jade','2023-11-03 10:12:39','2023-11-03 10:12:39'),(182,'2021-05-10',NULL,2,3,168,20000,0,'테스트 샘플',1,'Y','N','jade','2023-11-03 10:18:37','2023-11-03 10:18:37'),(183,'2021-05-10',NULL,2,3,168,20000,0,'테스트 샘플',1,'Y','N','jade','2023-11-03 10:19:37','2023-11-03 10:19:37'),(184,'2021-05-10',NULL,2,168,1,20000,0,'테스트 샘플',3,'Y','N','jade','2023-11-03 10:24:36','2023-11-03 10:24:36'),(185,'2021-05-10',NULL,2,168,12,20000,0,'테스트 샘플',3,'Y','N','jade','2023-11-03 10:25:11','2023-11-03 10:25:11'),(186,'2023-11-03',NULL,34,123,12,123,0,'',5,'Y','Y','jade','2023-11-03 10:57:46','2023-11-03 10:57:46'),(187,'2023-11-03',NULL,30,123,2,123,0,'122',5,'Y','Y','jade','2023-11-03 11:06:55','2023-11-03 11:06:55'),(188,'2023-11-03',NULL,31,123,1,123,0,'',7,'Y','Y','jade','2023-11-03 11:13:37','2023-11-03 11:13:37'),(189,'2023-11-03',NULL,39,444,12,444,0,'123',9,'Y','Y','jade','2023-11-03 11:13:50','2023-11-03 11:13:50'),(190,'2023-11-03',NULL,39,123,15,123,0,'123',4,'Y','Y','jade','2023-11-03 11:14:20','2023-11-03 11:14:20'),(191,'2023-11-03',NULL,39,12,12,12,0,'12',10,'Y','Y','jade','2023-11-03 11:17:43','2023-11-03 11:17:43'),(192,'2023-11-03',NULL,39,123,11,123,0,'',7,'Y','Y','jade','2023-11-03 11:20:26','2023-11-03 11:20:26'),(193,'2023-11-03',NULL,39,-123,7,123,0,'',1,'Y','Y','jade','2023-11-03 14:26:14','2023-11-03 14:26:14'),(194,'2023-11-05',NULL,39,-300,12,1000,0,'',5,'Y','Y','jade','2023-11-05 00:32:59','2023-11-05 00:32:59'),(195,'2023-11-09','',39,123,7,123,0,'',9,'Y','N','jade','2023-11-09 14:05:59','2023-11-09 14:05:59'),(196,'2023-11-09','',25,123,7,123,0,'',9,'Y','N','jade','2023-11-09 14:05:59','2023-11-09 14:05:59'),(197,'2023-11-09','',36,123,3,40000,0,'',2,'Y','N','jade','2023-11-09 14:38:30','2023-11-09 14:38:30'),(198,'2023-11-09','',25,10,3,3900,0,'',2,'Y','N','jade','2023-11-09 14:38:30','2023-11-09 14:38:30'),(199,'2023-11-12','',50,-123,3,123,0,'',2,'Y','Y','jade','2023-11-12 19:31:53','2023-11-12 19:31:53'),(200,'2023-11-12','',26,-123,5,123,0,'',2,'Y','Y','jade','2023-11-12 19:32:06','2023-11-12 19:32:06'),(201,'2023-11-12','',4,-123,2,123,0,'',12,'Y','Y','jade','2023-11-12 19:33:21','2023-11-12 19:33:21'),(202,'2023-11-12','',40,123,12,123,0,'',5,'Y','N','jade','2023-11-12 19:38:53','2023-11-12 19:38:53'),(203,'2023-11-12','',29,123,10,123,0,'',4,'Y','Y','jade','2023-11-12 19:39:11','2023-11-12 19:39:22'),(204,'2023-11-12','',12,123123,9,123123,0,'',4,'Y','Y','jade','2023-11-12 19:49:50','2023-11-12 19:49:50'),(205,'2023-11-12','',6,123,4,123,0,'',11,'Y','N','jade','2023-11-12 19:56:39','2023-11-12 19:56:39');
/*!40000 ALTER TABLE `tblProductInOut` ENABLE KEYS */;
UNLOCK TABLES;

--
-- Table structure for table `tblResource`
--

DROP TABLE IF EXISTS `tblResource`;
/*!40101 SET @saved_cs_client     = @@character_set_client */;
/*!40101 SET character_set_client = utf8 */;
CREATE TABLE `tblResource` (
  `resrcCd` int(11) NOT NULL AUTO_INCREMENT COMMENT '자재 코드',
  `resrcNm` varchar(300) DEFAULT '' COMMENT '자재명',
  `resrcType` varchar(5) DEFAULT '' COMMENT '자재분류(원/부)',
  `maker` varchar(50) DEFAULT '' COMMENT '제조사',
  `unit` varchar(5) DEFAULT '' COMMENT '단위',
  `quality` varchar(50) DEFAULT '' COMMENT '재질',
  `option1` varchar(50) DEFAULT '' COMMENT '규격',
  `option2` varchar(50) DEFAULT '' COMMENT '사양',
  `protectedQty` INT(10), DEFAULT '0' COMMENT '안전재고',
  `unitPrice` decimal(18,0) DEFAULT '0' COMMENT '표준단가',
  `houseCd` int(11) DEFAULT '0' COMMENT '창고',
  `compCd` int(11) DEFAULT '0' COMMENT '기본거래처',
  `remark` varchar(3000) DEFAULT '' COMMENT '비고',
  `barcode` varchar(8) DEFAULT '' COMMENT '바코드(R+prodCd, 빈자리 0으로채움)',
  `flagYN` varchar(1) DEFAULT 'Y' COMMENT '삭제여부(Y:유효/N:삭제)',
  `issueID` varchar(20) DEFAULT '' COMMENT '최종저장자',
  `regDate` datetime DEFAULT NULL COMMENT '최초저장일',
  `issueDate` datetime DEFAULT NULL COMMENT '최종저장일',
  PRIMARY KEY (`resrcCd`)
) ENGINE=InnoDB AUTO_INCREMENT=23 DEFAULT CHARSET=utf8 ROW_FORMAT=COMPACT COMMENT='자재관리';
/*!40101 SET character_set_client = @saved_cs_client */;

--
-- Dumping data for table `tblResource`
--

LOCK TABLES `tblResource` WRITE;
/*!40000 ALTER TABLE `tblResource` DISABLE KEYS */;
INSERT INTO `tblResource` VALUES (1,'PLC-K3.0','O','제조사','EA','좋은재질k','사양 1','사양 2',10,350200,7,0,NULL,'S0000010','Y','jade','2021-04-21 17:53:29','2021-05-21 15:29:58'),(2,'94AH Anvil','S','주문형','문','Silver','','삧갈 고운 외관',30,3500000,11,0,'','S0000020','Y','jade','2021-04-21 19:34:19','2023-11-12 19:30:53'),(3,'SKD 11','O','주문','개','실리콘','보수전용','외부크랙',20,35200,12,0,NULL,'S0000030','Y','jade','2021-04-26 17:23:24','2021-05-21 15:30:02'),(4,'보쉬 드라이버드릴 헤더 GSR120-LI','O','메이슨','개','쇠','','',200,15000,3,0,NULL,'S0000040','Y','jade','2021-04-30 14:15:18','2021-05-21 15:29:24'),(5,'알루미늄 케이스 KE-483513 가방','S','메이슨','개','알루미늄','','',30,35000,2,0,NULL,'S0000050','N','jade','2021-04-30 14:58:10','2021-05-11 15:03:11'),(6,'11mm 환봉','S','닌텐도','개','플라스틱','','',4,150000,0,0,'','S0000060','Y','jade','2021-04-30 15:00:54','2023-10-26 17:58:54'),(7,'외곽 하드 케이스 커버','S','메이슨','개','쇠','','',300,14000,7,0,NULL,'S0000070','Y','jade','2021-04-30 15:07:59','2021-05-21 15:30:13'),(8,'쓲쓲메모지','O','유한종이','장','종이','닥종이','튼튼페이퍼',5500,3000,9,0,NULL,'S0000080','Y','jade','2021-05-11 14:33:11','2021-05-21 15:30:05'),(9,'S Note Pen','O','삼성','개','쇠','2*2*2','최고',200,10000,6,2,'안녕하세요','S0000090','N','jade','2021-08-18 14:42:30','2021-08-19 10:37:43'),(10,'테스트 자재','','','','','','',0,15000,7,0,NULL,'S0000100','N','jade','2023-07-11 15:49:29','2023-07-11 15:49:37'),(11,'테스트 자재','','','','','','',0,0,1,0,NULL,'S0000110','Y','jade','2023-07-13 16:05:06','2023-07-13 16:05:06'),(12,'테스트 자재2','','','','','','',0,0,2,0,NULL,'S0000120','Y','jade','2023-07-13 16:07:54','2023-07-13 16:07:54'),(13,'딜리코 제품','','딜리코','대','플라스틱',NULL,NULL,20,830000,1,0,NULL,'S0000130','Y','jade','2023-07-14 11:25:46','2023-07-14 11:25:46'),(14,'딜리코 제품2','','딜리코','대','플라스틱','','',10,50000,0,0,'','S0000140','N','jade','2023-07-14 11:26:35','2023-10-26 17:59:57'),(15,'핑크 단추','S','나이키','개','핑크','작음','그냥그럼',10,1000,6,0,'메모','S0000150','Y','jade','2023-10-26 17:58:04','2023-10-30 10:30:57'),(16,'테스트 자재','','딜리코','대','플라스틱',NULL,NULL,20,830000,1,0,NULL,'S0000160','Y','jade','2023-10-26 18:05:27','2023-10-26 18:05:27'),(17,'테스트 자재1','','딜리코','대','플라스틱',NULL,NULL,20,830000,1,0,NULL,'S0000170','Y','jade','2023-10-26 18:05:50','2023-10-26 18:05:50'),(18,'테스트 자재2','','삼성','대','반도체',NULL,NULL,300,1180000,2,0,NULL,'S0000180','Y','jade','2023-10-26 18:05:50','2023-11-12 21:06:06'),(19,'명함','O','메이슨','EA','플라스틱','큰 사이즈','사양 2',200,12000,9,0,'메모','S0000190','Y','jade','2023-10-27 10:14:05','2023-10-27 10:14:05'),(20,'커피콩','','딜리코','대','플라스틱','콩',NULL,20,830000,1,0,NULL,'S0000200','Y','jade','2023-10-27 10:23:10','2023-10-27 10:23:10'),(21,'껌','','삼성','대','반도체','',NULL,300,1180000,2,0,NULL,'S0000210','Y','jade','2023-10-27 10:23:10','2023-10-27 10:23:10'),(22,'애벌레 자재','O','딜리코','대','플라스틱','EA','대',20,830000,12,0,NULL,'S0000220','Y','jade','2023-11-09 13:32:03','2023-11-09 13:32:03');
/*!40000 ALTER TABLE `tblResource` ENABLE KEYS */;
UNLOCK TABLES;

/**************************************************************************************************/
DROP TABLE IF EXISTS `tblResourceInOut`;
/*!40101 SET @saved_cs_client     = @@character_set_client */;
/*!40101 SET character_set_client = utf8 */;
CREATE TABLE `tblResourceInOut` (
  `inOutSeq` int(11) unsigned NOT NULL AUTO_INCREMENT COMMENT '입출고 시퀀스',
  `inOutDt` varchar(10) DEFAULT '' COMMENT '일자',
  `inOut` varchar(10) DEFAULT '' COMMENT '입출고',
  `resrcCd` int(11) DEFAULT '0' COMMENT '제품 시퀀스',
  `qty` int(11) DEFAULT '0' COMMENT '수량',
  `houseCd` int(11) DEFAULT '0' COMMENT '창고',
  `unitPrice` decimal(15,0) DEFAULT '0' COMMENT '단가',
  `supplyPrice` decimal(15,0) DEFAULT '0' COMMENT '공급가',
  `remark` varchar(1000) DEFAULT '' COMMENT '용처',
  `compCd` int(11) DEFAULT '0' COMMENT '거래처 코드',
  `flagYN` varchar(1) DEFAULT 'Y' COMMENT '삭제여부(Y:유효/N:삭제)',
  `planYN` varchar(1) DEFAULT 'N' COMMENT '입출고예정여부',
  `issueID` varchar(20) DEFAULT NULL COMMENT '최종저장자',
  `regDate` datetime DEFAULT NULL COMMENT '최초저장일',
  `issueDate` datetime DEFAULT NULL COMMENT '최종저장일',
  PRIMARY KEY (`inOutSeq`)
) ENGINE=InnoDB AUTO_INCREMENT=73 DEFAULT CHARSET=utf8 ROW_FORMAT=COMPACT COMMENT='제품입출고관리';
/*!40101 SET character_set_client = @saved_cs_client */;

--
-- Dumping data for table `tblResourceInOut`
--

LOCK TABLES `tblResourceInOut` WRITE;
/*!40000 ALTER TABLE `tblResourceInOut` DISABLE KEYS */;
INSERT INTO `tblResourceInOut` VALUES (1,'2021-04-26',NULL,1,5,1,350200,0,'입출고 Test',12,'N','N','jade','2021-04-26 16:31:28','2021-04-29 10:09:36'),(2,'2021-04-27',NULL,2,5,2,200000,0,'출고',11,'Y','N','jade','2021-04-27 10:51:46','2021-04-27 11:21:47'),(3,'2021-04-15',NULL,2,6,13,100000,0,'없음',9,'Y','N','jade','2021-04-27 11:14:09','2021-05-04 12:26:11'),(4,'2021-04-08',NULL,2,2,2,200000,0,'입고',12,'N','N','jade','2021-04-27 11:15:02','2021-04-29 10:12:27'),(5,'2021-04-29',NULL,8,-1,3,25000,0,'없음',12,'N','N','jade','2021-04-29 17:30:10','2021-05-11 14:20:36'),(6,'2021-04-29',NULL,2,2,5,3200,0,NULL,12,'Y','N','jade','2021-04-29 17:30:10','2021-05-03 14:49:10'),(7,'2021-04-29',NULL,3,-3,5,25000,0,'연습장비출고',5,'Y','N','jade','2021-04-29 17:30:10','2021-04-29 17:30:10'),(8,'2021-04-29',NULL,1,4,6,3200,0,'없음',9,'Y','N','jade','2021-04-29 17:30:10','2021-05-04 12:26:02'),(9,'2021-04-29',NULL,8,5,7,3400,0,'없음',2,'N','N','jade','2021-04-29 17:30:10','2021-05-11 14:20:55'),(10,'2021-04-29',NULL,3,6,8,25000,0,'없음',3,'Y','N','jade','2021-04-29 17:30:10','2021-05-04 16:42:23'),(11,'2021-04-29',NULL,3,7,9,3200,0,'없음',4,'Y','N','jade','2021-04-29 17:30:10','2021-05-04 16:35:14'),(12,'2021-04-29',NULL,3,8,10,3200,0,'없음',5,'Y','N','jade','2021-04-29 17:30:10','2021-05-04 16:43:50'),(13,'2021-04-29',NULL,3,-9,11,22000,0,'연습장비입고',12,'Y','N','jade','2021-04-29 17:30:10','2021-04-29 17:30:10'),(14,'2021-05-10',NULL,4,2,12,150000,0,'없음',6,'N','N','jade','2021-05-03 14:49:50','2021-05-11 15:02:13'),(15,'2021-05-02',NULL,2,2,10,150000,0,'없음',6,'Y','N','jade','2021-05-03 15:22:38','2021-05-04 16:35:23'),(16,'2021-04-14',NULL,7,5,3,15000,0,'없음',6,'Y','N','jade','2021-05-03 15:26:32','2021-05-03 15:26:32'),(17,'2021-04-27',NULL,5,5,5,200000,0,'없음',2,'Y','N','jade','2021-05-03 15:27:48','2021-05-03 15:27:48'),(18,'2021-04-08',NULL,5,2,3,350200,0,'없음',6,'Y','N','jade','2021-05-03 15:32:54','2021-05-03 15:32:54'),(19,'2021-04-08',NULL,2,7,7,150000,0,'없음',4,'N','N','jade','2021-05-03 15:39:21','2021-05-04 16:48:44'),(20,'2021-04-08',NULL,7,7,8,15000,0,'없음',7,'Y','N','jade','2021-05-03 15:42:47','2021-05-04 12:26:19'),(21,'2021-04-20',NULL,6,7,9,350200,0,'없음',9,'Y','N','jade','2021-05-04 16:20:57','2023-07-13 16:29:53'),(22,'2021-05-31',NULL,2,9,6,200000,0,'없음',11,'Y','N','jade','2021-05-04 16:23:24','2021-05-04 16:23:24'),(23,'2021-05-26',NULL,6,8,4,3500000,0,'없음',11,'Y','N','jade','2021-05-04 16:29:02','2023-07-13 16:29:44'),(24,'2021-05-25',NULL,7,8,7,3500000,0,'없음',12,'Y','N','jade','2021-05-04 16:29:58','2021-05-04 16:29:58'),(25,'2021-05-05',NULL,2,200,7,30000,0,'없음',12,'Y','N','jade','2021-05-05 20:01:45','2021-05-05 20:01:45'),(26,'2021-05-05',NULL,3,1000,7,400000,0,'없음',11,'Y','N','jade','2021-05-05 20:01:45','2021-05-05 20:01:45'),(27,'2021-05-05',NULL,7,13,3,10000000,0,'없음',11,'Y','N','jade','2021-05-05 20:01:45','2021-05-05 20:01:45'),(28,'2021-05-05',NULL,7,10,3,500000,0,'없음',9,'Y','N','jade','2021-05-05 20:37:49','2021-05-05 20:37:49'),(29,'2021-05-05',NULL,3,230,7,300000,0,'없음',12,'Y','N','jade','2021-05-05 20:37:49','2021-05-05 20:37:49'),(30,'2021-05-26',NULL,2,8,NULL,3200,0,'없음',4,'Y','N','jade','2021-05-07 17:52:15','2021-05-07 17:52:15'),(31,'2021-04-03',NULL,1,6,NULL,600000,0,'없음',2,'Y','N','jade','2021-05-07 17:53:55','2021-05-07 17:53:55'),(32,'2021-05-07',NULL,6,4,13,3200,0,'없음',4,'Y','N','jade','2021-05-07 18:13:30','2021-05-07 18:13:30'),(33,'2021-05-07',NULL,6,-6,11,3200,0,'없음',4,'Y','N','jade','2021-05-07 18:14:55','2023-07-11 15:50:45'),(34,'2021-05-07',NULL,8,-6,11,100000,0,'없음',4,'N','N','jade','2021-05-07 18:16:46','2021-05-11 14:21:07'),(35,'2021-04-15',NULL,7,-8,4,100000,0,'없음',5,'N','N','jade','2021-05-07 18:19:54','2021-05-11 15:02:03'),(36,'2021-05-07',NULL,2,-7,12,100000,0,'없음',3,'Y','N','jade','2021-05-07 18:20:50','2021-05-07 18:20:50'),(37,'2021-05-13',NULL,8,4,9,3200,0,'없음',3,'N','N','jade','2021-05-11 14:36:14','2021-05-11 14:36:14'),(38,'2021-05-22',NULL,8,8,13,100000,0,'없음',3,'N','N','jade','2021-05-11 14:38:49','2021-05-11 14:38:49'),(39,'2021-05-01',NULL,8,6,11,100000,0,'없음',3,'Y','N','jade','2021-05-11 14:43:35','2021-05-11 14:43:35'),(40,'2021-05-08',NULL,4,9,7,3500000,0,'없음',4,'Y','N','jade','2021-05-11 15:02:51','2021-05-11 15:02:51'),(41,'2021-05-10',NULL,4,-192,2,10000,0,'없음',0,'Y','N','jade','2021-05-12 15:00:42','2021-05-12 15:00:42'),(42,'2021-05-10',NULL,8,-200,7,70000,0,'테스트 샘플',8,'Y','N','jade','2021-05-12 16:01:10','2021-05-12 16:01:10'),(43,'2021-05-10',NULL,5,-19,5,500000,0,'테스트 샘플',6,'Y','N','jade','2021-05-12 16:03:18','2021-05-12 16:03:18'),(44,'2021-05-10',NULL,2,-168,1,20000,0,'테스트 샘플',3,'Y','N','jade','2021-05-13 14:18:58','2021-05-13 14:18:58'),(45,'2021-06-30',NULL,4,-100,5,3500000,0,'없음',11,'N','N','jade','2021-06-30 11:04:30','2021-06-30 11:05:56'),(46,'2021-06-30',NULL,4,100,5,300000,0,'없음',NULL,'Y','N','jade','2021-06-30 11:06:29','2021-06-30 11:06:29'),(47,'2023-07-11',NULL,6,-3,1,1500,0,'없음',1,'N','N','jade','2023-07-11 15:51:17','2023-07-11 15:51:34'),(48,'2023-07-13',NULL,6,-100,NULL,10,0,'없음',NULL,'Y','N','jade','2023-07-13 17:27:25','2023-07-13 17:27:25'),(49,'2023-07-12',NULL,2,3,1,0,0,'',1,'Y','N','jade','2023-07-14 10:44:29','2023-07-14 10:44:29'),(50,'2023-07-12',NULL,6,7,1,0,0,'',1,'Y','N','jade','2023-07-14 10:44:29','2023-07-14 10:44:29'),(51,'2023-07-12',NULL,2,-10,1,0,0,'',1,'Y','N','jade','2023-07-14 10:45:39','2023-07-14 10:45:39'),(52,'2023-07-14',NULL,0,100,7,500,0,'테스트 샘플',8,'Y','N','jade','2023-07-14 10:58:39','2023-07-14 10:58:39'),(53,'2023-07-14',NULL,0,1000,2,10000,0,'테스트 샘플',2,'Y','N','jade','2023-07-14 11:00:50','2023-07-14 11:00:50'),(54,'2023-07-14',NULL,8,100,7,500,0,'테스트 샘플',8,'Y','N','jade','2023-07-14 11:03:53','2023-07-14 11:03:53'),(55,'2023-07-14',NULL,8,1002,7,500,0,'테스트 샘플',8,'Y','N','jade','2023-07-14 11:04:34','2023-07-14 11:04:34'),(56,'2023-09-12',NULL,NULL,100,NULL,2000,0,'없음',NULL,'Y','N','jade','2023-09-12 09:16:43','2023-09-12 09:16:43'),(57,'2023-09-12',NULL,NULL,100,NULL,10000,0,'없음',NULL,'Y','N','jade','2023-09-12 16:09:26','2023-09-12 16:09:26'),(58,'2023-09-12',NULL,NULL,150,NULL,1000,0,'없음',13,'Y','N','jade','2023-09-12 16:13:12','2023-09-12 16:13:12'),(59,'2023-05-10',NULL,0,9000,2,10000,0,'테스트 샘플',2,'Y','N','jade','2023-10-18 14:16:37','2023-10-18 14:16:37'),(60,'2023-10-26',NULL,8,168,16,12000,0,'',1,'Y','N','jade','2023-10-26 15:58:57','2023-10-26 15:58:57'),(61,'2023-10-26',NULL,11,-10,13,12000,0,'1222',2,'Y','N','jade','2023-10-26 17:16:59','2023-10-26 17:16:59'),(62,'2023-10-26',NULL,15,10,7,100,0,'메모',1,'Y','N','jade','2023-10-26 18:02:03','2023-10-26 18:02:19'),(63,'2023-10-26',NULL,15,-10,4,200,0,'메모',14,'Y','N','jade','2023-10-26 18:02:54','2023-10-26 18:02:54'),(64,'2023-10-27',NULL,19,4800,9,12000,0,'2',1,'Y','N','jade','2023-10-27 10:14:32','2023-10-27 10:14:32'),(65,'2023-10-27',NULL,19,-100,9,12000,0,'',1,'Y','N','jade','2023-10-27 10:15:22','2023-10-27 10:15:22'),(66,'2021-05-10',NULL,0,168,1,20000,0,'테스트 샘플',3,'Y','N','jade','2023-10-27 10:24:03','2023-10-27 10:24:03'),(67,'2021-05-10',NULL,0,12,3,30000,0,'테스트 샘플',4,'Y','N','jade','2023-10-27 10:24:49','2023-10-27 10:24:49'),(68,'2023-10-30',NULL,18,120,13,123,0,'123',2,'Y','N','jade','2023-10-30 10:27:30','2023-10-30 10:27:30'),(69,'2021-05-10',NULL,19,192,5,10000,0,'테스트 샘플',2,'Y','N','jade','2023-10-30 11:08:39','2023-10-30 11:08:39'),(70,'2023-11-09','',22,5,12,5,0,'',9,'Y','N','jade','2023-11-09 14:26:28','2023-11-09 14:26:28'),(71,'2023-11-12','',1,3333,7,33333,0,'',5,'Y','Y','jade','2023-11-12 19:49:15','2023-11-12 19:49:15'),(72,'2023-11-12','',15,-123123,6,123123,0,'',3,'Y','Y','jade','2023-11-12 19:49:32','2023-11-12 19:49:32');
/*!40000 ALTER TABLE `tblResourceInOut` ENABLE KEYS */;
UNLOCK TABLES;

/**************************************************************************************************/
DROP TABLE IF EXISTS `tblShipItems`;
/*!40101 SET @saved_cs_client     = @@character_set_client */;
/*!40101 SET character_set_client = utf8 */;
CREATE TABLE `tblShipItems` (
  `shipCd` int(11) unsigned NOT NULL COMMENT '출하코드',
  `inOutSeq` int(11) unsigned DEFAULT '0' COMMENT '입출고 시퀀스',
  `flagYN` varchar(1) DEFAULT 'Y' COMMENT '삭제여부(Y:유효/N:삭제)',
  `issueID` varchar(20) DEFAULT '' COMMENT '최종저장자',
  `regDate` datetime DEFAULT NULL COMMENT '최초저장일',
  `issueDate` datetime DEFAULT NULL COMMENT '최종저장일',
  UNIQUE KEY `UNIQUE` (`inOutSeq`,`shipCd`)
) ENGINE=InnoDB DEFAULT CHARSET=utf8 COMMENT='출하 목록 관리';
/*!40101 SET character_set_client = @saved_cs_client */;

--
-- Dumping data for table `tblShipItems`
--

LOCK TABLES `tblShipItems` WRITE;
/*!40000 ALTER TABLE `tblShipItems` DISABLE KEYS */;
INSERT INTO `tblShipItems` VALUES (0,139,'Y','jade','2023-11-05 12:25:43','2023-11-05 12:25:43'),(7,117,'Y','jade','2023-11-05 12:25:43','2023-11-05 12:25:43'),(100,117,'Y','jade','2023-11-05 12:45:17','2023-11-05 12:45:17'),(100,131,'Y','jade','2023-11-05 12:45:17','2023-11-05 12:45:17'),(100,144,'Y','jade','2023-11-05 12:45:17','2023-11-05 12:45:17'),(102,127,'Y','jade','2023-11-05 12:55:53','2023-11-05 12:55:53'),(102,131,'Y','jade','2023-11-05 12:55:53','2023-11-05 12:55:53'),(104,122,'Y','jade','2023-11-05 12:57:09','2023-11-05 12:57:09'),(104,193,'Y','jade','2023-11-05 12:57:09','2023-11-05 12:57:09'),(104,194,'Y','jade','2023-11-05 12:57:09','2023-11-05 12:57:09'),(105,114,'Y','jade','2023-11-05 12:59:17','2023-11-05 12:59:17'),(105,116,'Y','jade','2023-11-05 12:59:17','2023-11-05 12:59:17'),(105,122,'Y','jade','2023-11-05 12:59:17','2023-11-05 12:59:17'),(105,139,'Y','jade','2023-11-05 12:59:17','2023-11-05 12:59:17'),(105,144,'Y','jade','2023-11-05 12:59:17','2023-11-05 12:59:17'),(107,105,'N','jade','2023-11-05 13:06:07','2023-11-05 13:06:07'),(107,116,'N','jade','2023-11-05 13:06:07','2023-11-05 13:06:07'),(107,127,'N','jade','2023-11-05 13:06:07','2023-11-05 13:06:07'),(107,144,'N','jade','2023-11-05 13:06:07','2023-11-05 13:06:07'),(108,116,'Y','jade','2023-11-05 13:06:52','2023-11-05 13:06:52'),(161,131,'Y','jade','2023-11-09 17:30:36','2023-11-09 17:30:36'),(161,144,'Y','jade','2023-11-09 17:30:36','2023-11-09 17:30:36'),(162,194,'Y','jade','2023-11-12 10:54:19','2023-11-12 10:54:19'),(162,139,'Y','jade','2023-11-12 10:54:19','2023-11-12 10:54:19');
/*!40000 ALTER TABLE `tblShipItems` ENABLE KEYS */;
UNLOCK TABLES;

/**************************************************************************************************/
DROP TABLE IF EXISTS `tblShipPlan`;
/*!40101 SET @saved_cs_client     = @@character_set_client */;
/*!40101 SET character_set_client = utf8 */;
CREATE TABLE `tblShipPlan` (
  `shipCd` int(11) unsigned NOT NULL COMMENT '출하코드',
  `inOutSeq` int(11) unsigned DEFAULT '0' COMMENT '입출고 시퀀스',
  `flagYN` varchar(1) DEFAULT 'Y' COMMENT '삭제여부(Y:유효/N:삭제)',
  `issueID` varchar(20) DEFAULT '' COMMENT '최종저장자',
  `regDate` datetime DEFAULT NULL COMMENT '최초저장일',
  `issueDate` datetime DEFAULT NULL COMMENT '최종저장일',
  UNIQUE KEY `UNIQUE` (`inOutSeq`,`shipCd`)
) ENGINE=InnoDB DEFAULT CHARSET=utf8 COMMENT='출하 계획 관리';
/*!40101 SET character_set_client = @saved_cs_client */;

--
-- Dumping data for table `tblShipPlan`
--

LOCK TABLES `tblShipPlan` WRITE;
/*!40000 ALTER TABLE `tblShipPlan` DISABLE KEYS */;
INSERT INTO `tblShipPlan` VALUES (160,117,'Y','jade','2023-11-09 17:02:04','2023-11-09 17:02:04'),(160,108,'Y','jade','2023-11-09 17:02:04','2023-11-09 17:02:04'),(160,139,'Y','jade','2023-11-09 17:02:04','2023-11-09 17:02:04'),(160,122,'Y','jade','2023-11-09 17:02:04','2023-11-09 17:02:04'),(163,114,'Y','jade','2023-11-12 10:55:22','2023-11-12 10:55:22'),(163,122,'Y','jade','2023-11-12 10:55:22','2023-11-12 10:55:22'),(163,106,'Y','jade','2023-11-12 10:55:22','2023-11-12 10:55:22'),(164,117,'Y','jade','2023-11-12 10:55:42','2023-11-12 10:55:42'),(164,131,'Y','jade','2023-11-12 10:55:42','2023-11-12 10:55:42'),(164,127,'Y','jade','2023-11-12 10:55:42','2023-11-12 10:55:42');
/*!40000 ALTER TABLE `tblShipPlan` ENABLE KEYS */;
UNLOCK TABLES;

/**************************************************************************************************/
DROP TABLE IF EXISTS `tblShipping`;
/*!40101 SET @saved_cs_client     = @@character_set_client */;
/*!40101 SET character_set_client = utf8 */;
CREATE TABLE `tblShipping` (
  `shipCd` int(11) unsigned NOT NULL AUTO_INCREMENT COMMENT '출하코드',
  `shipDt` varchar(10) DEFAULT '' COMMENT '출하일',
  `shipMajor` varchar(50) DEFAULT '' COMMENT '출하 담당자',
  `toMajor` varchar(50) DEFAULT '' COMMENT '거래처 담당자',
  `toPhone` varchar(20) DEFAULT '' COMMENT '거래처 담당자 연락처',
  `compCd` int(11) DEFAULT '0' COMMENT '거래처 코드',
  `flagYN` varchar(1) DEFAULT 'Y' COMMENT '삭제여부(Y:유효/N:삭제)',
  `planYN` varchar(1) DEFAULT 'N' COMMENT '출하계획여부',
  `issueID` varchar(20) DEFAULT '' COMMENT '최종저장자',
  `regDate` datetime DEFAULT NULL COMMENT '최초저장일',
  `issueDate` datetime DEFAULT NULL COMMENT '최종저장일',
  PRIMARY KEY (`shipCd`)
) ENGINE=InnoDB AUTO_INCREMENT=165 DEFAULT CHARSET=utf8 COMMENT='출고 현황 및 출하';
/*!40101 SET character_set_client = @saved_cs_client */;

--
-- Dumping data for table `tblShipping`
--

LOCK TABLES `tblShipping` WRITE;
/*!40000 ALTER TABLE `tblShipping` DISABLE KEYS */;
INSERT INTO `tblShipping` VALUES (99,'2023-11-05','출당자','박수지','010-2222-3333',3,'N','Y','jade','2023-11-05 12:25:43','2023-11-12 10:54:47'),(100,'2023-11-05','문정호','나대로','010-3231-5235',1,'N','Y','jade','2023-11-05 12:45:17','2023-11-05 14:54:53'),(101,'2023-11-05','문정호','김성주','010-3231-5235',2,'N','Y','jade','2023-11-05 12:49:51','2023-11-12 10:54:49'),(102,'2023-11-04','문정호','박수지','010-3456-6789',2,'Y','N','jade','2023-11-05 12:55:53','2023-11-05 12:55:53'),(103,'2023-11-04','문정호','강석호','010-3231-5235',2,'N','Y','jade','2023-11-05 12:56:57','2023-11-12 10:55:14'),(104,'2023-11-04','문정호','나대로','010-4444-4444',2,'Y','N','jade','2023-11-05 12:57:09','2023-11-05 12:57:09'),(105,'2023-11-04','이말년','김성주','010-3231-5235',1,'N','Y','jade','2023-11-05 12:59:17','2023-11-05 13:08:05'),(106,'2023-11-05','이대로','강석호','010-3456-6789',3,'N','Y','jade','2023-11-05 13:00:44','2023-11-05 13:01:56'),(107,'2023-11-04','문정호','강석호','010-3231-5235',1,'N','Y','jade','2023-11-05 13:06:07','2023-11-12 10:54:42'),(108,'2023-11-04','문정호','강석호','010-3231-5235',2,'N','Y','jade','2023-11-05 13:06:52','2023-11-05 15:55:23'),(109,'2023-11-04','문정호','김성주','010-4422-1515',2,'N','Y','jade','2023-11-05 13:07:56','2023-11-12 10:54:40'),(110,'2023-11-05','문정호','강석호','010-4422-1515',11,'N','Y','jade','2023-11-05 13:12:33','2023-11-12 10:54:39'),(111,'2023-11-04','문정호','박수지','010-2222-3333',1,'N','Y','jade','2023-11-05 13:12:54','2023-11-12 10:54:38'),(112,'2023-11-04','문정호','김성주','010-4444-4444',4,'N','Y','jade','2023-11-05 13:14:11','2023-11-12 10:54:36'),(113,'2023-11-04','문정호','김성주','010-3231-5235',1,'N','Y','jade','2023-11-05 13:15:50','2023-11-05 13:16:19'),(114,'2023-11-05','문정호','문정호','010-4444-4444',3,'N','Y','jade','2023-11-05 13:26:25','2023-11-05 13:27:03'),(115,'2023-11-05','문정호','김성주','010-4444-4444',2,'N','Y','jade','2023-11-05 13:26:41','2023-11-05 13:28:17'),(116,'2023-11-05','문정호','김성주','010-3231-5235',2,'N','Y','jade','2023-11-05 13:31:11','2023-11-05 14:54:57'),(117,'2023-11-05','문정호','문정호','010-3542-2354',1,'N','Y','jade','2023-11-05 13:32:13','2023-11-12 10:55:13'),(118,'2023-11-05','문정호','문정호','010-4422-1515',3,'N','Y','jade','2023-11-05 13:38:58','2023-11-12 10:55:12'),(119,'2023-11-05','문정호','김성주','010-4422-1515',2,'N','Y','jade','2023-11-05 13:40:14','2023-11-12 10:55:11'),(120,'2023-11-05','문정호','강석호','010-4444-4444',1,'N','Y','jade','2023-11-05 13:41:41','2023-11-12 10:55:09'),(121,'2023-11-05','문정호','김성주','010-3542-2354',3,'N','Y','jade','2023-11-05 13:47:04','2023-11-12 10:55:08'),(122,'2023-11-05','이말년','순금자','010-4444-4444',4,'N','Y','jade','2023-11-05 13:47:44','2023-11-12 10:55:06'),(123,'2023-11-05','문정호','문정호','문정호',4,'N','Y','jade','2023-11-05 13:49:48','2023-11-12 10:55:05'),(124,'2023-11-05','문정호','강석호','010-3542-2354',1,'N','Y','jade','2023-11-05 13:53:02','2023-11-12 10:55:01'),(125,'2023-11-04','문정호','김성주','010-4444-4444',3,'N','Y','jade','2023-11-05 13:56:08','2023-11-12 10:54:59'),(126,'2023-11-06','이말년','순금자','010-3456-6789',1,'N','Y','jade','2023-11-05 13:56:34','2023-11-12 10:54:35'),(127,'2023-11-06','문정호','김성주','010-3542-2354',3,'N','Y','jade','2023-11-05 13:57:03','2023-11-12 10:54:57'),(128,'2023-11-05','문정호','순금자','010-4444-4444',2,'N','Y','jade','2023-11-05 14:02:49','2023-11-12 10:54:56'),(129,'2023-11-05','문정호','김성주','010-4444-4444',5,'N','Y','jade','2023-11-05 14:11:17','2023-11-05 14:54:49'),(130,'2023-11-05','문정호','문정호','010-4444-4444',8,'N','Y','jade','2023-11-05 14:26:54','2023-11-12 10:54:54'),(131,'2023-11-05','문정호','강석호','010-3542-2354',3,'N','Y','jade','2023-11-05 14:34:24','2023-11-05 15:45:48'),(132,'2023-11-05','출당자','강석호','010-4444-4444',2,'N','Y','jade','2023-11-05 14:48:09','2023-11-05 15:49:04'),(133,'2023-11-05','문정호','강석호','010-3542-2354',3,'N','Y','jade','2023-11-05 14:50:08','2023-11-05 14:54:34'),(134,'2023-11-05','문정호','김성주','010-3542-2354',2,'N','Y','jade','2023-11-05 15:23:56','2023-11-12 10:54:32'),(135,'2023-11-05','문정호','강석호','010-4422-1515',11,'N','Y','jade','2023-11-05 15:24:49','2023-11-12 10:54:30'),(136,'2023-11-05','박시용','강석호','010-3542-2354',2,'N','Y','jade','2023-11-05 15:26:48','2023-11-05 15:27:25'),(137,'2023-11-05','문정호','강석호','010-3231-5235',3,'N','Y','jade','2023-11-05 15:35:04','2023-11-05 15:35:22'),(138,'2023-11-05','문정호','김성주','010-3542-2354',3,'N','Y','jade','2023-11-05 15:37:46','2023-11-05 15:38:13'),(139,'2023-11-05','출당자','김성주','010-4444-4444',3,'N','Y','jade','2023-11-05 15:41:03','2023-11-05 15:41:13'),(140,'2023-11-05','문정호','김성주','010-3456-6789',2,'N','Y','jade','2023-11-05 15:58:06','2023-11-12 10:54:53'),(141,'2023-11-05','문정호','강석호','010-3456-6789',2,'N','Y','jade','2023-11-05 15:59:21','2023-11-05 15:59:56'),(142,'2023-11-05','박시용','강석호','010-3542-2354',3,'N','Y','jade','2023-11-05 16:02:10','2023-11-05 16:02:29'),(143,'2023-11-05','이대로','김성주','010-4444-4444',2,'N','Y','jade','2023-11-05 16:07:21','2023-11-12 10:54:52'),(144,'2023-11-05','문정호','나대로','010-3456-6789',2,'N','Y','jade','2023-11-05 16:08:21','2023-11-12 10:54:50'),(145,'2023-11-05','박시용','강석호','010-4422-1515',9,'N','Y','jade','2023-11-05 16:09:01','2023-11-05 16:09:23'),(146,'2023-11-05','박시용','나대로','010-3542-2354',3,'N','Y','jade','2023-11-05 16:14:40','2023-11-05 16:14:46'),(147,'2023-11-05','문정호','김성주','010-4444-4444',2,'N','Y','jade','2023-11-05 16:23:47','2023-11-05 16:48:36'),(148,'2023-11-05','이말년','강석호','010-4422-1515',2,'N','Y','jade','2023-11-05 16:24:16','2023-11-05 16:24:20'),(149,'2023-11-05','문정호','나대로','010-3542-2354',3,'N','Y','jade','2023-11-05 16:25:55','2023-11-05 16:26:29'),(150,'2023-11-05','문정호','김수경','010-3456-6789',1,'N','Y','jade','2023-11-05 16:37:21','2023-11-05 16:37:36'),(151,'2023-11-05','박시용','순금자','010-4444-4444',2,'N','Y','jade','2023-11-05 16:46:04','2023-11-05 16:46:26'),(152,'2023-11-05','문정호','나대로','010-3542-2354',1,'N','Y','jade','2023-11-05 16:49:15','2023-11-12 10:54:45'),(153,'2023-11-05','문정호','나대로','010-3456-6789',1,'N','Y','jade','2023-11-05 16:50:16','2023-11-05 16:50:33'),(154,'2023-11-05','출당자','강석호','010-4422-1515',10,'N','Y','jade','2023-11-05 16:53:49','2023-11-05 16:54:04'),(155,'2023-11-05','문정호','김성주','010-4422-1515',2,'N','Y','jade','2023-11-05 16:56:38','2023-11-05 16:56:42'),(156,'2023-11-05','문정호','강석호','010-3456-6789',2,'N','Y','jade','2023-11-05 16:58:17','2023-11-05 16:58:21'),(157,'2023-11-05','문정호','김성주','010-4422-1515',2,'N','Y','jade','2023-11-05 16:59:54','2023-11-12 10:54:44'),(158,'2023-11-05','이말년','강석호','010-4422-1515',1,'N','Y','jade','2023-11-05 17:00:38','2023-11-05 17:00:42'),(159,'2023-11-05','박시용','순금자','010-3456-6789',1,'N','Y','jade','2023-11-05 17:11:36','2023-11-05 17:11:38'),(160,'2023-11-09','문정호','박새로','010-4422-1515',3,'Y','Y','jade','2023-11-09 17:02:04','2023-11-09 17:02:04'),(161,'2023-11-09','문정호','김성주','010-4422-1515',3,'N','Y','jade','2023-11-09 17:30:36','2023-11-12 10:54:34'),(162,'2023-11-12','이미경','거당자','010-3333-3333',2,'Y','N','jade','2023-11-12 10:54:19','2023-11-12 10:54:19'),(163,'2023-11-12','이미경','거당자','010-4242-5454',2,'Y','Y','jade','2023-11-12 10:55:22','2023-11-12 10:55:22'),(164,'2023-11-12','출당자','순금자','010-4242-5454',4,'Y','Y','jade','2023-11-12 10:55:42','2023-11-12 10:55:42');
/*!40000 ALTER TABLE `tblShipping` ENABLE KEYS */;
UNLOCK TABLES;

/**************************************************************************************************/
DROP TABLE IF EXISTS `tblSysMenu`;
/*!40101 SET @saved_cs_client     = @@character_set_client */;
/*!40101 SET character_set_client = utf8 */;
CREATE TABLE `tblSysMenu` (
  `menu` varchar(1) DEFAULT '',
  `subMenu` varchar(3) DEFAULT '',
  `parentsMenu` varchar(4) DEFAULT '',
  `pageUrl` varchar(50) DEFAULT '',
  `pageNm` varchar(50) DEFAULT '',
  `pageIcon` varchar(50) DEFAULT '',
  `menuOrder` int(11) DEFAULT '0',
  `menuNo` int(11) DEFAULT '0',
  `flagYN` varchar(1) DEFAULT 'Y',
  `issueID` varchar(20) DEFAULT '',
  `regDate` datetime DEFAULT NULL,
  `issueDate` datetime DEFAULT NULL
) ENGINE=InnoDB DEFAULT CHARSET=utf8 COMMENT='메뉴구성';
/*!40101 SET character_set_client = @saved_cs_client */;

--
-- Dumping data for table `tblSysMenu`
--

LOCK TABLES `tblSysMenu` WRITE;
/*!40000 ALTER TABLE `tblSysMenu` DISABLE KEYS */;
INSERT INTO `tblSysMenu` VALUES ('Z','00','','/warehouse/commonCd','기준정보','fa-home',900,0,'Y','jade','2023-10-26 14:42:17','2023-10-26 14:42:17'),('Z','01','Z00','/warehouse/commonCd','공통코드','',901,91,'Y','jade','2023-10-26 14:42:17','2023-10-26 14:42:17'),('Z','02','Z00','/warehouse/company','거래처','',902,92,'Y','jade','2023-10-26 14:42:17','2023-10-26 14:42:17'),('Z','03','Z00','/warehouse/user','회원정보','',903,93,'Y','jade','2023-10-26 14:42:17','2023-10-26 14:42:17'),('A','01','A00','/warehouse/product','제품관리','',101,11,'Y','jade','2023-10-26 14:42:17','2023-10-26 14:42:17'),('Z','04','Z00','/warehouse/house','창고관리','',904,94,'Y','jade','2023-10-26 14:42:17','2023-10-26 14:42:17'),('A','05','A00','/warehouse/productXls','제품 Excel Up','',105,15,'Y','jade','2023-10-26 14:42:17','2023-10-26 14:42:17'),('A','06','A00','/warehouse/productInOutXls','제품입출고 Excel Up','',106,16,'Y','jade','2023-10-26 14:42:17','2023-10-26 14:42:17'),('A','00','','/warehouse/product','제품','fa-calendar-o',100,0,'Y','jade','2023-10-26 14:42:17','2023-10-26 14:42:17'),('R','00','','/warehouse/report','리포트','fa-signal',800,0,'Y','jade','2023-10-26 14:42:17','2023-10-26 14:42:17'),('A','04','A00','/warehouse/productInOutAll','제품입출고관리 (일괄)','',104,14,'Y','jade','2023-10-26 14:42:17','2023-10-26 14:42:17'),('R','01','R00','/warehouse/reportStock','연간재고현황','',801,81,'Y','jade','2023-10-26 14:42:17','2023-10-26 14:42:17'),('R','02','R00','/warehouse/reportIn','연간입고현황','',802,82,'Y','jade','2023-10-26 14:42:17','2023-10-26 14:42:17'),('R','03','R00','/warehouse/reportOut','연간출고현황','',803,83,'Y','jade','2023-10-26 14:42:17','2023-10-26 14:42:17'),('B','00','','/warehouse/resource','자재','fa-cubes',200,0,'Y','jade','2023-10-26 14:42:17','2023-10-26 14:42:17'),('B','01','B00','/warehouse/resource','자재관리','',201,21,'Y','jade','2023-10-26 14:42:17','2023-10-26 14:42:17'),('B','03','B00','/warehouse/resourceOut','자재출고관리','',203,23,'Y','jade','2023-10-26 14:42:17','2023-10-26 14:42:17'),('B','05','B00','/warehouse/resourceXls','자재 Excel Up','',205,25,'Y','jade','2023-10-26 14:42:17','2023-10-26 14:42:17'),('B','06','B00','/warehouse/resourceInOutXls','자재입출고 Excel Up','',206,26,'Y','jade','2023-10-26 14:42:17','2023-10-26 14:42:17'),('D','00','','/warehouse/bom','BOM','fa-code-fork',400,0,'Y','jade','2023-10-26 14:42:17','2023-10-26 14:42:17'),('D','01','D00','/warehouse/bom','BOM','',401,41,'Y','jade','2023-10-26 14:42:17','2023-10-26 14:42:17'),('A','08','A00','/warehouse/shipItems','제품출하관리','',108,18,'Y','jade','2023-10-26 14:42:17','2023-10-26 14:42:17'),('A','07','A00','/warehouse/shipping','제품출고현황 (출하)','',107,17,'Y','jade','2023-10-26 14:42:17','2023-10-26 14:42:17'),('F','00','','/warehouse/shipPlan','출하관리','fa-cog',600,0,'Y','jade','2023-10-26 14:42:17','2023-10-26 14:42:17'),('F','01','F00','/warehouse/shipPlan','출하계획관리','',601,61,'Y','jade','2023-10-26 14:42:17','2023-10-26 14:42:17'),('A','02','A00','/warehouse/productIn','제품입고관리','',102,12,'Y','jade','2023-10-26 14:42:17','2023-10-25 10:21:40'),('A','03','A00','/warehouse/productOut','제품출고관리','',103,13,'Y','jade','2023-10-26 14:42:17','2023-10-25 10:22:45'),('B','02','B00','/warehouse/resourceIn','자재입고관리','',202,22,'Y','jade','2023-10-26 14:42:17','2023-10-26 14:42:18'),('B','04','B00','/warehouse/resourceInOutAll','자재입출고관리 (일괄)','',204,24,'Y','jade','2023-10-26 14:42:17','2023-10-26 14:42:17'),('C','00','C00','/warehouse/plan','예정정보','fa-calendar',300,0,'Y','jade','2023-10-26 14:42:17','2023-10-26 14:42:17'),('C','02','C00','/warehouse/productOutPlan','제품출고예정','',302,32,'Y','jade','2023-10-26 14:42:17','2023-10-26 14:42:17'),('C','04','C00','/warehouse/resourceOutPlan','자재출고예정','',304,34,'Y','jade','2023-10-26 14:42:17','2023-10-26 14:42:17'),('C','01','C00','/warehouse/productInPlan','제품입고예정','',301,31,'Y','jade','2023-10-26 14:42:17','2023-10-26 14:42:17'),('C','03','C00','/warehouse/resourceInPlan','자재입고예정','',303,33,'Y','jade','2023-10-26 14:42:17','2023-10-26 14:42:17');
/*!40000 ALTER TABLE `tblSysMenu` ENABLE KEYS */;
UNLOCK TABLES;

/**************************************************************************************************/
DROP TABLE IF EXISTS `tblUser`;
/*!40101 SET @saved_cs_client     = @@character_set_client */;
/*!40101 SET character_set_client = utf8 */;
CREATE TABLE `tblUser` (
  `userID` varchar(20) NOT NULL DEFAULT '' COMMENT '아이디',
  `passwd` varchar(1000) DEFAULT '' COMMENT '비밀번호',
  `userNm` varchar(20) DEFAULT '' COMMENT '이름',
  `phone` varchar(100) DEFAULT '' COMMENT '연락처',
  `email` varchar(100) DEFAULT '' COMMENT 'E-mail',
  `uLevel` varchar(5) DEFAULT '' COMMENT '회원등급',
  `uPerm` varchar(1000) DEFAULT '' COMMENT '권한',
  `offCnt` int(11) DEFAULT '15' COMMENT '연간휴무일',
  `compCd` int(11) DEFAULT '0' COMMENT '거래처 코드',
  `flagYN` varchar(1) DEFAULT 'Y' COMMENT '삭제여부(Y:유효/N:삭제)',
  `issueID` varchar(20) DEFAULT NULL COMMENT '최종저장자',
  `regDate` datetime DEFAULT NULL COMMENT '최초저장일',
  `issueDate` datetime DEFAULT NULL COMMENT '최종저장일',
  PRIMARY KEY (`userID`)
) ENGINE=InnoDB DEFAULT CHARSET=utf8 COMMENT='회원정보';
/*!40101 SET character_set_client = @saved_cs_client */;

--
-- Dumping data for table `tblUser`
--

LOCK TABLES `tblUser` WRITE;
/*!40000 ALTER TABLE `tblUser` DISABLE KEYS */;
INSERT INTO `tblUser` VALUES ('bom','$2a$10$YHY6wQwNcves3Wl23Jz0uugnrmOZ3SlDI4EsL4.M0g9y/dca7f08y','이봄이','010-4000-3000','222@naver.com','00100','Z01,Z02,Z03',15,NULL,'Y','bom','2023-07-14 17:46:11','2023-10-10 22:00:51'),('eric','$2a$10$OyeuFJlJPUbQZFlVpvu/qOCXGhxLmzZGe5rhNukagfH4Js5EMBVk.','문정호','010-4000-3000','111@naver.com','00100','Z01,Z02,Z03,B01,B02,Z04,B04,B05,B03,R01,R02,R03,R04,C01,C02,C03,C04,C05,D01,B06,B07,B08,F01',15,NULL,'Y','eric','2023-10-10 14:22:25','2023-10-14 15:24:09'),('jad','$2a$10$X2xZ0qEOIVlg6JKB/M5ot./dZJfV4TBD41sz5wqNnNwHtKK2.YCMi','제이','010-4000-3000','jade@bedone.co.kr','00100','A01,A02,A03,A04,B01,B02,B03,B04,B05,B06,B07,B08,C01,C02,C03,C04,C05,C06,D01,F01,R01,R02,R03,R04,Z01,Z02,Z03,Z04',0,NULL,'Y','jad','2021-05-26 14:53:56','2023-10-10 21:37:24'),('jade','1110','제이드','010-4000-3001','jade@bedone.co.kr','00100','A01,A02,A03,A04,A05,A06,A07,A08,B01,B02,B03,B04,B05,B06,C01,C02,C03,C04,D01,F01,R01,R02,R03,Z01,Z02,Z03,Z04',0,NULL,'Y','jade','2021-04-21 09:56:06','2023-11-08 18:09:46');
/*!40000 ALTER TABLE `tblUser` ENABLE KEYS */;
UNLOCK TABLES;

/**************************************************************************************************/
DROP TABLE IF EXISTS `tblUserConfig`;
/*!40101 SET @saved_cs_client     = @@character_set_client */;
/*!40101 SET character_set_client = utf8 */;
CREATE TABLE `tblUserConfig` (
  `configSeq` int(11) NOT NULL AUTO_INCREMENT COMMENT '설정 시퀀스',
  `config` varchar(8000) DEFAULT '' COMMENT '환경설정',
  `userID` varchar(20) DEFAULT '' COMMENT '유저 아이디',
  `pageNm` varchar(50) DEFAULT '' COMMENT '페이지 이름',
  `gridCd` varchar(10) DEFAULT '' COMMENT '그리드 코드',
  `flagYN` varchar(1) DEFAULT 'Y' COMMENT '삭제여부(Y:유효/N:삭제)',
  `issueID` varchar(20) DEFAULT '' COMMENT '최종저장자',
  `regDate` datetime DEFAULT NULL COMMENT '최초저장일',
  `issueDate` datetime DEFAULT NULL COMMENT '최종저장일',
  PRIMARY KEY (`configSeq`)
) ENGINE=InnoDB AUTO_INCREMENT=2 DEFAULT CHARSET=utf8 COMMENT='그리드 환경 설정관리';
/*!40101 SET character_set_client = @saved_cs_client */;

--
-- Dumping data for table `tblUserConfig`
--

LOCK TABLES `tblUserConfig` WRITE;
/*!40000 ALTER TABLE `tblUserConfig` DISABLE KEYS */;
INSERT INTO `tblUserConfig` VALUES (1,'11@/warehouse/product,12@/warehouse/productIn,13@/warehouse/productOut,14@/warehouse/productInOutAll','jade','tabs','','Y','jade','2021-05-06 18:11:17','2023-11-12 21:03:23');
/*!40000 ALTER TABLE `tblUserConfig` ENABLE KEYS */;
UNLOCK TABLES;