/**************************************************************************************************/
DROP TABLE IF EXISTS `tblBom`;

/*!40101 SET @saved_cs_client = @@character_set_client */;
/*!50503 SET character_set_client = utf8mb4 */;

CREATE TABLE `tblBom` (
  `prodCd` INT unsigned NOT NULL COMMENT '제품코드',
  `resrcCd` INT NOT NULL COMMENT '자재코드',
  `bomType` VARCHAR(5) CHARACTER SET utf8mb4 NOT NULL COMMENT '제품/자재구분',
  `qty` INT DEFAULT '0' COMMENT '재고',
  `unitQty` DECIMAL(5, 2) DEFAULT '0.00' COMMENT '단위 수량',
  `flagYn` VARCHAR(1) CHARACTER SET utf8mb4 DEFAULT 'Y' COMMENT '삭제여부(Y:유효/N:삭제)',
  `issueId` VARCHAR(20) CHARACTER SET utf8mb4 DEFAULT '' COMMENT '최종저장자',
  `regDt` datetime DEFAULT NULL COMMENT '최초저장일',
  `issueDt` datetime DEFAULT NULL COMMENT '최종저장일',
  UNIQUE KEY `UNIQUE` (`bomType`, `resrcCd`, `prodCd`)
)
ENGINE = InnoDB DEFAULT CHARSET = utf8mb4 COLLATE = utf8mb4_0900_ai_ci COMMENT = 'BOM관리';

/*!40101 SET character_set_client = @saved_cs_client */;

LOCK TABLES `tblBom` WRITE;

/*!40000 ALTER TABLE `tblBom` DISABLE KEYS */;

INSERT INTO
  `tblBom`
VALUES
  (
    1,
    1,
    'prod',
    10,
    12.00,
    'N',
    'eric',
    '2021-05-25 15:59:44',
    '2023-11-01 16:07:53'
  ),
  (
    5,
    1,
    'prod',
    0,
    23.00,
    'N',
    'eric',
    '2021-06-04 10:35:29',
    '2023-10-15 13:55:20'
  ),
  (
    8,
    1,
    'prod',
    0,
    1.00,
    'Y',
    'eric',
    '2021-06-03 17:12:06',
    '2023-10-16 00:44:54'
  ),
  (
    11,
    1,
    'prod',
    0,
    56.00,
    'N',
    'eric',
    '2021-06-11 15:38:55',
    '2023-10-11 22:09:01'
  ),
  (
    12,
    1,
    'prod',
    0,
    2.00,
    'N',
    'eric',
    '2021-06-11 15:38:22',
    '2023-10-15 16:33:24'
  ),
  (
    13,
    1,
    'prod',
    0,
    2.00,
    'Y',
    'eric',
    '2023-07-11 16:02:22',
    '2023-10-15 20:10:54'
  ),
  (
    1,
    2,
    'prod',
    50,
    1.00,
    'N',
    'eric',
    '2021-06-02 17:23:25',
    '2023-11-01 15:42:37'
  ),
  (
    5,
    2,
    'prod',
    0,
    56.00,
    'N',
    'eric',
    '2021-06-04 10:35:29',
    '2021-06-04 10:39:10'
  ),
  (
    8,
    2,
    'prod',
    0,
    2.00,
    'N',
    'eric',
    '2021-06-03 18:14:36',
    '2023-10-19 10:18:36'
  ),
  (
    11,
    2,
    'prod',
    0,
    34.00,
    'N',
    'eric',
    '2021-06-11 15:38:55',
    '2023-10-15 13:55:29'
  ),
  (
    12,
    2,
    'prod',
    0,
    1.00,
    'N',
    'eric',
    '2021-06-11 15:38:22',
    '2023-10-15 16:04:56'
  ),
  (
    13,
    2,
    'prod',
    0,
    3.00,
    'Y',
    'eric',
    '2023-07-11 16:02:21',
    '2023-10-15 20:10:54'
  ),
  (
    1,
    3,
    'prod',
    0,
    13.00,
    'N',
    'eric',
    '2021-05-25 15:59:44',
    '2021-06-03 18:25:42'
  ),
  (
    8,
    3,
    'prod',
    0,
    0.00,
    'N',
    'eric',
    '2021-06-03 17:16:53',
    '2023-10-15 16:32:09'
  ),
  (
    12,
    3,
    'prod',
    0,
    1.00,
    'Y',
    'eric',
    '2023-10-14 14:32:54',
    '2023-10-15 20:57:16'
  ),
  (
    1,
    4,
    'prod',
    0,
    35.00,
    'N',
    'eric',
    '2021-06-04 10:39:50',
    '2023-10-15 16:17:19'
  ),
  (
    5,
    4,
    'prod',
    0,
    3.00,
    'N',
    'eric',
    '2021-06-04 10:35:29',
    '2021-06-04 10:39:37'
  ),
  (
    8,
    4,
    'prod',
    0,
    3.00,
    'N',
    'eric',
    '2021-05-25 11:40:00',
    '2023-10-15 15:58:13'
  ),
  (
    13,
    4,
    'prod',
    0,
    34.00,
    'N',
    'eric',
    '2023-07-11 16:02:22',
    '2023-10-15 16:10:24'
  ),
  (
    1,
    6,
    'prod',
    0,
    1.00,
    'N',
    'eric',
    '2021-05-25 15:59:44',
    '2023-10-19 10:18:41'
  ),
  (
    8,
    6,
    'prod',
    0,
    3.00,
    'N',
    'eric',
    '2021-06-03 17:12:06',
    '2023-10-16 00:45:00'
  ),
  (
    11,
    6,
    'prod',
    0,
    98.00,
    'N',
    'eric',
    '2021-06-11 15:38:55',
    '2023-10-15 20:43:04'
  ),
  (
    12,
    6,
    'prod',
    0,
    4.00,
    'N',
    'eric',
    '2021-06-11 15:38:22',
    '2023-10-15 16:00:48'
  ),
  (
    13,
    6,
    'prod',
    0,
    4.00,
    'N',
    'eric',
    '2023-07-11 16:02:21',
    '2023-10-15 16:02:25'
  ),
  (
    8,
    7,
    'prod',
    0,
    3.00,
    'Y',
    'eric',
    '2021-06-03 17:16:53',
    '2023-10-16 00:44:54'
  ),
  (
    9,
    7,
    'prod',
    0,
    453.00,
    'Y',
    'eric',
    '2021-06-04 18:26:37',
    '2021-06-04 18:26:37'
  ),
  (
    19,
    7,
    'prod',
    0,
    3.00,
    'Y',
    'eric',
    '2023-07-11 16:02:55',
    '2023-07-11 16:02:55'
  ),
  (
    1,
    8,
    'prod',
    0,
    2.00,
    'N',
    'eric',
    '2021-06-02 17:23:25',
    '2023-10-15 16:16:03'
  ),
  (
    8,
    8,
    'prod',
    0,
    2.00,
    'Y',
    'eric',
    '2023-07-11 16:08:38',
    '2023-10-16 00:44:54'
  ),
  (
    9,
    8,
    'prod',
    0,
    323.00,
    'Y',
    'eric',
    '2021-06-04 18:26:37',
    '2021-06-04 18:26:37'
  ),
  (
    13,
    8,
    'prod',
    0,
    0.00,
    'N',
    'eric',
    '2023-07-11 16:02:22',
    '2023-10-15 22:27:54'
  ),
  (
    19,
    8,
    'prod',
    0,
    2.00,
    'Y',
    'eric',
    '2023-07-11 16:02:55',
    '2023-07-11 16:02:55'
  ),
  (
    1,
    13,
    'prod',
    0,
    3.00,
    'N',
    'eric',
    '2023-10-15 20:07:49',
    '2023-11-01 15:43:57'
  ),
  (
    4,
    13,
    'prod',
    0,
    0.00,
    'Y',
    'eric',
    '2023-11-01 16:40:48',
    '2023-11-01 16:40:48'
  ),
  (
    8,
    13,
    'prod',
    0,
    0.00,
    'N',
    'eric',
    '2023-10-15 16:36:15',
    '2023-10-16 00:45:04'
  ),
  (
    12,
    13,
    'prod',
    0,
    1.00,
    'N',
    'eric',
    '2023-10-15 16:21:40',
    '2023-10-15 20:43:24'
  ),
  (
    13,
    14,
    'prod',
    0,
    0.00,
    'N',
    'eric',
    '2023-10-15 16:02:34',
    '2023-10-15 16:02:34'
  ),
  (
    1,
    15,
    'prod',
    0,
    0.00,
    'Y',
    'eric',
    '2023-11-01 15:45:50',
    '2023-11-01 16:08:11'
  ),
  (
    3,
    15,
    'prod',
    0,
    0.00,
    'Y',
    'eric',
    '2023-11-01 16:41:18',
    '2023-11-01 17:04:17'
  ),
  (
    25,
    15,
    'prod',
    0,
    0.00,
    'Y',
    'eric',
    '2023-11-01 17:19:42',
    '2023-11-01 17:19:42'
  ),
  (
    2,
    17,
    'prod',
    0,
    0.00,
    'N',
    'eric',
    '2023-11-01 16:00:48',
    '2023-11-01 16:00:48'
  ),
  (
    1,
    18,
    'prod',
    120,
    0.00,
    'N',
    'eric',
    '2023-11-01 16:27:19',
    '2023-11-01 16:27:19'
  ),
  (
    1,
    19,
    'prod',
    4892,
    21.00,
    'Y',
    'eric',
    '2023-11-01 15:45:50',
    '2023-11-01 16:08:11'
  ),
  (
    4,
    19,
    'prod',
    4892,
    0.00,
    'N',
    'eric',
    '2023-11-01 16:01:12',
    '2023-11-01 16:01:12'
  ),
  (
    25,
    19,
    'prod',
    4892,
    21.00,
    'Y',
    'eric',
    '2023-11-01 17:19:42',
    '2023-11-01 17:19:42'
  ),
  (
    1,
    20,
    'prod',
    0,
    0.00,
    'Y',
    'eric',
    '2023-10-30 10:27:56',
    '2023-11-01 16:08:11'
  ),
  (
    25,
    20,
    'prod',
    0,
    0.00,
    'Y',
    'eric',
    '2023-11-01 17:19:42',
    '2023-11-01 17:19:42'
  ),
  (
    4,
    21,
    'prod',
    0,
    1.00,
    'N',
    'eric',
    '2023-10-30 12:37:12',
    '2023-11-01 16:40:36'
  ),
  (
    1,
    1,
    'resrc',
    0,
    5.00,
    'N',
    'eric',
    '2021-06-03 12:40:40',
    '2021-06-03 17:55:44'
  ),
  (
    8,
    1,
    'resrc',
    0,
    1.00,
    'N',
    'eric',
    '2021-06-03 16:31:53',
    '2021-06-03 17:44:18'
  ),
  (
    1,
    2,
    'resrc',
    0,
    6.00,
    'N',
    'eric',
    '2021-06-03 12:40:40',
    '2021-06-03 18:25:54'
  ),
  (
    1,
    3,
    'resrc',
    0,
    4.00,
    'N',
    'eric',
    '2021-06-03 12:40:40',
    '2021-06-03 17:52:16'
  ),
  (
    1,
    4,
    'resrc',
    0,
    3.00,
    'N',
    'eric',
    '2021-06-03 11:38:23',
    '2021-06-03 17:44:04'
  ),
  (
    8,
    4,
    'resrc',
    0,
    22.50,
    'N',
    'eric',
    '2021-06-03 16:31:53',
    '2021-06-03 16:59:15'
  ),
  (
    1,
    6,
    'resrc',
    0,
    11.00,
    'N',
    'eric',
    '2021-06-03 12:40:40',
    '2021-06-03 17:46:49'
  ),
  (
    8,
    6,
    'resrc',
    0,
    75.54,
    'N',
    'eric',
    '2021-06-03 16:31:53',
    '2021-06-03 16:57:47'
  ),
  (
    1,
    7,
    'resrc',
    0,
    1.00,
    'N',
    'eric',
    '2021-06-03 11:23:59',
    '2021-06-03 18:19:21'
  ),
  (
    8,
    7,
    'resrc',
    0,
    3.00,
    'Y',
    'eric',
    '2021-06-03 17:01:21',
    '2021-06-03 17:01:21'
  ),
  (
    1,
    8,
    'resrc',
    0,
    2.00,
    'N',
    'eric',
    '2021-06-03 17:00:53',
    '2021-06-03 18:15:25'
  ),
  (
    8,
    8,
    'resrc',
    0,
    2.00,
    'Y',
    'eric',
    '2021-06-03 17:01:21',
    '2021-06-03 17:01:21'
  );

/*!40000 ALTER TABLE `tblBom` ENABLE KEYS */;

UNLOCK TABLES;

/**************************************************************************************************/
DROP TABLE IF EXISTS `tblCommonCd`;

/*!40101 SET @saved_cs_client = @@character_set_client */;
/*!50503 SET character_set_client = utf8mb4 */;

CREATE TABLE `tblCommonCd` (
  `groupCd` VARCHAR(4) CHARACTER SET utf8mb4 NOT NULL COMMENT '그룹코드',
  `itemCd` VARCHAR(5) CHARACTER SET utf8mb4 NOT NULL COMMENT '공통코드',
  `groupNm` VARCHAR(50) CHARACTER SET utf8mb4 DEFAULT '' COMMENT '그룹 이름',
  `itemNm` VARCHAR(50) CHARACTER SET utf8mb4 DEFAULT '' COMMENT '공통코드 이름',
  `itemSeq` INT DEFAULT '1' COMMENT '공통코드 순서',
  `itemMemo` VARCHAR(400) CHARACTER SET utf8mb4 DEFAULT '' COMMENT '공통코드 Memo',
  `flagYn` VARCHAR(1) CHARACTER SET utf8mb4 DEFAULT 'Y' COMMENT '삭제여부(Y:유효/N:삭제)',
  `issueId` VARCHAR(20) CHARACTER SET utf8mb4 DEFAULT '' COMMENT '최종저장자',
  `regDt` datetime DEFAULT NULL COMMENT '최초저장일',
  `issueDt` datetime DEFAULT NULL COMMENT '최종저장일',
  PRIMARY KEY (`groupCd`, `itemCd`)
)
ENGINE = InnoDB DEFAULT CHARSET = utf8mb4 COLLATE = utf8mb4_0900_ai_ci COMMENT = '공통코드';

/*!40101 SET character_set_client = @saved_cs_client */;

LOCK TABLES `tblCommonCd` WRITE;

/*!40000 ALTER TABLE `tblCommonCd` DISABLE KEYS */;

INSERT INTO
  `tblCommonCd`
VALUES
  (
    '0001',
    '00100',
    '사용자등급',
    '일반',
    1,
    '',
    'Y',
    'eric',
    NULL,
    '2023-07-14 16:20:02'
  ),
  (
    '0001',
    '00900',
    '사용자등급',
    '관리자',
    2,
    '',
    'Y',
    '1',
    '2021-04-12 10:52:19',
    '2021-04-12 10:52:19'
  ),
  (
    '0001',
    '01000',
    '사용자등급',
    '슈퍼관리자',
    3,
    '',
    'N',
    'eric',
    '2023-07-11 16:37:17',
    '2023-07-14 16:27:02'
  ),
  (
    '0002',
    '01000',
    '분류',
    '내수용',
    1,
    '',
    'Y',
    'eric',
    '2021-04-21 16:30:00',
    '2023-07-14 16:20:18'
  ),
  (
    '0002',
    '02000',
    '분류',
    '수출용',
    2,
    '',
    'Y',
    's',
    '2021-04-21 16:30:22',
    '2021-04-21 16:30:22'
  ),
  (
    '0003',
    'O',
    '자재분류',
    '원자재',
    1,
    '',
    'Y',
    'eric',
    '2021-05-10 15:15:02',
    '2023-07-14 16:23:10'
  ),
  (
    '0003',
    'S',
    '자재분류',
    '부자재',
    2,
    '',
    'Y',
    'eric',
    '2021-05-10 15:15:24',
    '2021-05-10 15:15:24'
  ),
  (
    '0004',
    'prod',
    'BOM 타입',
    '제품',
    1,
    '',
    'Y',
    'eric',
    '2021-05-19 20:11:03',
    '2021-05-19 20:11:03'
  ),
  (
    '0004',
    'resrc',
    'BOM 타입',
    '자재',
    2,
    '12',
    'Y',
    'eric4757',
    '2021-05-19 20:11:23',
    '2023-10-10 23:47:51'
  );

/*!40000 ALTER TABLE `tblCommonCd` ENABLE KEYS */;

UNLOCK TABLES;

/**************************************************************************************************/
DROP TABLE IF EXISTS `tblCompany`;

/*!40101 SET @saved_cs_client = @@character_set_client */;
/*!50503 SET character_set_client = utf8mb4 */;

CREATE TABLE `tblCompany` (
  `compCd` INT NOT NULL AUTO_INCREMENT COMMENT '거래처 코드',
  `compNm` VARCHAR(100) CHARACTER SET utf8mb4 DEFAULT '' COMMENT '거래처 이름',
  `compNo` VARCHAR(20) CHARACTER SET utf8mb4 DEFAULT '' COMMENT '사업자 번호',
  `compOwner` VARCHAR(20) CHARACTER SET utf8mb4 DEFAULT '' COMMENT '대표자',
  `compMajor` VARCHAR(20) CHARACTER SET utf8mb4 DEFAULT '' COMMENT '담당자',
  `compPhone` VARCHAR(20) CHARACTER SET utf8mb4 DEFAULT '' COMMENT '연락처',
  `compEmail` VARCHAR(100) CHARACTER SET utf8mb4 DEFAULT '' COMMENT '세금계산서 Email',
  `compAddr` VARCHAR(100) CHARACTER SET utf8mb4 DEFAULT '' COMMENT '주소',
  `compType` VARCHAR(1000) CHARACTER SET utf8mb4 DEFAULT '' COMMENT '업태',
  `compPart` VARCHAR(1000) CHARACTER SET utf8mb4 DEFAULT '' COMMENT '종목',
  `remarks` VARCHAR(4000) CHARACTER SET utf8mb4 DEFAULT '' COMMENT '메모',
  `flagYn` VARCHAR(1) CHARACTER SET utf8mb4 DEFAULT 'Y' COMMENT '삭제여부(Y:유효/N:삭제)',
  `issueId` VARCHAR(20) CHARACTER SET utf8mb4 DEFAULT '' COMMENT '최종저장자',
  `regDt` datetime DEFAULT NULL COMMENT '최초저장일',
  `issueDt` datetime DEFAULT NULL COMMENT '최종저장일',
  PRIMARY KEY (`compCd`)
)
ENGINE = InnoDB AUTO_INCREMENT = 17 DEFAULT CHARSET = utf8mb4 COLLATE = utf8mb4_0900_ai_ci COMMENT = '거래처';

/*!40101 SET character_set_client = @saved_cs_client */;

LOCK TABLES `tblCompany` WRITE;

/*!40000 ALTER TABLE `tblCompany` DISABLE KEYS */;

INSERT INTO
  `tblCompany`
VALUES
  (
    1,
    '주식회사 비던',
    '110111-7268562',
    '박진호',
    '담당자',
    '010-4102-3796',
    'tax@bedone.co.kr',
    '서울특별시 영등포구 당산로 41번길 11, W동 609호',
    '서비스',
    '소프트웨어',
    '',
    'Y',
    'eric',
    '2021-04-12 16:06:20',
    '2023-11-15 16:44:47'
  ),
  (
    2,
    '일번지 상사',
    '123-25-56933',
    '일번지',
    '담당자',
    '연락처',
    'Email',
    '',
    '',
    '',
    '',
    'Y',
    'eric',
    '2021-04-12 16:06:20',
    '2021-05-06 14:36:02'
  ),
  (
    3,
    '이대로 무역',
    '230-63-20026',
    '대표자',
    '담당자',
    '연락처',
    'Email',
    '',
    '',
    '',
    '',
    'Y',
    'eric',
    '2021-04-12 16:06:21',
    '2021-05-06 14:36:25'
  ),
  (
    4,
    '깡통 로봇',
    '120-55-23650',
    '대표자',
    '담당자',
    '연락처',
    'Email',
    '',
    '',
    '',
    '',
    'Y',
    'eric',
    '2021-04-12 16:06:21',
    '2021-05-06 14:36:52'
  ),
  (
    5,
    '무지개 통상',
    '236-55-96320',
    '대표자',
    '담당자',
    '연락처',
    'Email',
    '',
    '',
    '',
    '',
    'Y',
    'eric',
    '2021-04-12 16:06:21',
    '2021-05-06 14:37:11'
  ),
  (
    6,
    '활활타 무역',
    '263-56-96320',
    '대표자',
    '담당자',
    '연락처',
    'Email',
    '',
    '',
    '',
    '',
    'Y',
    'eric',
    '2021-04-12 16:06:22',
    '2021-05-06 14:37:33'
  ),
  (
    7,
    '새로나 컴퍼니',
    '236-66-02653',
    '대표자',
    '담당자',
    '연락처',
    'Email',
    '',
    '',
    '',
    '',
    'Y',
    'eric',
    '2021-04-12 16:06:22',
    '2021-05-06 14:38:09'
  ),
  (
    8,
    '럭키 세븐',
    '200-23-66930',
    '대표자',
    '담당자',
    '연락처',
    'Email',
    '',
    '',
    '',
    '',
    'Y',
    'eric',
    '2021-04-12 16:06:22',
    '2021-05-06 15:50:48'
  ),
  (
    9,
    '머시기 상사',
    '사업자번호',
    '대표자',
    '담당자',
    '연락처',
    'Email',
    '',
    '',
    '',
    '',
    'Y',
    'eric',
    '2021-04-12 16:06:22',
    '2021-05-05 20:00:31'
  ),
  (
    10,
    '클라우드 나인',
    '326-33-96321',
    '대표자',
    '담당자',
    '연락처',
    'Email',
    '',
    '',
    '',
    '',
    'Y',
    'eric',
    '2021-04-12 16:06:22',
    '2021-05-06 15:51:04'
  ),
  (
    11,
    '거래처',
    '사업자번호',
    '대표자',
    '담당자',
    '연락처',
    'Email',
    '',
    '',
    '',
    '',
    'Y',
    'eric',
    '2021-04-12 16:06:22',
    '2023-07-11 16:41:46'
  ),
  (
    12,
    '카이 컴퍼니',
    '0001',
    '권용훈',
    '김용훈',
    '010',
    'wkzkfmxksi@gmail.com',
    '강남구',
    '업태',
    '종목',
    '메모',
    'Y',
    'eric',
    '2021-04-12 16:15:25',
    '2021-04-21 11:30:38'
  ),
  (
    13,
    '비스도리',
    '000-1234-123114',
    '요동동',
    '동동이',
    '010-1234-0000',
    'dong@dong.com',
    '논산',
    '서비스',
    '소프트웨어',
    '맴맴',
    'Y',
    'eric',
    '2021-08-06 17:29:40',
    '2023-11-15 17:42:18'
  ),
  (
    14,
    '거래처 테스트',
    '',
    '',
    '',
    '',
    '',
    '',
    '',
    '',
    '',
    'N',
    '123',
    '2023-07-14 17:18:57',
    '2024-12-10 01:02:02'
  ),
  (
    15,
    '거래처 테스트',
    '',
    '',
    '',
    '',
    '',
    '',
    '',
    '',
    '',
    'N',
    '123',
    '2024-12-10 00:59:03',
    '2024-12-10 01:01:55'
  ),
  (
    16,
    '거래처 테스트',
    '',
    '',
    '',
    '',
    '',
    '',
    '',
    '',
    '',
    'N',
    '123',
    '2024-12-10 00:59:37',
    '2024-12-10 00:59:37'
  );

/*!40000 ALTER TABLE `tblCompany` ENABLE KEYS */;

UNLOCK TABLES;

/**************************************************************************************************/
DROP TABLE IF EXISTS `tblFiles`;

/*!40101 SET @saved_cs_client = @@character_set_client */;
/*!50503 SET character_set_client = utf8mb4 */;

CREATE TABLE `tblFiles` (
  `fileSeq` INT NOT NULL AUTO_INCREMENT COMMENT '파일시퀀스',
  `tableNm` VARCHAR(20) CHARACTER SET utf8mb4 DEFAULT '' COMMENT '테이블 이름',
  `tableKey` VARCHAR(50) CHARACTER SET utf8mb4 DEFAULT '' COMMENT '테이블 PRI 값',
  `fileUrl` VARCHAR(1000) CHARACTER SET utf8mb4 DEFAULT '' COMMENT '파일위치',
  `fileNm` VARCHAR(200) CHARACTER SET utf8mb4 DEFAULT '' COMMENT '파일이름',
  `flagYn` VARCHAR(1) CHARACTER SET utf8mb4 DEFAULT 'Y' COMMENT '삭제여부(Y:유효/N:삭제)',
  `issueId` VARCHAR(20) CHARACTER SET utf8mb4 DEFAULT '' COMMENT '최종저장자',
  `regDt` datetime DEFAULT NULL COMMENT '최초저장일',
  `issueDt` datetime DEFAULT NULL COMMENT '최종저장일',
  PRIMARY KEY (`fileSeq`) USING BTREE
)
ENGINE = InnoDB AUTO_INCREMENT = 215 DEFAULT CHARSET = utf8mb4 COLLATE = utf8mb4_0900_ai_ci COMMENT = '파일관리';

/*!40101 SET character_set_client = @saved_cs_client */;

LOCK TABLES `tblFiles` WRITE;

/*!40000 ALTER TABLE `tblFiles` DISABLE KEYS */;

INSERT INTO
  `tblFiles`
VALUES
  (
    114,
    'tblResource',
    '6',
    '20230925103908.jpg',
    '12.jpg',
    'N',
    'eric',
    '2023-09-25 10:39:08',
    '2023-10-16 00:27:16'
  ),
  (
    120,
    NULL,
    NULL,
    '20230925143246.jpg',
    NULL,
    'N',
    'eric',
    '2023-09-25 14:32:45',
    '2023-10-19 10:18:50'
  ),
  (
    121,
    'tblResource',
    '1',
    '20230925143251.jpg',
    '24283C3858F778CA2E.jpg',
    'Y',
    'eric',
    '2023-09-25 14:32:50',
    '2023-09-25 14:32:50'
  ),
  (
    122,
    NULL,
    NULL,
    '20230925143303.png',
    'cores-logo-white.png',
    'N',
    'eric',
    '2023-09-25 14:33:03',
    '2023-10-18 18:00:17'
  ),
  (
    123,
    'tblResource',
    '1',
    '20230925143837_tblResource.jpg',
    '12.jpg',
    'N',
    'eric',
    '2023-09-25 14:38:37',
    '2023-10-14 15:23:42'
  ),
  (
    131,
    NULL,
    NULL,
    '20230927172323_product.jpg',
    '12.jpg',
    'N',
    'eric',
    '2023-09-27 17:23:23',
    '2023-10-18 17:57:24'
  ),
  (
    132,
    NULL,
    NULL,
    '20230927172542_product.jpg',
    '24283C3858F778CA2E.jpg',
    'N',
    'eric',
    '2023-09-27 17:25:42',
    '2023-10-18 17:54:56'
  ),
  (
    144,
    'tblCompany',
    '4',
    '20231004141853.jpg',
    '12.jpg',
    'Y',
    'eric',
    '2023-10-04 14:18:52',
    '2023-10-04 14:18:52'
  ),
  (
    146,
    'tblCompany',
    '5',
    '20231005124123.jpg',
    '12.jpg',
    'Y',
    'eric',
    '2023-10-05 12:41:22',
    '2023-10-05 12:41:22'
  ),
  (
    152,
    'tblProduct',
    '2',
    '20231005144927.PNG',
    'cleanRobot.PNG',
    'N',
    'eric',
    '2023-10-05 14:49:24',
    '2023-10-15 23:24:36'
  ),
  (
    153,
    'tblProduct',
    '13',
    '20231005145153.png',
    '??-2.png',
    'N',
    'eric',
    '2023-10-05 14:51:50',
    '2023-10-15 23:28:30'
  ),
  (
    157,
    'tblCompany',
    '1',
    '20231010214534_company.png',
    'noImage.png',
    'N',
    'eric',
    '2023-10-10 21:45:34',
    '2023-10-14 15:23:58'
  ),
  (
    158,
    'tblProduct',
    '2',
    '20231011013018_product.png',
    'logo.png',
    'N',
    'eric',
    '2023-10-11 01:30:18',
    '2023-10-14 15:23:24'
  ),
  (
    159,
    'tblProduct',
    '1',
    '20231011215139.png',
    'no-image.png',
    'N',
    'eric',
    '2023-10-11 21:51:39',
    '2023-10-14 15:14:01'
  ),
  (
    160,
    NULL,
    NULL,
    '20231014035150.png',
    'logo.png',
    'N',
    'eric',
    '2023-10-14 03:51:50',
    '2023-10-18 17:56:39'
  ),
  (
    161,
    NULL,
    NULL,
    '20231014055357.png',
    'logo.png',
    'N',
    'eric',
    '2023-10-14 05:53:57',
    '2023-10-18 17:55:01'
  ),
  (
    163,
    NULL,
    NULL,
    '20231014055803.png',
    'noImage.png',
    'N',
    'eric',
    '2023-10-14 05:58:03',
    '2023-10-18 17:18:00'
  ),
  (
    164,
    NULL,
    NULL,
    '20231014150034.png',
    'name.png',
    'N',
    'eric',
    '2023-10-14 15:00:34',
    '2023-10-18 17:51:51'
  ),
  (
    165,
    NULL,
    NULL,
    '20231014152108.png',
    'logo.png',
    'N',
    'eric',
    '2023-10-14 15:21:08',
    '2023-10-18 17:49:40'
  ),
  (
    166,
    NULL,
    NULL,
    '20231015232444.png',
    'main2.png',
    'N',
    'eric',
    '2023-10-15 23:24:44',
    '2023-10-18 17:16:18'
  ),
  (
    167,
    'tblResource',
    '6',
    '20231016002713.png',
    'logo.png',
    'N',
    'eric',
    '2023-10-16 00:27:13',
    '2023-10-16 00:30:11'
  ),
  (
    168,
    NULL,
    NULL,
    '20231016003008.png',
    'logo.png',
    'N',
    'eric',
    '2023-10-16 00:30:08',
    '2023-10-18 18:00:09'
  ),
  (
    169,
    NULL,
    NULL,
    '20231018171238.jpg',
    '12.jpg',
    'N',
    'eric',
    '2023-10-18 17:12:38',
    '2023-10-18 17:52:24'
  ),
  (
    170,
    NULL,
    NULL,
    '20231018171535.jpg',
    '12.jpg',
    'N',
    'eric',
    '2023-10-18 17:15:35',
    '2023-10-18 17:16:14'
  ),
  (
    171,
    NULL,
    NULL,
    '20231018171550.jpg',
    '12.jpg',
    'N',
    'eric',
    '2023-10-18 17:15:49',
    '2023-10-18 17:52:31'
  ),
  (
    172,
    NULL,
    NULL,
    '20231018171603.png',
    '20150820_121438_shop1_121444.png',
    'N',
    'eric',
    '2023-10-18 17:16:03',
    '2023-10-18 17:16:09'
  ),
  (
    173,
    NULL,
    NULL,
    '20231018171626.jpg',
    '12.jpg',
    'N',
    'eric',
    '2023-10-18 17:16:26',
    '2023-10-18 18:02:45'
  ),
  (
    174,
    NULL,
    NULL,
    '20231018171633.jpg',
    '12.jpg',
    'N',
    'eric',
    '2023-10-18 17:16:32',
    '2023-10-18 17:17:53'
  ),
  (
    175,
    NULL,
    NULL,
    '20231018171739.jpg',
    '12.jpg',
    'N',
    'eric',
    '2023-10-18 17:17:39',
    '2023-10-18 17:17:49'
  ),
  (
    176,
    NULL,
    NULL,
    '20231018172143.jpg',
    '12.jpg',
    'N',
    'eric',
    '2023-10-18 17:21:43',
    '2023-10-18 18:00:27'
  ),
  (
    177,
    NULL,
    NULL,
    '20231018172624.png',
    '20150820_121438_shop1_121444.png',
    'N',
    'eric',
    '2023-10-18 17:26:24',
    '2023-10-18 17:46:38'
  ),
  (
    178,
    NULL,
    NULL,
    '20231018173057.png',
    '20150820_122029_shop1_122433.png',
    'N',
    'eric',
    '2023-10-18 17:30:56',
    '2023-10-18 17:52:42'
  ),
  (
    179,
    NULL,
    NULL,
    '20231018174026.jpg',
    NULL,
    'N',
    'eric',
    '2023-10-18 17:40:25',
    '2023-10-19 10:04:00'
  ),
  (
    180,
    NULL,
    NULL,
    '20231018180406.jpg',
    '12.jpg',
    'N',
    'eric',
    '2023-10-18 18:04:06',
    '2023-10-18 18:04:12'
  ),
  (
    181,
    'tblProduct',
    '2',
    '20231018180723.jpg',
    NULL,
    'N',
    'eric',
    '2023-10-18 18:07:23',
    '2023-10-25 11:02:55'
  ),
  (
    182,
    'tblProduct',
    '13',
    '20231018181729.jpg',
    '12.jpg',
    'Y',
    'eric',
    '2023-10-18 18:17:29',
    '2023-10-18 18:17:29'
  ),
  (
    183,
    'tblProduct',
    '13',
    '20231018181736.jpg',
    '24283C3858F778CA2E.jpg',
    'Y',
    'eric',
    '2023-10-18 18:17:35',
    '2023-10-18 18:17:35'
  ),
  (
    184,
    NULL,
    NULL,
    '20231018182122.jpg',
    NULL,
    'N',
    'eric',
    '2023-10-18 18:21:21',
    '2023-10-19 10:33:45'
  ),
  (
    185,
    NULL,
    NULL,
    '20231018182127.jpg',
    NULL,
    'N',
    'eric',
    '2023-10-18 18:21:27',
    '2023-10-19 10:33:41'
  ),
  (
    186,
    'tblProduct',
    '23',
    '20231018182803.png',
    NULL,
    'N',
    'eric',
    '2023-10-18 18:28:02',
    '2023-10-25 15:07:44'
  ),
  (
    187,
    NULL,
    NULL,
    '20231019095514.jpg',
    NULL,
    'N',
    'eric',
    '2023-10-19 09:55:12',
    '2023-10-19 10:03:57'
  ),
  (
    188,
    'tblProduct',
    '1',
    '20231019100448.jpg',
    NULL,
    'N',
    'eric',
    '2023-10-19 10:04:46',
    '2023-10-25 14:44:41'
  ),
  (
    189,
    'tblUser',
    'eric',
    '20231019100639.WAR',
    '1.WAR',
    'Y',
    'eric',
    '2023-10-19 10:06:37',
    '2023-10-19 10:06:37'
  ),
  (
    190,
    'tblUser',
    'eric',
    '20231019101019.WAR',
    '9292929.WAR',
    'Y',
    'eric',
    '2023-10-19 10:10:17',
    '2023-10-19 10:10:17'
  ),
  (
    191,
    'tblUser',
    'eric',
    '20231019101638.WAR',
    '191919.WAR',
    'Y',
    'eric',
    '2023-10-19 10:16:37',
    '2023-10-19 10:16:37'
  ),
  (
    192,
    'tblProduct',
    '6',
    '20231024152039-8b7457ab.jpg',
    '12.jpg',
    'Y',
    'eric',
    '2023-10-24 15:20:39',
    '2023-10-24 15:20:39'
  ),
  (
    193,
    '',
    '',
    '20231024172118-a0b658c8.jpg',
    NULL,
    'N',
    'eric',
    '2023-10-24 17:21:18',
    '2023-10-24 17:29:20'
  ),
  (
    194,
    'tblProduct',
    '5',
    '20231024172859-4b5e4249.jpg',
    '3213.jpg',
    'Y',
    'eric',
    '2023-10-24 17:28:59',
    '2023-10-24 17:28:59'
  ),
  (
    195,
    'tblProduct',
    '2',
    '20231024172928-f6f58dad.jpg',
    NULL,
    'N',
    'eric',
    '2023-10-24 17:29:28',
    '2023-10-25 11:03:00'
  ),
  (
    196,
    'tblProduct',
    '7',
    '20231024172941-cb28ea13.jpg',
    NULL,
    'N',
    'eric',
    '2023-10-24 17:29:41',
    '2023-10-25 11:02:51'
  ),
  (
    197,
    'tblProduct',
    '7',
    '20231024174323-68f68ee0.png',
    NULL,
    'N',
    'eric',
    '2023-10-24 17:43:23',
    '2023-10-25 11:02:45'
  ),
  (
    198,
    'tblProduct',
    '5',
    '20231024174349-067bafad.png',
    '?? ?? 2023-10-23 150124.png',
    'Y',
    'eric',
    '2023-10-24 17:43:49',
    '2023-10-24 17:43:49'
  ),
  (
    199,
    'tblResource',
    '6',
    '20231024182335-b02b31d4.jpg',
    '3213.jpg',
    'Y',
    'eric',
    '2023-10-24 18:23:35',
    '2023-10-24 18:23:35'
  ),
  (
    200,
    'tblProduct',
    '20',
    '20231025143610-fcd74c78.jpg',
    NULL,
    'N',
    'eric',
    '2023-10-25 14:36:10',
    '2023-10-25 14:44:15'
  ),
  (
    201,
    'tblProduct',
    '2',
    '20231025145533-965ec9c0.jpg',
    '12.jpg',
    'Y',
    'eric',
    '2023-10-25 14:55:33',
    '2023-10-25 14:55:33'
  ),
  (
    202,
    'tblProduct',
    '1',
    '20231025145753-b809c16a.jpg',
    '12.jpg',
    'Y',
    'eric',
    '2023-10-25 14:57:53',
    '2023-10-25 14:57:53'
  ),
  (
    203,
    'tblProduct',
    '27',
    '20231025145918-f49b37db.jpg',
    NULL,
    'N',
    'eric',
    '2023-10-25 14:59:18',
    '2023-10-25 15:13:13'
  ),
  (
    204,
    'tblProduct',
    '11',
    '20231025150236-631689d8.jpg',
    '24283C3858F778CA2E.jpg',
    'Y',
    'eric',
    '2023-10-25 15:02:36',
    '2023-10-25 15:02:36'
  ),
  (
    205,
    'tblProduct',
    '26',
    '20231025150449-0d89f2e9.jpg',
    '24283C3858F778CA2E.jpg',
    'Y',
    'eric',
    '2023-10-25 15:04:49',
    '2023-10-25 15:04:49'
  ),
  (
    206,
    'tblProduct',
    '23',
    '20231025150724-3ef07d76.jpg',
    '24283C3858F778CA2E.jpg',
    'Y',
    'eric',
    '2023-10-25 15:07:24',
    '2023-10-25 15:07:24'
  ),
  (
    207,
    'tblProduct',
    '26',
    '20231025151324-cfe3f219.jpg',
    '24283C3858F778CA2E.jpg',
    'Y',
    'eric',
    '2023-10-25 15:13:24',
    '2023-10-25 15:13:24'
  ),
  (
    208,
    'tblProduct',
    '10',
    '20231025151534-0cc3b08b.jpg',
    '24283C3858F778CA2E.jpg',
    'Y',
    'eric',
    '2023-10-25 15:15:34',
    '2023-10-25 15:15:34'
  ),
  (
    209,
    'tblProduct',
    '36',
    '20231101140620-cc63ff68.jpg',
    '12.jpg',
    'Y',
    'eric',
    '2023-11-01 14:06:20',
    '2023-11-01 14:06:20'
  ),
  (
    210,
    'tblProduct',
    '41',
    '20231103104525-d6cfb1aa.jpg',
    '12.jpg',
    'Y',
    'eric',
    '2023-11-03 10:45:24',
    '2023-11-03 10:45:24'
  ),
  (
    211,
    'tblProduct',
    '41',
    '20231103104553-ed05b910.jpg',
    '12.jpg',
    'Y',
    'eric',
    '2023-11-03 10:45:52',
    '2023-11-03 10:45:52'
  ),
  (
    212,
    'tblProduct',
    '31',
    '20231103105234-3cc776a5.jpg',
    '24283C3858F778CA2E.jpg',
    'Y',
    'eric',
    '2023-11-03 10:52:32',
    '2023-11-03 10:52:32'
  ),
  (
    213,
    'tblProduct',
    '0',
    '20231113123711-52608198.jpg',
    '12.jpg',
    'N',
    'eric',
    '2023-11-13 12:37:11',
    '2023-11-13 12:37:15'
  ),
  (
    214,
    'tblCompany',
    '1',
    '20231115164447-d3955b42.png',
    'cores-logo.png',
    'Y',
    'eric',
    '2023-11-15 16:44:47',
    '2023-11-15 16:44:47'
  );

/*!40000 ALTER TABLE `tblFiles` ENABLE KEYS */;

UNLOCK TABLES;

/**************************************************************************************************/
DROP TABLE IF EXISTS `tblHouse`;

/*!40101 SET @saved_cs_client = @@character_set_client */;
/*!50503 SET character_set_client = utf8mb4 */;

CREATE TABLE `tblHouse` (
  `houseCd` INT unsigned NOT NULL AUTO_INCREMENT COMMENT '창고코드',
  `houseNm` VARCHAR(100) CHARACTER SET utf8mb4 DEFAULT '' COMMENT '창고 섹션 이름',
  `parentsHCd` INT DEFAULT '0' COMMENT '부모 창고',
  `houseOrder` INT DEFAULT '1' COMMENT '순서',
  `step` INT DEFAULT '0' COMMENT '단계',
  `flagYn` VARCHAR(1) CHARACTER SET utf8mb4 DEFAULT 'Y' COMMENT '삭제여부(Y:유효/N:삭제)',
  `issueId` VARCHAR(20) CHARACTER SET utf8mb4 DEFAULT '' COMMENT '최종저장자',
  `regDt` datetime DEFAULT NULL COMMENT '최초저장일',
  `issueDt` datetime DEFAULT NULL COMMENT '최종저장일',
  PRIMARY KEY (`houseCd`)
)
ENGINE = InnoDB AUTO_INCREMENT = 117 DEFAULT CHARSET = utf8mb4 COLLATE = utf8mb4_0900_ai_ci COMMENT = '창고관리';

/*!40101 SET character_set_client = @saved_cs_client */;

LOCK TABLES `tblHouse` WRITE;

/*!40000 ALTER TABLE `tblHouse` DISABLE KEYS */;

INSERT INTO
  `tblHouse`
VALUES
  (
    1,
    '창고',
    0,
    1,
    0,
    'Y',
    'eric',
    '2021-04-29 10:08:18',
    '2023-11-15 10:41:20'
  ),
  (
    2,
    'A동',
    1,
    1,
    2,
    'Y',
    'eric',
    '2021-05-01 20:14:32',
    '2021-05-01 20:14:32'
  ),
  (
    3,
    'B동',
    1,
    2,
    2,
    'Y',
    'eric',
    '2021-05-01 20:15:15',
    '2021-05-01 20:15:15'
  ),
  (
    4,
    'C동',
    1,
    3,
    2,
    'Y',
    'eric',
    '2021-05-01 20:15:32',
    '2021-05-01 20:15:32'
  ),
  (
    5,
    'A동 1-1',
    2,
    1,
    3,
    'Y',
    'eric',
    '2021-05-01 20:15:56',
    '2023-07-11 16:45:52'
  ),
  (
    6,
    'A동 1-2',
    2,
    99,
    3,
    'Y',
    'eric',
    '2021-05-01 20:16:12',
    '2021-05-01 20:16:12'
  ),
  (
    7,
    'B동 2-1',
    3,
    1,
    3,
    'Y',
    'eric',
    '2021-05-01 20:16:39',
    '2021-05-01 20:17:02'
  ),
  (
    8,
    'B동 2-2',
    3,
    2,
    3,
    'Y',
    'eric',
    '2021-05-01 20:16:53',
    '2021-05-01 20:16:53'
  ),
  (
    9,
    'C동 3-1',
    4,
    1,
    3,
    'Y',
    'eric',
    '2021-05-01 20:17:16',
    '2021-05-01 20:17:16'
  ),
  (
    10,
    'C동 3-2',
    4,
    2,
    3,
    'Y',
    'eric',
    '2021-05-01 20:17:31',
    '2021-05-01 20:17:31'
  ),
  (
    11,
    '검사실',
    1,
    9,
    2,
    'Y',
    'eric',
    '2021-05-01 20:18:00',
    '2021-05-01 20:18:00'
  ),
  (
    12,
    '검사실 E동',
    11,
    1,
    3,
    'Y',
    'eric',
    '2021-05-01 20:18:36',
    '2021-05-01 20:19:12'
  ),
  (
    13,
    '검사실 W동',
    11,
    2,
    3,
    'Y',
    'eric',
    '2021-05-01 20:18:54',
    '2021-05-01 20:19:07'
  ),
  (
    14,
    '검사실 W-1동',
    13,
    99,
    4,
    'Y',
    'eric',
    '2021-06-30 11:15:08',
    '2021-06-30 11:15:08'
  ),
  (
    15,
    '테스트창고',
    13,
    99,
    0,
    'N',
    'eric',
    '2021-07-01 15:25:25',
    '2021-07-01 15:25:25'
  ),
  (
    16,
    'A동 1-3',
    1,
    99,
    2,
    'N',
    'eric',
    '2023-07-11 16:46:18',
    '2023-07-11 16:47:34'
  ),
  (
    17,
    'A동 1-2-1',
    6,
    99,
    4,
    'Y',
    'eric',
    '2023-07-11 16:46:40',
    '2023-07-11 16:46:56'
  ),
  (
    18,
    'A동 1-3',
    1,
    99,
    2,
    'N',
    'eric',
    '2023-07-11 16:47:17',
    '2023-07-11 16:47:37'
  ),
  (
    19,
    'A동',
    1,
    100,
    2,
    'N',
    'eric',
    '2023-07-11 16:47:52',
    '2023-07-11 16:48:12'
  ),
  (
    20,
    'D동',
    1,
    99,
    2,
    'Y',
    'eric',
    '2023-11-15 10:40:44',
    '2023-11-15 10:40:44'
  ),
  (
    21,
    'E동',
    1,
    99,
    2,
    'Y',
    'eric',
    '2023-11-15 10:41:05',
    '2023-11-15 10:41:05'
  ),
  (
    22,
    'F동',
    1,
    99,
    1,
    'Y',
    'eric',
    '2023-11-15 10:41:29',
    '2023-11-15 10:41:29'
  ),
  (
    23,
    'G동',
    1,
    99,
    1,
    'Y',
    'eric',
    '2023-11-15 10:41:40',
    '2023-11-15 10:41:40'
  ),
  (
    24,
    'D동-1',
    20,
    99,
    3,
    'Y',
    'eric',
    '2023-11-15 10:41:57',
    '2023-11-15 10:41:57'
  ),
  (
    25,
    'E동-1',
    21,
    99,
    3,
    'Y',
    'eric',
    '2023-11-15 10:42:04',
    '2023-11-15 10:42:04'
  ),
  (
    26,
    'F동-1',
    22,
    99,
    2,
    'Y',
    'eric',
    '2023-11-15 10:42:15',
    '2023-11-15 10:42:15'
  ),
  (
    27,
    'G동-1',
    23,
    99,
    2,
    'Y',
    'eric',
    '2023-11-15 10:42:25',
    '2023-11-15 10:42:25'
  ),
  (
    28,
    '창고 2',
    0,
    99,
    0,
    'Y',
    'eric',
    '2023-11-15 10:42:33',
    '2023-11-15 10:42:33'
  ),
  (
    29,
    'A2동',
    28,
    99,
    1,
    'Y',
    'eric',
    '2023-11-15 10:42:46',
    '2023-11-15 10:42:46'
  ),
  (
    30,
    'B2동',
    28,
    99,
    1,
    'Y',
    'eric',
    '2023-11-15 10:43:04',
    '2023-11-15 10:43:04'
  ),
  (
    31,
    'C2동',
    28,
    99,
    1,
    'Y',
    'eric',
    '2023-11-15 10:43:12',
    '2023-11-15 10:43:12'
  ),
  (
    32,
    'D2동',
    0,
    99,
    0,
    'N',
    'eric',
    '2023-11-15 10:43:20',
    '2023-11-15 10:43:27'
  ),
  (
    33,
    'D2동',
    28,
    99,
    1,
    'Y',
    'eric',
    '2023-11-15 10:43:34',
    '2023-11-15 10:43:34'
  ),
  (
    34,
    'A2동-1',
    29,
    99,
    2,
    'Y',
    'eric',
    '2023-11-15 10:43:47',
    '2023-11-15 10:43:47'
  ),
  (
    35,
    'B2동-1',
    30,
    99,
    2,
    'Y',
    'eric',
    '2023-11-15 10:43:55',
    '2023-11-15 10:43:55'
  ),
  (
    36,
    'C2동-1',
    31,
    99,
    2,
    'Y',
    'eric',
    '2023-11-15 10:44:04',
    '2023-11-15 10:44:04'
  ),
  (
    37,
    'D2동-1',
    33,
    99,
    2,
    'Y',
    'eric',
    '2023-11-15 10:44:13',
    '2023-11-15 10:44:13'
  ),
  (
    114,
    '22',
    10,
    99,
    4,
    'Y',
    'eric',
    '2023-11-15 17:14:34',
    '2023-11-15 17:14:34'
  ),
  (
    115,
    'E2동',
    28,
    99,
    1,
    'Y',
    'eric',
    '2023-11-15 17:16:49',
    '2023-11-15 17:16:49'
  ),
  (
    116,
    'ED-1',
    115,
    99,
    2,
    'Y',
    'eric',
    '2023-11-15 17:16:58',
    '2023-11-15 17:16:58'
  );

/*!40000 ALTER TABLE `tblHouse` ENABLE KEYS */;

UNLOCK TABLES;

/**************************************************************************************************/
DROP TABLE IF EXISTS `tblProduct`;

/*!40101 SET @saved_cs_client = @@character_set_client */;
/*!50503 SET character_set_client = utf8mb4 */;

CREATE TABLE `tblProduct` (
  `prodCd` INT NOT NULL AUTO_INCREMENT COMMENT '제품 코드',
  `prodNm` VARCHAR(300) CHARACTER SET utf8mb4 DEFAULT '' COMMENT '제품명',
  `prodType` VARCHAR(5) CHARACTER SET utf8mb4 DEFAULT '' COMMENT '분류',
  `maker` VARCHAR(50) CHARACTER SET utf8mb4 DEFAULT '' COMMENT '제조사',
  `unit` VARCHAR(5) CHARACTER SET utf8mb4 DEFAULT '' COMMENT '단위',
  `houseCd` INT DEFAULT '0' COMMENT '창고',
  `quality` VARCHAR(50) CHARACTER SET utf8mb4 DEFAULT '0' COMMENT '재질',
  `option1` VARCHAR(50) CHARACTER SET utf8mb4 DEFAULT '' COMMENT '규격',
  `option2` VARCHAR(50) CHARACTER SET utf8mb4 DEFAULT '' COMMENT '사양',
  `protectedQty` INT DEFAULT '0' COMMENT '안전재고',
  `unitPrice` DECIMAL(18, 0) DEFAULT '0' COMMENT '표준단가',
  `compCd` INT DEFAULT '0' COMMENT '기본거래처',
  `remarks` VARCHAR(3000) CHARACTER SET utf8mb4 DEFAULT '' COMMENT '비고',
  `barcode` VARCHAR(8) CHARACTER SET utf8mb4 DEFAULT '' COMMENT '바코드(W+prodCd, 빈자리 0으로채움)',
  `flagYn` VARCHAR(1) CHARACTER SET utf8mb4 DEFAULT 'Y' COMMENT '삭제여부(Y:유효/N:삭제)',
  `issueId` VARCHAR(20) CHARACTER SET utf8mb4 DEFAULT '' COMMENT '최종저장자',
  `regDt` datetime DEFAULT NULL COMMENT '최초저장일',
  `issueDt` datetime DEFAULT NULL COMMENT '최종저장일',
  PRIMARY KEY (`prodCd`)
)
ENGINE = InnoDB AUTO_INCREMENT = 47 DEFAULT CHARSET = utf8mb4 COLLATE = utf8mb4_0900_ai_ci COMMENT = '제품관리';

/*!40101 SET character_set_client = @saved_cs_client */;

LOCK TABLES `tblProduct` WRITE;

/*!40000 ALTER TABLE `tblProduct` DISABLE KEYS */;

INSERT INTO
  `tblProduct`
VALUES
  (
    1,
    '날강력평앤드밀 (CSS2002-0060)',
    '02000',
    '제조사',
    'EA',
    7,
    '좋은재질k',
    '사양 1',
    '사양 2',
    10,
    350200,
    0,
    '',
    'W0000010',
    'Y',
    'eric',
    '2021-04-21 17:53:29',
    '2023-11-13 12:37:15'
  ),
  (
    2,
    '94AH Terminal Anvil',
    '02000',
    '주문형',
    '문',
    7,
    '삧갈 고운 외관',
    'Silver',
    '',
    30,
    3500000,
    0,
    '',
    'W0000020',
    'Y',
    'eric',
    '2021-04-21 19:34:19',
    '2023-11-13 12:37:15'
  ),
  (
    3,
    '방수 우레탄 실리콘',
    '01000',
    '주문',
    '개',
    9,
    '실리콘',
    '보수전용',
    '외부크랙',
    20,
    35200,
    0,
    '999',
    'W0000030',
    'Y',
    'eric',
    '2021-04-26 17:23:24',
    '2023-11-13 12:37:15'
  ),
  (
    4,
    '보쉬 충전 드라이버드릴 GSR120-LI GSB18V-21외5종+100P소재 이벤트중',
    '01000',
    '메이슨',
    '개',
    2,
    '쇠',
    NULL,
    NULL,
    200,
    15000,
    12,
    NULL,
    'W0000060',
    'Y',
    'eric',
    '2021-04-30 14:15:18',
    '2023-11-13 12:37:15'
  ),
  (
    5,
    '알루미늄 케이스 KE-483513 가방',
    '02000',
    '메이슨',
    '개',
    1,
    '',
    '',
    '알루미늄',
    30,
    35000,
    0,
    '',
    'W0000050',
    'Y',
    'eric',
    '2021-04-30 14:58:10',
    '2023-11-13 12:37:15'
  ),
  (
    6,
    '닌텐도 스위치',
    '02000',
    '닌텐도',
    '개',
    4,
    '플라스틱',
    NULL,
    NULL,
    4000,
    150000,
    11,
    NULL,
    'W0000060',
    'Y',
    'eric',
    '2021-04-30 15:00:54',
    '2023-11-13 12:37:15'
  ),
  (
    7,
    '블루텍 토크텍 토크렌치 T-60 TK-500 (수동식)',
    '02000',
    '메이슨',
    '개',
    3,
    '쇠',
    NULL,
    NULL,
    300,
    14000,
    11,
    NULL,
    'W0000070',
    'Y',
    'eric',
    '2021-04-30 15:07:59',
    '2023-11-13 12:37:15'
  ),
  (
    9,
    '딜리코 딜라이트',
    '01000',
    '딜라이트',
    '대',
    7,
    '플라스틱',
    '따끈따끈 에스프레소 추출',
    '15kg',
    2500,
    560000,
    0,
    NULL,
    'W0000090',
    'N',
    'eric',
    '2021-05-11 14:27:54',
    '2023-11-13 12:37:15'
  ),
  (
    11,
    '카라반',
    '01000',
    '카라반세상',
    '대',
    3,
    '트럭',
    '',
    '알루미늄합금',
    50,
    2500000,
    0,
    '',
    'W0000110',
    'Y',
    'eric',
    '2021-06-08 16:26:22',
    '2023-11-13 12:37:15'
  ),
  (
    12,
    '아이폰',
    '01000',
    'apple',
    '개',
    9,
    '합금',
    '스마트폰',
    'ram 16G',
    3600,
    1200000,
    0,
    NULL,
    'W0000120',
    'Y',
    'eric',
    '2021-06-09 13:55:25',
    '2023-11-13 12:37:15'
  ),
  (
    13,
    '갤럭시 버즈',
    '02000',
    '삼성',
    'EA',
    3,
    '플라스틱',
    '2*2*2',
    '상',
    4,
    100000,
    0,
    NULL,
    'W0000130',
    'Y',
    'eric',
    '2021-08-06 16:05:52',
    '2023-11-13 12:37:15'
  ),
  (
    15,
    '삼성전자 삼성 KU65UT8070FXKR',
    '02000',
    '삼성',
    '대',
    2,
    '반도체',
    NULL,
    NULL,
    300,
    1180000,
    0,
    NULL,
    'W0000150',
    'Y',
    'eric',
    '2021-08-06 16:47:45',
    '2023-11-13 12:37:15'
  ),
  (
    16,
    '에클랜드/스마토 별렌치SET ',
    '01000',
    '애클랜드',
    '개',
    3,
    '',
    '강철',
    '',
    200,
    3900,
    0,
    '',
    'W0000160',
    'Y',
    'eric',
    '2021-08-06 16:47:45',
    '2023-11-13 12:37:15'
  ),
  (
    17,
    '삼성 갤럭시 S21',
    '02000',
    'Apple',
    'EA',
    15,
    '반도체',
    'S21',
    'Note',
    3000,
    125000,
    0,
    '메모입니다 ',
    'W0000170',
    'N',
    'eric',
    '2021-08-09 13:46:00',
    '2023-11-13 12:37:15'
  ),
  (
    18,
    '테스트',
    '01000',
    '',
    '',
    7,
    '',
    '',
    '',
    0,
    0,
    0,
    '',
    'W0000180',
    'N',
    'eric',
    '2023-07-11 14:18:17',
    '2023-11-13 12:37:15'
  ),
  (
    21,
    '영양찹쌀떡',
    '01000',
    '삼성',
    '개',
    4,
    '찹쌀',
    '',
    '',
    100,
    2500,
    0,
    '',
    'W0000210',
    'N',
    'eric',
    '2023-07-11 14:53:39',
    '2023-11-13 12:37:15'
  ),
  (
    27,
    '마우스',
    '01000',
    '메이슨',
    'EA',
    12,
    '플라스틱',
    '큰 사이즈',
    '사양 2',
    10,
    12000,
    0,
    '123',
    'W0000270',
    'Y',
    'eric',
    '2023-10-25 11:10:53',
    '2023-11-13 12:37:15'
  ),
  (
    28,
    '삼성전자 삼성 KU65UT8070FXKR',
    '02000',
    '삼성',
    '대',
    2,
    '반도체',
    '중',
    'P',
    5,
    1180000,
    0,
    '',
    'W0000280',
    'N',
    'eric',
    '2023-10-25 17:57:38',
    '2023-11-13 12:37:15'
  ),
  (
    29,
    'ABC 초콜릿',
    '01000',
    '롯데',
    '개수',
    3,
    '초콜릿',
    '작음',
    '맛있음',
    300,
    2000,
    0,
    '초콜릿메모',
    'W0000290',
    'Y',
    'eric',
    '2023-10-25 18:36:54',
    '2023-11-13 12:37:15'
  ),
  (
    30,
    '화이트',
    '01000',
    '딜리코',
    '대',
    1,
    '플라스틱',
    '대',
    'EA',
    20,
    830000,
    0,
    NULL,
    'W0000300',
    'Y',
    'eric',
    '2023-10-25 18:51:24',
    '2023-11-13 12:37:15'
  ),
  (
    31,
    '키오스크',
    '01000',
    '딜리코',
    '대',
    1,
    '대',
    'EA',
    '플라스틱',
    20,
    830000,
    0,
    '',
    'W0000310',
    'Y',
    'eric',
    '2023-10-26 10:39:27',
    '2023-11-13 12:37:15'
  ),
  (
    32,
    '에클랜드/스마토 별렌치SET ',
    '01000',
    '애클랜드',
    '개',
    3,
    '강철',
    '소',
    'CC',
    200,
    3900,
    0,
    NULL,
    'W0000320',
    'Y',
    'eric',
    '2023-10-26 10:39:27',
    '2023-11-13 12:37:15'
  ),
  (
    33,
    '마우스',
    '01000',
    '유한종이',
    '장',
    4,
    '찹쌀',
    '사양 1',
    '튼튼페이퍼',
    0,
    12000,
    0,
    '11',
    'W0000330',
    'Y',
    'eric',
    '2023-10-26 13:15:53',
    '2023-11-13 12:37:15'
  ),
  (
    34,
    '청바지',
    '01000',
    '딜리코',
    '대',
    1,
    '플라스틱',
    '대',
    'EA',
    20,
    830000,
    0,
    NULL,
    'W0000340',
    'Y',
    'eric',
    '2023-10-26 17:56:06',
    '2023-11-13 12:37:15'
  ),
  (
    35,
    '딜리코 플랫화이트',
    '01000',
    '딜리코',
    '대',
    1,
    '대',
    'EA',
    '플라스틱',
    20,
    830000,
    0,
    '',
    'W0000350',
    'Y',
    'eric',
    '2023-10-26 18:11:56',
    '2023-11-13 12:37:15'
  ),
  (
    36,
    '애벌레',
    '01000',
    '딜리코',
    '대',
    8,
    '플라스틱',
    'EA',
    '대',
    220,
    400,
    0,
    '',
    'W0000360',
    'Y',
    'eric',
    '2023-10-31 16:54:46',
    '2023-11-13 12:37:15'
  ),
  (
    38,
    '애벌레',
    '01000',
    '딜리코',
    '대',
    12,
    'EA',
    '대',
    '플라스틱',
    20,
    830000,
    0,
    NULL,
    'W0000380',
    'Y',
    'eric',
    '2023-11-03 10:31:52',
    '2023-11-13 12:37:15'
  ),
  (
    39,
    '아저시',
    '01000',
    '딜리코',
    '대',
    12,
    '대',
    '플라스틱',
    'EA',
    20,
    830000,
    0,
    '',
    'W0000390',
    'Y',
    'eric',
    '2023-11-03 10:32:15',
    '2023-11-13 12:37:15'
  ),
  (
    40,
    '새로움',
    '01000',
    '딜리코',
    '대',
    12,
    '대',
    '플라스틱',
    'EA',
    20,
    830000,
    0,
    '',
    'W0000400',
    'Y',
    'eric',
    '2023-11-03 10:35:51',
    '2023-11-13 12:37:15'
  ),
  (
    41,
    '망고',
    '02000',
    '삼성',
    '대',
    12,
    'P',
    '중',
    '반도체',
    300,
    1180000,
    0,
    NULL,
    'W0000410',
    'Y',
    'eric',
    '2023-11-03 10:42:01',
    '2023-11-13 12:37:15'
  ),
  (
    42,
    '애벌레',
    '01000',
    '딜리코',
    '대',
    2,
    '플라스틱',
    'EA',
    '대',
    20,
    830000,
    0,
    NULL,
    'W0000420',
    'Y',
    'eric',
    '2023-11-13 14:11:39',
    '2023-11-13 14:11:39'
  ),
  (
    43,
    '애벌레',
    '01000',
    '딜리코',
    '대',
    12,
    '플라스틱',
    'EA',
    '대',
    20,
    830000,
    0,
    NULL,
    'W0000430',
    'Y',
    'eric',
    '2023-11-13 15:07:02',
    '2023-11-13 15:07:02'
  ),
  (
    44,
    '망고123',
    '02000',
    '삼성',
    '대',
    12,
    '반도체',
    'P',
    '중',
    300,
    1180000,
    0,
    NULL,
    'W0000440',
    'Y',
    'eric',
    '2023-11-13 15:10:00',
    '2023-11-13 15:10:00'
  ),
  (
    45,
    '123123123',
    '01000',
    '딜리코',
    '대',
    13,
    '플라스틱',
    'EA',
    '대',
    20,
    830000,
    0,
    NULL,
    'W0000450',
    'Y',
    'eric',
    '2023-11-13 15:22:39',
    '2023-11-13 15:22:39'
  ),
  (
    46,
    '애벌레',
    '01000',
    '딜리코',
    '대',
    2,
    '플라스틱',
    'EA',
    '대',
    500,
    830000,
    0,
    NULL,
    'W0000460',
    'Y',
    'eric',
    '2023-11-14 14:19:36',
    '2023-11-14 14:19:36'
  );

/*!40000 ALTER TABLE `tblProduct` ENABLE KEYS */;

UNLOCK TABLES;

/**************************************************************************************************/
DROP TABLE IF EXISTS `tblProductInOut`;

/*!40101 SET @saved_cs_client = @@character_set_client */;
/*!50503 SET character_set_client = utf8mb4 */;

CREATE TABLE `tblProductInOut` (
  `inOutSeq` INT unsigned NOT NULL AUTO_INCREMENT COMMENT '입출고 시퀀스',
  `inOutDt` VARCHAR(10) CHARACTER SET utf8mb4 DEFAULT '' COMMENT '입출고 일자',
  `prodCd` INT DEFAULT '0' COMMENT '제품 코드',
  `qty` INT DEFAULT '0' COMMENT '수량',
  `houseCd` INT DEFAULT '0' COMMENT '창고',
  `unitPrice` DECIMAL(15, 0) DEFAULT '0' COMMENT '단가',
  `remarks` VARCHAR(1000) CHARACTER SET utf8mb4 DEFAULT '' COMMENT '용처',
  `compCd` INT DEFAULT '0' COMMENT '거래처 코드',
  `flagYn` VARCHAR(1) CHARACTER SET utf8mb4 DEFAULT 'Y' COMMENT '삭제여부(Y:유효/N:삭제)',
  `planYn` VARCHAR(1) CHARACTER SET utf8mb4 DEFAULT 'N' COMMENT '입출고예정여부',
  `issueId` VARCHAR(20) CHARACTER SET utf8mb4 DEFAULT '' COMMENT '최종저장자',
  `regDt` datetime DEFAULT NULL COMMENT '최초저장일',
  `issueDt` datetime DEFAULT NULL COMMENT '최종저장일',
  PRIMARY KEY (`inOutSeq`)
)
ENGINE = InnoDB AUTO_INCREMENT = 218 DEFAULT CHARSET = utf8mb4 COLLATE = utf8mb4_0900_ai_ci COMMENT = '제품입출고관리';

/*!40101 SET character_set_client = @saved_cs_client */;

LOCK TABLES `tblProductInOut` WRITE;

/*!40000 ALTER TABLE `tblProductInOut` DISABLE KEYS */;

INSERT INTO
  `tblProductInOut`
VALUES
  (
    1,
    '2021-04-26',
    1,
    5,
    1,
    350200,
    '입출고 Test',
    12,
    'N',
    'N',
    'eric',
    '2021-04-26 16:31:28',
    '2021-04-29 10:09:36'
  ),
  (
    2,
    '2021-04-27',
    2,
    5,
    2,
    200000,
    '출고',
    11,
    'Y',
    'N',
    'eric',
    '2021-04-27 10:51:46',
    '2021-04-27 11:21:47'
  ),
  (
    3,
    '2021-04-15',
    2,
    6,
    13,
    100000,
    '없음',
    9,
    'Y',
    'N',
    'eric',
    '2021-04-27 11:14:09',
    '2021-05-04 12:26:11'
  ),
  (
    4,
    '2021-04-08',
    2,
    2,
    2,
    200000,
    '입고',
    12,
    'N',
    'N',
    'eric',
    '2021-04-27 11:15:02',
    '2021-04-29 10:12:27'
  ),
  (
    5,
    '2021-04-29',
    1,
    -1,
    3,
    25000,
    '',
    12,
    'Y',
    'N',
    'eric',
    '2021-04-29 17:30:10',
    '2023-07-11 14:21:57'
  ),
  (
    6,
    '2021-04-29',
    2,
    2,
    5,
    3200,
    NULL,
    12,
    'Y',
    'N',
    'eric',
    '2021-04-29 17:30:10',
    '2021-05-03 14:49:10'
  ),
  (
    7,
    '2021-04-29',
    3,
    -3,
    5,
    25000,
    '연습장비출고',
    5,
    'Y',
    'N',
    'eric',
    '2021-04-29 17:30:10',
    '2021-04-29 17:30:10'
  ),
  (
    8,
    '2021-04-29',
    1,
    4,
    6,
    3200,
    '없음',
    9,
    'N',
    'N',
    'eric',
    '2021-04-29 17:30:10',
    '2021-05-11 14:18:02'
  ),
  (
    9,
    '2021-04-29',
    1,
    5,
    7,
    3400,
    '없음',
    2,
    'N',
    'N',
    'eric',
    '2021-04-29 17:30:10',
    '2021-05-04 16:48:36'
  ),
  (
    10,
    '2021-04-29',
    3,
    6,
    18,
    25000,
    '없음',
    7,
    'Y',
    'N',
    'eric',
    '2021-04-29 17:30:10',
    '2023-10-25 14:47:23'
  ),
  (
    11,
    '2021-04-29',
    3,
    7,
    9,
    3200,
    '없음',
    4,
    'Y',
    'N',
    'eric',
    '2021-04-29 17:30:10',
    '2021-05-04 16:35:14'
  ),
  (
    12,
    '2021-04-29',
    3,
    -8,
    10,
    3200,
    '없음',
    5,
    'Y',
    'N',
    'eric',
    '2021-04-29 17:30:10',
    '2021-05-04 16:43:50'
  ),
  (
    13,
    '2021-04-29',
    3,
    -9,
    11,
    22000,
    '연습장비입고',
    12,
    'Y',
    'N',
    'eric',
    '2021-04-29 17:30:10',
    '2021-04-29 17:30:10'
  ),
  (
    14,
    '2021-05-10',
    4,
    2,
    12,
    150000,
    NULL,
    6,
    'Y',
    'N',
    'eric',
    '2021-05-03 14:49:50',
    '2021-05-03 14:49:50'
  ),
  (
    15,
    '2021-05-02',
    2,
    2,
    10,
    150000,
    '없음',
    6,
    'Y',
    'N',
    'eric',
    '2021-05-03 15:22:38',
    '2021-05-04 16:35:23'
  ),
  (
    16,
    '2021-04-14',
    7,
    5,
    3,
    15000,
    '없음',
    6,
    'Y',
    'N',
    'eric',
    '2021-05-03 15:26:32',
    '2021-05-03 15:26:32'
  ),
  (
    17,
    '2021-04-27',
    5,
    5,
    2,
    200000,
    '없음',
    4,
    'Y',
    'N',
    'eric',
    '2021-05-03 15:27:48',
    '2023-10-26 12:57:16'
  ),
  (
    18,
    '2021-04-08',
    5,
    2,
    3,
    350200,
    '없음',
    6,
    'N',
    'N',
    'eric',
    '2021-05-03 15:32:54',
    '2021-05-11 14:18:19'
  ),
  (
    19,
    '2021-04-08',
    2,
    7,
    7,
    150000,
    '없음',
    4,
    'N',
    'N',
    'eric',
    '2021-05-03 15:39:21',
    '2021-05-04 16:48:44'
  ),
  (
    20,
    '2021-04-08',
    7,
    7,
    8,
    15000,
    '없음',
    7,
    'Y',
    'N',
    'eric',
    '2021-05-03 15:42:47',
    '2021-05-04 12:26:19'
  ),
  (
    21,
    '2021-04-20',
    6,
    7,
    9,
    350200,
    '없음',
    9,
    'Y',
    'N',
    'eric',
    '2021-05-04 16:20:57',
    '2023-10-24 16:52:03'
  ),
  (
    22,
    '2021-05-31',
    2,
    9,
    6,
    200000,
    '없음',
    11,
    'Y',
    'N',
    'eric',
    '2021-05-04 16:23:24',
    '2021-05-04 16:23:24'
  ),
  (
    23,
    '2021-05-26',
    6,
    8,
    4,
    3500000,
    '없음',
    11,
    'Y',
    'N',
    'eric',
    '2021-05-04 16:29:02',
    '2021-05-04 16:29:02'
  ),
  (
    24,
    '2021-05-25',
    7,
    8,
    7,
    3500000,
    '없음',
    12,
    'Y',
    'N',
    'eric',
    '2021-05-04 16:29:58',
    '2021-05-04 16:29:58'
  ),
  (
    25,
    '2021-05-05',
    2,
    200,
    7,
    30000,
    '',
    12,
    'Y',
    'N',
    'eric',
    '2021-05-05 20:01:45',
    '2021-05-05 20:01:45'
  ),
  (
    26,
    '2021-05-05',
    3,
    1000,
    7,
    400000,
    '',
    11,
    'Y',
    'N',
    'eric',
    '2021-05-05 20:01:45',
    '2021-05-05 20:01:45'
  ),
  (
    27,
    '2021-05-05',
    7,
    13,
    3,
    10000000,
    '',
    11,
    'Y',
    'N',
    'eric',
    '2021-05-05 20:01:45',
    '2023-09-27 16:42:48'
  ),
  (
    28,
    '2021-05-05',
    7,
    10,
    3,
    500000,
    '',
    9,
    'Y',
    'N',
    'eric',
    '2021-05-05 20:37:49',
    '2021-05-05 20:37:49'
  ),
  (
    29,
    '2021-05-05',
    3,
    230,
    7,
    300000,
    '없음',
    12,
    'N',
    'N',
    'eric',
    '2021-05-05 20:37:49',
    '2021-05-11 14:17:48'
  ),
  (
    30,
    '2021-05-26',
    2,
    8,
    3,
    3200,
    '없음',
    4,
    'Y',
    'N',
    'eric',
    '2021-05-07 17:52:15',
    '2021-05-07 17:52:15'
  ),
  (
    31,
    '2021-04-03',
    1,
    6,
    3,
    600000,
    '없음',
    2,
    'Y',
    'N',
    'eric',
    '2021-05-07 17:53:55',
    '2021-05-07 17:53:55'
  ),
  (
    32,
    '2021-05-07',
    6,
    4,
    13,
    3200,
    '없음',
    4,
    'Y',
    'N',
    'eric',
    '2021-05-07 18:13:30',
    '2021-05-07 18:13:30'
  ),
  (
    33,
    '2021-05-07',
    6,
    -6,
    11,
    3200,
    '없음',
    4,
    'Y',
    'N',
    'eric',
    '2021-05-07 18:14:55',
    '2021-05-07 18:14:55'
  ),
  (
    34,
    '2021-05-07',
    4,
    -6,
    11,
    100000,
    '없음',
    4,
    'N',
    'N',
    'eric',
    '2021-05-07 18:16:46',
    '2021-05-11 14:21:18'
  ),
  (
    35,
    '2021-04-15',
    7,
    -8,
    4,
    100000,
    '없음',
    5,
    'Y',
    'N',
    'eric',
    '2021-05-07 18:19:54',
    '2021-05-07 18:19:54'
  ),
  (
    36,
    '2021-05-07',
    2,
    -7,
    12,
    100000,
    '없음',
    3,
    'Y',
    'N',
    'eric',
    '2021-05-07 18:20:50',
    '2021-05-07 18:20:50'
  ),
  (
    37,
    '2021-05-10',
    2,
    -192,
    2,
    10000,
    '테스트 샘플',
    3,
    'Y',
    'N',
    'eric',
    '2021-05-10 16:12:04',
    '2021-05-10 16:12:04'
  ),
  (
    38,
    '2021-05-10',
    7,
    -12,
    3,
    30000,
    '테스트 샘플',
    4,
    'Y',
    'N',
    'eric',
    '2021-05-12 15:34:40',
    '2021-05-12 15:34:40'
  ),
  (
    39,
    '2021-05-10',
    8,
    -200,
    7,
    70000,
    '테스트 샘플',
    8,
    'Y',
    'N',
    'eric',
    '2021-05-12 16:01:46',
    '2021-05-12 16:01:46'
  ),
  (
    40,
    '2021-05-10',
    1,
    111,
    19,
    10000,
    '테스트 샘플',
    2,
    'Y',
    'N',
    'eric',
    '2021-05-13 13:47:37',
    '2023-10-25 18:10:43'
  ),
  (
    41,
    '2021-05-10',
    1,
    -192,
    2,
    10000,
    '테스트 샘플',
    2,
    'Y',
    'N',
    'eric',
    '2021-05-13 13:57:17',
    '2021-05-13 13:57:17'
  ),
  (
    42,
    '2021-05-10',
    1,
    -192,
    2,
    10000,
    '테스트 샘플',
    2,
    'Y',
    'N',
    'eric',
    '2021-05-13 14:15:25',
    '2021-05-13 14:15:25'
  ),
  (
    43,
    '2021-05-10',
    1,
    -192,
    2,
    10000,
    '테스트 샘플',
    2,
    'Y',
    'N',
    'eric',
    '2021-06-09 11:19:57',
    '2021-06-09 11:19:57'
  ),
  (
    44,
    '2019-06-11',
    11,
    -4,
    4,
    4000000,
    '없음',
    9,
    'Y',
    'N',
    'eric',
    '2021-06-09 13:56:57',
    '2021-06-09 13:56:57'
  ),
  (
    45,
    '2021-06-01',
    11,
    4,
    11,
    3000000,
    '없음',
    4,
    'Y',
    'N',
    'eric',
    '2021-06-09 13:57:47',
    '2023-10-25 10:54:11'
  ),
  (
    46,
    '2021-06-01',
    12,
    10,
    11,
    1200000,
    '없음',
    5,
    'Y',
    'N',
    'eric',
    '2021-06-09 13:58:13',
    '2021-06-09 13:58:13'
  ),
  (
    47,
    '2021-06-09',
    10,
    100,
    10,
    6000000,
    '없음',
    6,
    'Y',
    'N',
    'eric',
    '2021-06-09 13:58:41',
    '2021-06-09 13:58:41'
  ),
  (
    48,
    '2021-08-06',
    13,
    20,
    12,
    1000,
    '',
    9,
    'Y',
    'N',
    'eric',
    '2021-08-06 16:24:27',
    '2021-08-12 16:01:18'
  ),
  (
    49,
    '2021-08-06',
    13,
    -10,
    15,
    500,
    '없음',
    12,
    'Y',
    'N',
    'eric',
    '2021-08-06 16:29:04',
    '2021-08-06 16:29:04'
  ),
  (
    50,
    '2021-05-10',
    1,
    192,
    2,
    10000,
    '테스트 샘플',
    2,
    'Y',
    'N',
    'eric',
    '2021-08-06 16:52:03',
    '2021-08-06 16:52:03'
  ),
  (
    51,
    '2021-05-10',
    2,
    168,
    1,
    20000,
    '테스트 샘플',
    3,
    'Y',
    'N',
    'eric',
    '2021-08-06 16:52:03',
    '2021-08-06 16:52:03'
  ),
  (
    52,
    '2021-05-10',
    3,
    12,
    7,
    30000,
    '테스트 샘플',
    11,
    'Y',
    'N',
    'eric',
    '2021-08-06 16:52:03',
    '2023-10-25 10:34:41'
  ),
  (
    53,
    '2021-05-10',
    4,
    120,
    4,
    40000,
    '테스트 샘플',
    5,
    'N',
    'N',
    'eric',
    '2021-08-06 16:52:03',
    '2023-10-25 11:20:40'
  ),
  (
    54,
    '2021-05-10',
    5,
    19,
    19,
    500000,
    '테스트 샘플',
    11,
    'Y',
    'N',
    'eric',
    '2021-08-06 16:52:03',
    '2023-10-25 13:26:00'
  ),
  (
    55,
    '2021-05-10',
    6,
    300,
    6,
    60000,
    '테스트 샘플',
    7,
    'Y',
    'N',
    'eric',
    '2021-08-06 16:54:58',
    '2021-08-06 16:54:58'
  ),
  (
    56,
    '2021-05-10',
    7,
    5000,
    12,
    90000,
    '테스트 샘플',
    10,
    'Y',
    'N',
    'eric',
    '2021-08-06 16:54:59',
    '2021-08-06 16:54:59'
  ),
  (
    58,
    '2021-08-12',
    13,
    30,
    0,
    5000,
    '메모입니다.....',
    0,
    'Y',
    'N',
    'eric',
    '2021-08-12 15:38:53',
    '2023-10-25 13:13:45'
  ),
  (
    59,
    '2021-08-12',
    13,
    -3,
    5,
    500,
    '',
    3,
    'Y',
    'N',
    'eric',
    '2021-08-12 15:41:17',
    '2023-11-14 14:18:43'
  ),
  (
    60,
    '2021-08-17',
    2,
    -11,
    7,
    0,
    '',
    12,
    'Y',
    'N',
    'eric',
    '2021-08-17 14:32:09',
    '2021-08-17 14:32:09'
  ),
  (
    61,
    '2021-08-17',
    2,
    20,
    7,
    0,
    '',
    12,
    'Y',
    'N',
    'eric',
    '2021-08-17 14:38:34',
    '2021-08-17 14:38:34'
  ),
  (
    62,
    '2021-08-17',
    2,
    -10,
    7,
    1000,
    '',
    12,
    'Y',
    'N',
    'eric',
    '2021-08-17 14:39:13',
    '2021-08-17 14:39:13'
  ),
  (
    63,
    '2021-08-18',
    2,
    10,
    7,
    0,
    '',
    3,
    'Y',
    'N',
    'eric',
    '2021-08-18 10:59:48',
    '2021-08-18 10:59:48'
  ),
  (
    64,
    '2021-08-18',
    2,
    -10,
    7,
    0,
    '',
    3,
    'Y',
    'N',
    'eric',
    '2021-08-18 11:01:40',
    '2021-08-18 11:01:40'
  ),
  (
    65,
    '2021-08-18',
    1,
    11,
    7,
    1000,
    '',
    3,
    'Y',
    'N',
    'eric',
    '2021-08-18 11:10:04',
    '2023-07-13 11:16:07'
  ),
  (
    66,
    '2023-07-11',
    1,
    10,
    0,
    1000,
    '',
    0,
    'N',
    'N',
    'eric',
    '2023-07-11 14:23:27',
    '2023-07-11 14:24:45'
  ),
  (
    67,
    '2023-07-11',
    13,
    1,
    3,
    1000,
    '',
    11,
    'Y',
    'N',
    'eric',
    '2023-07-11 14:32:05',
    '2023-10-25 10:53:34'
  ),
  (
    68,
    '2023-07-11',
    6,
    1,
    4,
    1000,
    '',
    11,
    'Y',
    'N',
    'eric',
    '2023-07-11 14:32:05',
    '2023-10-25 10:18:02'
  ),
  (
    69,
    '2023-07-11',
    6,
    14,
    4,
    1000,
    '',
    11,
    'Y',
    'N',
    'eric',
    '2023-07-11 14:32:31',
    '2023-07-11 14:32:31'
  ),
  (
    70,
    '2023-07-11',
    13,
    1,
    3,
    1000,
    '',
    11,
    'Y',
    'N',
    'eric',
    '2023-07-11 14:32:31',
    '2023-07-11 14:32:31'
  ),
  (
    71,
    '2023-07-11',
    13,
    18,
    3,
    1000,
    '',
    11,
    'Y',
    'N',
    'eric',
    '2023-07-11 14:33:31',
    '2023-07-11 14:33:31'
  ),
  (
    72,
    '2023-07-11',
    6,
    14,
    4,
    2000,
    '',
    11,
    'Y',
    'N',
    'eric',
    '2023-07-11 14:33:31',
    '2023-07-11 14:33:31'
  ),
  (
    73,
    '2023-07-11',
    13,
    -1,
    15,
    10000,
    '',
    11,
    'Y',
    'N',
    'eric',
    '2023-07-11 14:34:05',
    '2023-07-11 14:36:21'
  ),
  (
    74,
    '2023-07-11',
    6,
    12,
    4,
    15000,
    '',
    11,
    'Y',
    'N',
    'eric',
    '2023-07-11 14:34:05',
    '2023-10-25 11:01:28'
  ),
  (
    75,
    '2023-11-23',
    6,
    10,
    4,
    100000,
    '',
    11,
    'Y',
    'N',
    'eric',
    '2023-07-11 14:36:55',
    '2023-10-25 11:01:42'
  ),
  (
    76,
    '2023-07-11',
    13,
    1,
    3,
    10000,
    '',
    11,
    'Y',
    'N',
    'eric',
    '2023-07-11 14:38:25',
    '2023-07-11 14:38:25'
  ),
  (
    77,
    '2023-07-13',
    19,
    10,
    1,
    1000,
    '',
    1,
    'Y',
    'N',
    'eric',
    '2023-07-13 10:46:10',
    '2023-07-13 10:47:52'
  ),
  (
    78,
    '2023-07-13',
    1,
    10,
    7,
    0,
    '',
    0,
    'Y',
    'N',
    'eric',
    '2023-07-13 13:11:09',
    '2023-07-13 13:11:09'
  ),
  (
    79,
    '2023-07-13',
    1,
    10,
    7,
    0,
    '',
    0,
    'Y',
    'N',
    'eric',
    '2023-07-13 13:14:19',
    '2023-07-13 13:14:19'
  ),
  (
    80,
    '2023-07-13',
    1,
    10,
    7,
    0,
    '',
    1,
    'Y',
    'N',
    'eric',
    '2023-07-13 13:48:28',
    '2023-07-13 13:48:28'
  ),
  (
    81,
    '2023-07-13',
    1,
    10,
    7,
    500,
    '',
    4,
    'Y',
    'N',
    'eric',
    '2023-07-13 13:49:12',
    '2023-07-13 13:49:12'
  ),
  (
    82,
    '2023-07-13',
    1,
    10,
    7,
    0,
    '',
    4,
    'Y',
    'N',
    'eric',
    '2023-07-13 13:53:27',
    '2023-07-13 13:53:27'
  ),
  (
    83,
    '2023-07-13',
    1,
    10,
    7,
    0,
    '',
    4,
    'Y',
    'N',
    'eric',
    '2023-07-13 13:54:08',
    '2023-07-13 13:54:08'
  ),
  (
    84,
    '2023-07-10',
    1,
    10,
    7,
    2000,
    '',
    1,
    'Y',
    'N',
    'eric',
    '2023-07-13 14:48:52',
    '2023-11-02 17:54:57'
  ),
  (
    85,
    '2023-07-08',
    1,
    10,
    2,
    2,
    '',
    1,
    'N',
    'N',
    'eric',
    '2023-07-13 14:49:25',
    '2023-11-02 17:43:09'
  ),
  (
    86,
    '2023-07-13',
    1,
    100,
    2,
    10000,
    '테스트 샘플',
    2,
    'Y',
    'N',
    'eric',
    '2023-07-13 15:07:58',
    '2023-07-13 15:07:58'
  ),
  (
    87,
    '2023-07-13',
    1,
    -100,
    2,
    10000,
    '테스트 샘플',
    2,
    'Y',
    'N',
    'eric',
    '2023-07-13 15:08:13',
    '2023-07-13 15:08:13'
  ),
  (
    88,
    '2023-07-13',
    0,
    100,
    9,
    10000,
    '테스트 샘플',
    5,
    'Y',
    'N',
    'eric',
    '2023-07-13 15:08:58',
    '2023-10-25 14:22:16'
  ),
  (
    89,
    '2023-07-14',
    4,
    -2,
    2,
    0,
    '',
    12,
    'Y',
    'N',
    'eric',
    '2023-07-14 10:29:17',
    '2023-10-26 13:32:04'
  ),
  (
    90,
    '2023-09-27',
    14,
    2,
    1,
    123,
    '',
    1,
    'Y',
    'N',
    'eric',
    '2023-09-27 14:56:41',
    '2023-09-27 14:56:41'
  ),
  (
    91,
    '2021-05-10',
    2,
    168,
    1,
    20000,
    '테스트 샘플',
    3,
    'Y',
    'N',
    'eric',
    '2023-10-18 13:57:56',
    '2023-10-18 13:57:56'
  ),
  (
    92,
    '2021-05-10',
    2,
    168,
    1,
    30000,
    '테스트 샘플',
    3,
    'Y',
    'N',
    'eric',
    '2023-10-18 14:00:55',
    '2023-10-18 14:00:55'
  ),
  (
    93,
    '2023-05-10',
    2,
    168,
    1,
    30000,
    '테스트 샘플',
    3,
    'Y',
    'N',
    'eric',
    '2023-10-18 14:02:28',
    '2023-10-18 14:02:28'
  ),
  (
    94,
    '2023-05-10',
    2,
    5000,
    1,
    20000,
    '테스트 샘플',
    3,
    'Y',
    'N',
    'eric',
    '2023-10-18 14:16:04',
    '2023-10-25 13:26:21'
  ),
  (
    95,
    '2023-10-25',
    16,
    0,
    0,
    0,
    '',
    0,
    'Y',
    'N',
    'eric',
    '2023-10-25 09:44:33',
    '2023-10-25 09:44:33'
  ),
  (
    96,
    '2023-10-25',
    7,
    0,
    3,
    0,
    '',
    11,
    'Y',
    'N',
    'eric',
    '2023-10-25 10:50:16',
    '2023-10-25 10:50:16'
  ),
  (
    97,
    '2023-10-25',
    10,
    0,
    2,
    0,
    '',
    1,
    'Y',
    'N',
    'eric',
    '2023-10-25 10:50:22',
    '2023-10-25 10:50:32'
  ),
  (
    98,
    '2023-10-25',
    6,
    0,
    4,
    0,
    '',
    11,
    'Y',
    'N',
    'eric',
    '2023-10-25 10:56:38',
    '2023-10-25 10:56:38'
  ),
  (
    99,
    '2023-10-25',
    6,
    0,
    0,
    0,
    '',
    0,
    'Y',
    'N',
    'eric',
    '2023-10-25 11:00:39',
    '2023-10-25 13:21:36'
  ),
  (
    100,
    '2023-10-25',
    27,
    12,
    9,
    12000,
    '123123',
    14,
    'N',
    'N',
    'eric',
    '2023-10-25 11:17:13',
    '2023-10-25 11:17:30'
  ),
  (
    101,
    '2023-10-25',
    27,
    666,
    8,
    25,
    '77777',
    4,
    'Y',
    'N',
    'eric',
    '2023-10-25 11:18:32',
    '2023-10-25 14:32:01'
  ),
  (
    102,
    '2021-05-10',
    4,
    120,
    4,
    40000,
    '테스트 샘플',
    5,
    'Y',
    'N',
    'eric',
    '2023-10-25 11:28:43',
    '2023-10-26 13:28:44'
  ),
  (
    103,
    '2023-10-25',
    27,
    0,
    0,
    0,
    '',
    0,
    'N',
    'N',
    'eric',
    '2023-10-25 13:45:04',
    '2023-10-25 14:09:45'
  ),
  (
    104,
    '2023-10-25',
    25,
    1,
    5,
    1,
    '',
    1,
    'Y',
    'N',
    'eric',
    '2023-10-25 15:24:22',
    '2023-10-25 15:24:22'
  ),
  (
    105,
    '2023-10-25',
    11,
    -5000,
    3,
    1000,
    '123123',
    1,
    'Y',
    'N',
    'eric',
    '2023-10-25 18:11:59',
    '2023-10-25 18:11:59'
  ),
  (
    106,
    '2023-10-25',
    29,
    -10,
    8,
    2000,
    '초콜릿메모',
    1,
    'N',
    'N',
    'eric',
    '2023-10-25 18:41:52',
    '2023-10-25 18:45:09'
  ),
  (
    107,
    '2023-10-25',
    29,
    3000,
    12,
    2000,
    '',
    4,
    'N',
    'N',
    'eric',
    '2023-10-25 18:44:42',
    '2023-11-15 15:53:45'
  ),
  (
    108,
    '2023-10-25',
    29,
    5000,
    11,
    2000,
    '초콜릿 메모',
    1,
    'Y',
    'N',
    'eric',
    '2023-10-25 18:46:07',
    '2023-11-15 15:55:08'
  ),
  (
    109,
    '2021-05-10',
    0,
    300,
    6,
    60000,
    '123',
    7,
    'Y',
    'N',
    'eric',
    '2023-10-25 19:22:27',
    '2023-10-25 19:22:27'
  ),
  (
    110,
    '2023-05-10',
    0,
    300,
    6,
    60000,
    '123',
    7,
    'Y',
    'N',
    'eric',
    '2023-10-25 19:22:58',
    '2023-10-25 19:22:58'
  ),
  (
    111,
    '2023-10-26',
    30,
    168,
    8,
    12000,
    '111',
    1,
    'Y',
    'N',
    'eric',
    '2023-10-26 09:40:22',
    '2023-10-26 09:40:22'
  ),
  (
    112,
    '2023-10-26',
    30,
    168,
    14,
    222,
    '11',
    1,
    'Y',
    'N',
    'eric',
    '2023-10-26 09:40:37',
    '2023-10-26 09:40:37'
  ),
  (
    113,
    '2023-10-26',
    30,
    168,
    15,
    12000,
    '',
    8,
    'Y',
    'N',
    'eric',
    '2023-10-26 09:41:49',
    '2023-10-26 09:41:49'
  ),
  (
    114,
    '2023-10-26',
    30,
    -123,
    12,
    213,
    '',
    13,
    'Y',
    'N',
    'eric',
    '2023-10-26 09:44:17',
    '2023-10-26 09:44:17'
  ),
  (
    115,
    '2023-10-26',
    30,
    -11,
    9,
    11,
    '',
    9,
    'Y',
    'N',
    'eric',
    '2023-10-26 09:45:57',
    '2023-10-26 09:45:57'
  ),
  (
    116,
    '2023-10-26',
    30,
    -111,
    13,
    11,
    '',
    11,
    'Y',
    'N',
    'eric',
    '2023-10-26 09:47:20',
    '2023-10-26 09:47:20'
  ),
  (
    117,
    '2023-10-26',
    30,
    -12,
    12,
    12000,
    '',
    5,
    'Y',
    'N',
    'eric',
    '2023-10-26 09:52:30',
    '2023-10-26 09:52:30'
  ),
  (
    118,
    '2023-10-26',
    27,
    100,
    16,
    12000,
    '메모용',
    12,
    'Y',
    'N',
    'eric',
    '2023-10-26 10:12:19',
    '2023-10-26 10:12:19'
  ),
  (
    119,
    '2023-10-26',
    27,
    100,
    5,
    12000,
    '22',
    1,
    'Y',
    'N',
    'eric',
    '2023-10-26 10:14:11',
    '2023-10-26 10:14:11'
  ),
  (
    120,
    '2023-10-26',
    27,
    100,
    14,
    9000,
    '',
    9,
    'Y',
    'N',
    'eric',
    '2023-10-26 10:14:54',
    '2023-10-26 10:14:54'
  ),
  (
    121,
    '2023-10-26',
    29,
    100,
    11,
    12000,
    '',
    4,
    'Y',
    'N',
    'eric',
    '2023-10-26 10:32:28',
    '2023-10-26 10:32:28'
  ),
  (
    122,
    '2023-10-26',
    12,
    -100,
    14,
    12000,
    '',
    10,
    'Y',
    'N',
    'eric',
    '2023-10-26 10:33:15',
    '2023-10-26 10:33:15'
  ),
  (
    123,
    '2023-10-26',
    2,
    90,
    8,
    90,
    '',
    10,
    'Y',
    'N',
    'eric',
    '2023-10-26 10:33:41',
    '2023-10-26 10:33:41'
  ),
  (
    124,
    '2021-05-10',
    4,
    1200,
    4,
    40000,
    '테스트 샘플',
    5,
    'Y',
    'N',
    'eric',
    '2023-10-26 10:44:28',
    '2023-10-26 10:44:28'
  ),
  (
    125,
    '2023-10-26',
    5,
    168,
    2,
    12000,
    '',
    6,
    'Y',
    'N',
    'eric',
    '2023-10-26 12:57:27',
    '2023-10-26 12:57:27'
  ),
  (
    126,
    '2023-10-26',
    12,
    5000,
    3,
    12000,
    '',
    1,
    'Y',
    'N',
    'eric',
    '2023-10-26 13:02:17',
    '2023-10-26 13:02:17'
  ),
  (
    127,
    '2023-10-26',
    32,
    -2,
    9,
    12000,
    '',
    3,
    'Y',
    'N',
    'eric',
    '2023-10-26 13:05:54',
    '2023-10-26 13:05:54'
  ),
  (
    128,
    '2021-05-10',
    2,
    168,
    1,
    20000,
    '테스트 샘플',
    3,
    'Y',
    'N',
    'eric',
    '2023-10-26 13:29:04',
    '2023-10-26 13:29:04'
  ),
  (
    129,
    '2023-10-26',
    3,
    -1111,
    14,
    1212,
    '',
    3,
    'Y',
    'N',
    'eric',
    '2023-10-26 15:59:22',
    '2023-10-26 15:59:22'
  ),
  (
    130,
    '2023-10-26',
    31,
    20,
    2,
    1000,
    '메모1',
    1,
    'Y',
    'N',
    'eric',
    '2023-10-26 17:49:04',
    '2023-10-26 17:50:02'
  ),
  (
    131,
    '2023-10-26',
    31,
    -10,
    2,
    1000,
    '메모2',
    1,
    'Y',
    'N',
    'eric',
    '2023-10-26 17:49:46',
    '2023-10-26 17:49:46'
  ),
  (
    132,
    '2021-05-10',
    35,
    200,
    7,
    70000,
    '테스트 샘플',
    8,
    'N',
    'N',
    'eric',
    '2023-10-26 18:12:33',
    '2023-10-31 14:51:00'
  ),
  (
    133,
    '2021-05-10',
    35,
    200,
    7,
    70000,
    '테스트 샘플',
    8,
    'N',
    'N',
    'eric',
    '2023-10-26 18:12:39',
    '2023-10-31 14:51:04'
  ),
  (
    134,
    '2021-05-10',
    2,
    168,
    1,
    20000,
    '테스트 샘플',
    3,
    'Y',
    'N',
    'eric',
    '2023-10-27 10:24:29',
    '2023-10-27 10:24:29'
  ),
  (
    135,
    '2023-10-30',
    34,
    120,
    13,
    2000,
    '',
    6,
    'Y',
    'N',
    'eric',
    '2023-10-30 13:00:06',
    '2023-10-30 13:00:06'
  ),
  (
    136,
    '2023-10-30',
    33,
    120,
    12,
    25,
    '',
    5,
    'Y',
    'N',
    'eric',
    '2023-10-30 13:00:06',
    '2023-10-30 13:00:06'
  ),
  (
    137,
    '2023-10-30',
    34,
    1,
    12,
    222,
    '',
    6,
    'Y',
    'N',
    'eric',
    '2023-10-30 13:02:08',
    '2023-10-30 13:02:08'
  ),
  (
    138,
    '2023-10-30',
    33,
    1,
    13,
    333,
    '',
    5,
    'Y',
    'N',
    'eric',
    '2023-10-30 13:02:08',
    '2023-10-30 13:02:08'
  ),
  (
    139,
    '2023-10-30',
    34,
    -11,
    1,
    1111,
    '111',
    1,
    'Y',
    'N',
    'eric',
    '2023-10-30 14:07:35',
    '2023-10-30 14:08:52'
  ),
  (
    140,
    '2023-10-30',
    26,
    11,
    5,
    111,
    '',
    1,
    'Y',
    'N',
    'eric',
    '2023-10-30 14:10:21',
    '2023-10-30 14:10:21'
  ),
  (
    141,
    '2023-10-31',
    35,
    120,
    12,
    25,
    '',
    6,
    'Y',
    'N',
    'eric',
    '2023-10-31 10:12:52',
    '2023-10-31 10:12:52'
  ),
  (
    142,
    '2023-10-31',
    26,
    120,
    13,
    2,
    '',
    1,
    'Y',
    'N',
    'eric',
    '2023-10-31 10:22:59',
    '2023-10-31 10:22:59'
  ),
  (
    143,
    '2023-10-31',
    35,
    1,
    1,
    222,
    '',
    1,
    'Y',
    'N',
    'eric',
    '2023-10-31 10:40:19',
    '2023-10-31 10:40:19'
  ),
  (
    144,
    '2023-10-31',
    35,
    -22,
    1,
    2222,
    '',
    1,
    'Y',
    'N',
    'eric',
    '2023-10-31 10:41:06',
    '2023-10-31 10:41:06'
  ),
  (
    145,
    '2021-05-10',
    6,
    300,
    6,
    60000,
    '테스트 샘플',
    7,
    'Y',
    'N',
    'eric',
    '2023-10-31 10:49:57',
    '2023-10-31 10:49:57'
  ),
  (
    146,
    '2023-10-31',
    31,
    120,
    12,
    25,
    '',
    1,
    'Y',
    'N',
    'eric',
    '2023-10-31 11:35:51',
    '2023-10-31 11:35:51'
  ),
  (
    147,
    '2023-10-31',
    27,
    123,
    2,
    123,
    '',
    11,
    'Y',
    'N',
    'eric',
    '2023-10-31 13:13:22',
    '2023-10-31 13:13:22'
  ),
  (
    148,
    '2023-10-31',
    33,
    120,
    2,
    25,
    '',
    1,
    'Y',
    'N',
    'eric',
    '2023-10-31 13:58:41',
    '2023-10-31 13:58:41'
  ),
  (
    149,
    '2023-10-31',
    31,
    5000,
    12,
    200000,
    '',
    1,
    'Y',
    'N',
    'eric',
    '2023-10-31 14:50:11',
    '2023-10-31 14:50:11'
  ),
  (
    150,
    '2023-10-31',
    35,
    5000,
    13,
    12000,
    '',
    6,
    'N',
    'N',
    'eric',
    '2023-10-31 14:50:33',
    '2023-10-31 14:50:55'
  ),
  (
    151,
    '2021-05-10',
    0,
    200,
    7,
    70000,
    '테스트 샘플',
    8,
    'Y',
    'N',
    'eric',
    '2023-10-31 17:23:12',
    '2023-10-31 17:23:12'
  ),
  (
    152,
    '2021-05-10',
    0,
    200,
    7,
    70000,
    '테스트 샘플',
    8,
    'Y',
    'N',
    'eric',
    '2023-10-31 17:24:10',
    '2023-10-31 17:24:10'
  ),
  (
    153,
    '2021-05-10',
    0,
    1400,
    8,
    800000,
    '테스트 샘플',
    9,
    'Y',
    'N',
    'eric',
    '2023-10-31 17:24:58',
    '2023-10-31 17:24:58'
  ),
  (
    154,
    '2021-05-10',
    36,
    168,
    1,
    20000,
    '테스트 샘플',
    3,
    'Y',
    'N',
    'eric',
    '2023-10-31 17:25:57',
    '2023-10-31 17:25:57'
  ),
  (
    155,
    '2021-05-10',
    36,
    192,
    5,
    10000,
    '테스트 샘플',
    2,
    'Y',
    'N',
    'eric',
    '2023-10-31 17:33:27',
    '2023-10-31 17:33:27'
  ),
  (
    161,
    '2023-11-10',
    1,
    192,
    2,
    10000,
    '테스트 샘플',
    2,
    'Y',
    'N',
    'eric',
    '2023-11-01 11:10:19',
    '2023-11-01 11:10:19'
  ),
  (
    162,
    '2023-11-11',
    1,
    1920,
    2,
    10000,
    '테스트 샘플',
    2,
    'Y',
    'N',
    'eric',
    '2023-11-01 11:13:02',
    '2023-11-01 11:13:02'
  ),
  (
    163,
    '2023-11-01',
    35,
    5000,
    12,
    2000,
    '',
    1,
    'Y',
    'N',
    'eric',
    '2023-11-01 11:14:41',
    '2023-11-01 11:14:41'
  ),
  (
    164,
    '2023-11-01',
    34,
    5000,
    12,
    2000,
    '',
    1,
    'Y',
    'N',
    'eric',
    '2023-11-01 11:14:41',
    '2023-11-01 11:14:41'
  ),
  (
    165,
    '2023-11-01',
    34,
    120,
    4,
    25,
    '',
    11,
    'Y',
    'N',
    'eric',
    '2023-11-01 14:01:39',
    '2023-11-01 14:01:39'
  ),
  (
    166,
    '2023-11-01',
    35,
    120,
    12,
    2000,
    '',
    1,
    'Y',
    'N',
    'eric',
    '2023-11-01 14:04:44',
    '2023-11-01 14:04:44'
  ),
  (
    167,
    '2023-11-02',
    16,
    9,
    15,
    3900,
    '',
    1,
    'Y',
    'N',
    'eric',
    '2023-11-02 17:13:57',
    '2023-11-02 17:13:57'
  ),
  (
    168,
    '2023-11-02',
    16,
    5000,
    12,
    200000,
    '',
    1,
    'Y',
    'N',
    'eric',
    '2023-11-02 17:16:21',
    '2023-11-02 17:16:21'
  ),
  (
    169,
    '2023-11-02',
    16,
    5000,
    9,
    2000,
    '',
    1,
    'Y',
    'N',
    'eric',
    '2023-11-02 17:35:04',
    '2023-11-02 17:52:05'
  ),
  (
    170,
    '2023-11-02',
    33,
    123,
    3,
    123,
    '123',
    2,
    'N',
    'N',
    'eric',
    '2023-11-02 17:45:06',
    '2023-11-02 17:45:06'
  ),
  (
    171,
    '2023-11-02',
    16,
    123,
    9,
    123,
    '123',
    1,
    'Y',
    'N',
    'eric',
    '2023-11-02 17:46:49',
    '2023-11-02 17:46:49'
  ),
  (
    172,
    '2023-11-02',
    30,
    123,
    6,
    123,
    '123',
    2,
    'N',
    'Y',
    'eric',
    '2023-11-02 17:50:41',
    '2023-11-02 17:50:47'
  ),
  (
    173,
    '2023-11-02',
    30,
    123,
    3,
    213,
    '123',
    1,
    'N',
    'Y',
    'eric',
    '2023-11-02 17:51:17',
    '2023-11-02 17:51:17'
  ),
  (
    174,
    '2023-11-03',
    31,
    120,
    12,
    200000,
    '',
    1,
    'Y',
    'N',
    'eric',
    '2023-11-03 09:53:28',
    '2023-11-03 09:53:28'
  ),
  (
    175,
    '2023-11-03',
    6,
    120,
    4,
    2000,
    '',
    1,
    'Y',
    'N',
    'eric',
    '2023-11-03 09:53:28',
    '2023-11-03 09:53:28'
  ),
  (
    176,
    '2023-11-03',
    1,
    123,
    7,
    123,
    '',
    1,
    'Y',
    'Y',
    'eric',
    '2023-11-03 10:04:09',
    '2023-11-03 10:04:09'
  ),
  (
    177,
    '2023-11-03',
    1,
    444,
    7,
    444,
    '',
    8,
    'Y',
    'N',
    'eric',
    '2023-11-03 10:07:57',
    '2023-11-03 10:07:57'
  ),
  (
    178,
    '2023-11-03',
    1,
    44444444,
    7,
    44444444,
    '',
    6,
    'Y',
    'Y',
    'eric',
    '2023-11-03 10:08:15',
    '2023-11-03 10:08:15'
  ),
  (
    184,
    '2021-05-10',
    2,
    168,
    1,
    20000,
    '테스트 샘플',
    3,
    'Y',
    'N',
    'eric',
    '2023-11-03 10:24:36',
    '2023-11-03 10:24:36'
  ),
  (
    185,
    '2021-05-10',
    2,
    168,
    12,
    20000,
    '테스트 샘플',
    3,
    'Y',
    'N',
    'eric',
    '2023-11-03 10:25:11',
    '2023-11-03 10:25:11'
  ),
  (
    186,
    '2023-11-03',
    34,
    123,
    12,
    123,
    '',
    5,
    'Y',
    'Y',
    'eric',
    '2023-11-03 10:57:46',
    '2023-11-03 10:57:46'
  ),
  (
    187,
    '2023-11-03',
    30,
    123,
    2,
    123,
    '122',
    5,
    'Y',
    'Y',
    'eric',
    '2023-11-03 11:06:55',
    '2023-11-03 11:06:55'
  ),
  (
    188,
    '2023-11-03',
    31,
    123,
    1,
    123,
    '',
    7,
    'Y',
    'Y',
    'eric',
    '2023-11-03 11:13:37',
    '2023-11-03 11:13:37'
  ),
  (
    189,
    '2023-11-03',
    39,
    444,
    12,
    444,
    '123',
    9,
    'Y',
    'Y',
    'eric',
    '2023-11-03 11:13:50',
    '2023-11-03 11:13:50'
  ),
  (
    190,
    '2023-11-03',
    39,
    123,
    15,
    123,
    '123',
    4,
    'Y',
    'Y',
    'eric',
    '2023-11-03 11:14:20',
    '2023-11-03 11:14:20'
  ),
  (
    191,
    '2023-11-03',
    39,
    12,
    12,
    12,
    '12',
    10,
    'Y',
    'Y',
    'eric',
    '2023-11-03 11:17:43',
    '2023-11-03 11:17:43'
  ),
  (
    192,
    '2023-11-03',
    39,
    123,
    11,
    123,
    '',
    7,
    'Y',
    'Y',
    'eric',
    '2023-11-03 11:20:26',
    '2023-11-03 11:20:26'
  ),
  (
    193,
    '2023-11-03',
    39,
    -123,
    7,
    123,
    '',
    1,
    'Y',
    'Y',
    'eric',
    '2023-11-03 14:26:14',
    '2023-11-03 14:26:14'
  ),
  (
    194,
    '2023-11-13',
    31,
    -1,
    2,
    1000,
    '',
    11,
    'Y',
    'N',
    'eric',
    '2023-11-13 13:56:33',
    '2023-11-13 13:56:33'
  ),
  (
    195,
    '2023-11-13',
    26,
    10,
    2,
    100,
    '',
    1,
    'Y',
    'N',
    'eric',
    '2023-11-13 13:59:35',
    '2023-11-13 13:59:35'
  ),
  (
    196,
    '2023-11-13',
    38,
    1,
    5,
    100,
    '',
    14,
    'Y',
    'N',
    'eric',
    '2023-11-13 14:01:39',
    '2023-11-13 14:01:39'
  ),
  (
    197,
    '2023-11-13',
    6,
    1,
    5,
    100,
    '',
    14,
    'Y',
    'N',
    'eric',
    '2023-11-13 14:01:39',
    '2023-11-13 14:01:39'
  ),
  (
    198,
    '2023-11-13',
    31,
    1,
    5,
    100,
    '',
    14,
    'Y',
    'N',
    'eric',
    '2023-11-13 14:01:39',
    '2023-11-13 14:01:39'
  ),
  (
    199,
    '2023-11-13',
    6,
    100,
    4,
    100,
    '',
    11,
    'Y',
    'Y',
    'eric',
    '2023-11-13 14:02:59',
    '2023-11-13 14:02:59'
  ),
  (
    200,
    '2021-05-10',
    0,
    192,
    2,
    10000,
    '테스트 샘플',
    2,
    'Y',
    'N',
    'eric',
    '2023-11-13 15:33:07',
    '2023-11-13 15:33:07'
  ),
  (
    201,
    '2021-05-10',
    0,
    12,
    3,
    30000,
    '테스트 샘플',
    4,
    'Y',
    'N',
    'eric',
    '2023-11-13 15:33:07',
    '2023-11-13 15:33:07'
  ),
  (
    202,
    '2021-05-10',
    0,
    10000,
    2,
    4,
    '테스트 샘플',
    2,
    'Y',
    'N',
    'eric',
    '2023-11-13 15:33:52',
    '2023-11-13 15:33:52'
  ),
  (
    203,
    '2021-05-10',
    0,
    10000,
    3,
    4,
    '테스트 샘플',
    4,
    'Y',
    'N',
    'eric',
    '2023-11-13 15:33:53',
    '2023-11-13 15:33:53'
  ),
  (
    204,
    '2023-11-14',
    1,
    192,
    2,
    10000,
    '테스트 샘플',
    2,
    'Y',
    'N',
    'eric',
    '2023-11-14 14:11:29',
    '2023-11-14 14:11:29'
  ),
  (
    205,
    '2023-11-14',
    5,
    19,
    5,
    500000,
    '테스트 샘플',
    6,
    'Y',
    'N',
    'eric',
    '2023-11-14 14:19:01',
    '2023-11-14 14:19:01'
  ),
  (
    206,
    '2023-11-14',
    13,
    1000,
    3,
    40000,
    '',
    2,
    'Y',
    'Y',
    'eric',
    '2023-11-14 14:20:11',
    '2023-11-14 14:20:11'
  ),
  (
    207,
    '2023-11-15',
    41,
    120,
    10,
    200000,
    '',
    8,
    'Y',
    'N',
    'eric',
    '2023-11-15 14:27:37',
    '2023-11-15 14:27:37'
  ),
  (
    208,
    '2023-11-15',
    40,
    120,
    10,
    200000,
    '',
    3,
    'Y',
    'N',
    'eric',
    '2023-11-15 14:30:00',
    '2023-11-15 14:30:00'
  ),
  (
    209,
    '2023-11-15',
    29,
    100,
    12,
    12000,
    '',
    1,
    'Y',
    'N',
    'eric',
    '2023-11-15 15:56:02',
    '2023-11-15 15:56:02'
  ),
  (
    210,
    '2023-11-15',
    29,
    -200,
    12,
    200000,
    '',
    4,
    'Y',
    'N',
    'eric',
    '2023-11-15 16:26:50',
    '2023-11-15 16:26:50'
  ),
  (
    211,
    '2023-11-14',
    0,
    192,
    0,
    10000,
    '테스트 샘플',
    0,
    'Y',
    'N',
    'eric',
    '2023-11-20 12:40:47',
    '2023-11-20 12:40:47'
  ),
  (
    212,
    '2023-11-14',
    0,
    300,
    0,
    60000,
    '테스트 샘플',
    0,
    'Y',
    'N',
    'eric',
    '2023-11-20 12:41:53',
    '2023-11-20 12:41:53'
  ),
  (
    213,
    '2023-11-14',
    0,
    300,
    0,
    60000,
    '테스트 샘플',
    0,
    'Y',
    'N',
    'eric',
    '2023-11-20 12:42:56',
    '2023-11-20 12:42:56'
  ),
  (
    214,
    '2023-11-14',
    39,
    1400,
    8,
    800000,
    '테스트 샘플',
    9,
    'Y',
    'N',
    'eric',
    '2023-11-20 12:51:33',
    '2023-11-20 12:51:33'
  ),
  (
    215,
    '2023-11-14',
    39,
    1400,
    3,
    800000,
    '테스트 샘플',
    9,
    'Y',
    'N',
    'eric',
    '2023-11-20 12:52:04',
    '2023-11-20 12:52:04'
  ),
  (
    216,
    '2023-11-20',
    46,
    123,
    2,
    123,
    '',
    6,
    'Y',
    'N',
    'eric',
    '2023-11-20 13:11:49',
    '2023-11-20 13:11:49'
  ),
  (
    217,
    '2023-11-14',
    0,
    192,
    2,
    10000,
    '테스트 샘플',
    2,
    'Y',
    'N',
    '123',
    '2024-12-10 22:21:28',
    '2024-12-10 22:21:28'
  );

/*!40000 ALTER TABLE `tblProductInOut` ENABLE KEYS */;

UNLOCK TABLES;

/**************************************************************************************************/
DROP TABLE IF EXISTS `tblResource`;

/*!40101 SET @saved_cs_client = @@character_set_client */;
/*!50503 SET character_set_client = utf8mb4 */;

CREATE TABLE `tblResource` (
  `resrcCd` INT NOT NULL AUTO_INCREMENT COMMENT '자재 코드',
  `resrcNm` VARCHAR(300) CHARACTER SET utf8mb4 DEFAULT '' COMMENT '자재명',
  `resrcType` VARCHAR(5) CHARACTER SET utf8mb4 DEFAULT '' COMMENT '자재분류(원/부)',
  `houseCd` INT DEFAULT '0' COMMENT '창고',
  `protectedQty` INT DEFAULT '0' COMMENT '안전재고',
  `maker` VARCHAR(50) CHARACTER SET utf8mb4 DEFAULT '' COMMENT '제조사',
  `unit` VARCHAR(5) CHARACTER SET utf8mb4 DEFAULT '' COMMENT '단위',
  `quality` VARCHAR(50) CHARACTER SET utf8mb4 DEFAULT '0' COMMENT '재질',
  `option1` VARCHAR(50) CHARACTER SET utf8mb4 DEFAULT '' COMMENT '규격',
  `option2` VARCHAR(50) CHARACTER SET utf8mb4 DEFAULT '' COMMENT '사양',
  `unitPrice` DECIMAL(18, 0) DEFAULT '0' COMMENT '표준단가',
  `compCd` INT DEFAULT '0' COMMENT '기본거래처',
  `remarks` VARCHAR(3000) CHARACTER SET utf8mb4 DEFAULT '' COMMENT '비고',
  `barcode` VARCHAR(8) CHARACTER SET utf8mb4 DEFAULT '' COMMENT '바코드(R+prodCd, 빈자리 0으로채움)',
  `flagYn` VARCHAR(1) CHARACTER SET utf8mb4 DEFAULT 'Y' COMMENT '삭제여부(Y:유효/N:삭제)',
  `issueId` VARCHAR(20) CHARACTER SET utf8mb4 DEFAULT '' COMMENT '최종저장자',
  `regDt` datetime DEFAULT NULL COMMENT '최초저장일',
  `issueDt` datetime DEFAULT NULL COMMENT '최종저장일',
  PRIMARY KEY (`resrcCd`)
)
ENGINE = InnoDB AUTO_INCREMENT = 38 DEFAULT CHARSET = utf8mb4 COLLATE = utf8mb4_0900_ai_ci ROW_FORMAT = COMPACT COMMENT = '자재관리';

/*!40101 SET character_set_client = @saved_cs_client */;

LOCK TABLES `tblResource` WRITE;

/*!40000 ALTER TABLE `tblResource` DISABLE KEYS */;

INSERT INTO
  `tblResource`
VALUES
  (
    1,
    'PLC-K3.0',
    'O',
    7,
    10,
    '제조사',
    'EA',
    '좋은재질k',
    '사양 1',
    '사양 2',
    350200,
    0,
    NULL,
    'S0000010',
    'Y',
    'eric',
    '2021-04-21 17:53:29',
    '2021-05-21 15:29:58'
  ),
  (
    2,
    '94AH Anvil',
    'S',
    11,
    30,
    '주문형',
    '문',
    '삧갈 고운 외관',
    'Silver',
    '',
    3500000,
    0,
    NULL,
    'S0000020',
    'Y',
    'eric',
    '2021-04-21 19:34:19',
    '2021-05-21 15:29:54'
  ),
  (
    3,
    'SKD 11',
    'O',
    12,
    20,
    '주문',
    '개',
    '실리콘',
    '보수전용',
    '외부크랙',
    35200,
    0,
    NULL,
    'S0000030',
    'Y',
    'eric',
    '2021-04-26 17:23:24',
    '2021-05-21 15:30:02'
  ),
  (
    4,
    '보쉬 드라이버드릴 헤더 GSR120-LI',
    'O',
    3,
    200,
    '메이슨',
    '개',
    '쇠',
    '',
    '',
    15000,
    0,
    NULL,
    'S0000040',
    'Y',
    'eric',
    '2021-04-30 14:15:18',
    '2021-05-21 15:29:24'
  ),
  (
    5,
    '알루미늄 케이스 KE-483513 가방',
    'S',
    2,
    30,
    '메이슨',
    '개',
    '알루미늄',
    '',
    '',
    35000,
    0,
    NULL,
    '',
    'N',
    'eric',
    '2021-04-30 14:58:10',
    '2021-05-11 15:03:11'
  ),
  (
    6,
    '11mm 환봉',
    'S',
    0,
    4,
    '닌텐도',
    '개',
    '플라스틱',
    '',
    '',
    150000,
    0,
    '',
    'S0000060',
    'Y',
    'eric',
    '2021-04-30 15:00:54',
    '2023-10-26 17:58:54'
  ),
  (
    7,
    '외곽 하드 케이스 커버',
    'S',
    7,
    300,
    '메이슨',
    '개',
    '쇠',
    '',
    '',
    14000,
    0,
    NULL,
    'S0000070',
    'Y',
    'eric',
    '2021-04-30 15:07:59',
    '2021-05-21 15:30:13'
  ),
  (
    8,
    '쓲쓲메모지',
    'O',
    9,
    5500,
    '유한종이',
    '장',
    '종이',
    '닥종이',
    '튼튼페이퍼',
    3000,
    0,
    NULL,
    'S0000080',
    'Y',
    'eric',
    '2021-05-11 14:33:11',
    '2021-05-21 15:30:05'
  ),
  (
    9,
    'S Note Pen',
    'O',
    6,
    200,
    '삼성',
    '개',
    '쇠',
    '2*2*2',
    '최고',
    10000,
    2,
    '안녕하세요',
    'S0000090',
    'N',
    'eric',
    '2021-08-18 14:42:30',
    '2021-08-19 10:37:43'
  ),
  (
    10,
    '테스트 자재',
    '',
    7,
    0,
    '',
    '',
    '',
    '',
    '',
    15000,
    0,
    NULL,
    'S0000100',
    'N',
    'eric',
    '2023-07-11 15:49:29',
    '2023-07-11 15:49:37'
  ),
  (
    11,
    '테스트 자재',
    '',
    1,
    0,
    '',
    '',
    '',
    '',
    '',
    0,
    0,
    NULL,
    'S0000110',
    'Y',
    'eric',
    '2023-07-13 16:05:06',
    '2023-07-13 16:05:06'
  ),
  (
    12,
    '테스트 자재2',
    '',
    2,
    0,
    '',
    '',
    '',
    '',
    '',
    0,
    0,
    NULL,
    'S0000120',
    'Y',
    'eric',
    '2023-07-13 16:07:54',
    '2023-07-13 16:07:54'
  ),
  (
    13,
    '딜리코 제품',
    '',
    1,
    20,
    '딜리코',
    '대',
    '플라스틱',
    NULL,
    NULL,
    830000,
    0,
    NULL,
    'S0000130',
    'Y',
    'eric',
    '2023-07-14 11:25:46',
    '2023-07-14 11:25:46'
  ),
  (
    14,
    '딜리코 제품2',
    '',
    0,
    10,
    '딜리코',
    '대',
    '플라스틱',
    '',
    '',
    50000,
    0,
    '',
    'S0000140',
    'N',
    'eric',
    '2023-07-14 11:26:35',
    '2023-10-26 17:59:57'
  ),
  (
    15,
    '핑크 단추',
    'S',
    6,
    10,
    '나이키',
    '개',
    '핑크',
    '작음',
    '그냥그럼',
    1000,
    0,
    '메모',
    'S0000150',
    'Y',
    'eric',
    '2023-10-26 17:58:04',
    '2023-10-30 10:30:57'
  ),
  (
    16,
    '테스트 자재',
    '',
    1,
    20,
    '딜리코',
    '대',
    '플라스틱',
    NULL,
    NULL,
    830000,
    0,
    NULL,
    'S0000160',
    'Y',
    'eric',
    '2023-10-26 18:05:27',
    '2023-10-26 18:05:27'
  ),
  (
    17,
    '테스트 자재1',
    '',
    1,
    20,
    '딜리코',
    '대',
    '플라스틱',
    NULL,
    NULL,
    830000,
    0,
    NULL,
    'S0000170',
    'Y',
    'eric',
    '2023-10-26 18:05:50',
    '2023-10-26 18:05:50'
  ),
  (
    18,
    '테스트 자재2',
    '',
    2,
    300,
    '삼성',
    '대',
    '반도체',
    NULL,
    NULL,
    1180000,
    0,
    NULL,
    'S0000180',
    'Y',
    'eric',
    '2023-10-26 18:05:50',
    '2023-10-26 18:05:50'
  ),
  (
    19,
    '명함',
    'O',
    9,
    200,
    '메이슨',
    'EA',
    '플라스틱',
    '큰 사이즈',
    '사양 2',
    12000,
    0,
    '메모',
    'S0000190',
    'Y',
    'eric',
    '2023-10-27 10:14:05',
    '2023-10-27 10:14:05'
  ),
  (
    20,
    '커피콩',
    '',
    1,
    20,
    '딜리코',
    '대',
    '플라스틱',
    '콩',
    NULL,
    830000,
    0,
    NULL,
    'S0000200',
    'Y',
    'eric',
    '2023-10-27 10:23:10',
    '2023-10-27 10:23:10'
  ),
  (
    21,
    '껌',
    '',
    2,
    300,
    '삼성',
    '대',
    '반도체',
    '',
    NULL,
    1180000,
    0,
    NULL,
    'S0000210',
    'Y',
    'eric',
    '2023-10-27 10:23:10',
    '2023-10-27 10:23:10'
  ),
  (
    22,
    '애벌레 자재2',
    'O',
    12,
    20,
    '딜리코',
    '대',
    '플라스틱',
    'EA',
    '대',
    830000,
    0,
    NULL,
    'S0000220',
    'Y',
    'eric',
    '2023-11-13 15:19:04',
    '2023-11-13 15:19:04'
  ),
  (
    23,
    '망고 자재',
    'O',
    12,
    300,
    '삼성',
    '대',
    '반도체',
    'P',
    '중',
    1180000,
    0,
    NULL,
    'S0000230',
    'Y',
    'eric',
    '2023-11-13 15:19:04',
    '2023-11-13 15:19:04'
  ),
  (
    24,
    '외곽 하드 케이스 커버',
    'S',
    7,
    300,
    '메이슨',
    '개',
    '',
    '',
    '쇠',
    14000,
    2,
    '',
    'S0000240',
    'Y',
    '123',
    '2024-12-08 13:09:12',
    '2024-12-08 13:09:12'
  ),
  (
    25,
    '핑크 단추',
    'S',
    6,
    10,
    '나이키',
    '개',
    '작음',
    '그냥그럼',
    '핑크',
    1000,
    12,
    '메모',
    'S0000250',
    'Y',
    '123',
    '2024-12-09 14:53:46',
    '2024-12-09 14:53:46'
  ),
  (
    26,
    '외곽 하드 케이스 커버',
    'S',
    7,
    300,
    '메이슨',
    '개',
    '',
    '쇠',
    '',
    14000,
    2,
    '',
    'S0000260',
    'Y',
    '123',
    '2024-12-09 15:09:55',
    '2024-12-09 15:09:55'
  ),
  (
    27,
    '외곽 하드 케이스 커버',
    'S',
    7,
    300,
    '메이슨',
    '개',
    '',
    '',
    '쇠',
    14000,
    1,
    '',
    'S0000270',
    'Y',
    '123',
    '2024-12-09 15:10:04',
    '2024-12-09 15:10:04'
  ),
  (
    30,
    '애벌레',
    '내수용',
    2,
    20,
    '딜리코',
    '대',
    '플라스틱',
    'EA',
    '대',
    830000,
    1,
    NULL,
    'S0000300',
    'Y',
    '123',
    '2024-12-09 22:44:43',
    '2024-12-09 22:44:43'
  ),
  (
    31,
    '대봉투',
    '',
    4,
    200,
    '애클랜드',
    '개',
    '강철',
    'CC',
    '소',
    3900,
    3,
    '',
    'S0000310',
    'N',
    '123',
    '2024-12-09 22:44:43',
    '2024-12-09 23:04:48'
  ),
  (
    35,
    '대봉투',
    '',
    4,
    200,
    '애클랜드',
    '개',
    '강철',
    'CC',
    '소',
    3900,
    3,
    '',
    'S0000350',
    'N',
    '123',
    '2024-12-09 22:53:04',
    '2024-12-09 22:53:04'
  ),
  (
    36,
    '대봉투',
    '',
    4,
    200,
    '애클랜드',
    '개',
    '강철',
    'CC',
    '소',
    3900,
    3,
    '',
    'S0000360',
    'N',
    '123',
    '2024-12-09 23:02:07',
    '2024-12-09 23:02:07'
  ),
  (
    37,
    '애벌레',
    '',
    2,
    20,
    '딜리코',
    '대',
    '플라스틱',
    'EA',
    '대',
    830000,
    1,
    '',
    'S0000370',
    'N',
    '123',
    '2024-12-09 23:09:40',
    '2024-12-09 23:09:49'
  );

/*!40000 ALTER TABLE `tblResource` ENABLE KEYS */;

UNLOCK TABLES;

/**************************************************************************************************/
DROP TABLE IF EXISTS `tblResourceInOut`;

/*!40101 SET @saved_cs_client = @@character_set_client */;
/*!50503 SET character_set_client = utf8mb4 */;

CREATE TABLE `tblResourceInOut` (
  `inOutSeq` INT unsigned NOT NULL AUTO_INCREMENT COMMENT '입출고 시퀀스',
  `inOutDt` VARCHAR(10) CHARACTER SET utf8mb4 DEFAULT '' COMMENT '일자',
  `resrcCd` INT DEFAULT '0' COMMENT '제품 시퀀스',
  `qty` INT DEFAULT '0' COMMENT '수량',
  `houseCd` INT DEFAULT '0' COMMENT '창고',
  `unitPrice` DECIMAL(15, 0) DEFAULT '0' COMMENT '단가',
  `remarks` VARCHAR(1000) CHARACTER SET utf8mb4 DEFAULT '' COMMENT '용처',
  `compCd` INT DEFAULT '0' COMMENT '거래처 코드',
  `flagYn` VARCHAR(1) CHARACTER SET utf8mb4 DEFAULT 'Y' COMMENT '삭제여부(Y:유효/N:삭제)',
  `planYn` VARCHAR(1) CHARACTER SET utf8mb4 DEFAULT 'N' COMMENT '입출고예정여부',
  `issueId` VARCHAR(20) CHARACTER SET utf8mb4 DEFAULT '' COMMENT '최종저장자',
  `regDt` datetime DEFAULT NULL COMMENT '최초저장일',
  `issueDt` datetime DEFAULT NULL COMMENT '최종저장일',
  PRIMARY KEY (`inOutSeq`)
)
ENGINE = InnoDB AUTO_INCREMENT = 86 DEFAULT CHARSET = utf8mb4 COLLATE = utf8mb4_0900_ai_ci ROW_FORMAT = COMPACT COMMENT = '제품입출고관리';

/*!40101 SET character_set_client = @saved_cs_client */;

LOCK TABLES `tblResourceInOut` WRITE;

/*!40000 ALTER TABLE `tblResourceInOut` DISABLE KEYS */;

INSERT INTO
  `tblResourceInOut`
VALUES
  (
    1,
    '2021-04-26',
    1,
    5,
    1,
    350200,
    '입출고 Test',
    12,
    'N',
    'N',
    'eric',
    '2021-04-26 16:31:28',
    '2021-04-29 10:09:36'
  ),
  (
    2,
    '2021-04-27',
    2,
    5,
    2,
    200000,
    '출고',
    11,
    'Y',
    'N',
    'eric',
    '2021-04-27 10:51:46',
    '2021-04-27 11:21:47'
  ),
  (
    3,
    '2021-04-15',
    2,
    6,
    13,
    100000,
    '없음',
    9,
    'Y',
    'N',
    'eric',
    '2021-04-27 11:14:09',
    '2021-05-04 12:26:11'
  ),
  (
    4,
    '2021-04-08',
    2,
    2,
    2,
    200000,
    '입고',
    12,
    'N',
    'N',
    'eric',
    '2021-04-27 11:15:02',
    '2021-04-29 10:12:27'
  ),
  (
    5,
    '2021-04-29',
    8,
    -1,
    3,
    25000,
    '없음',
    12,
    'N',
    'N',
    'eric',
    '2021-04-29 17:30:10',
    '2021-05-11 14:20:36'
  ),
  (
    6,
    '2021-04-29',
    2,
    2,
    5,
    3200,
    NULL,
    12,
    'Y',
    'N',
    'eric',
    '2021-04-29 17:30:10',
    '2021-05-03 14:49:10'
  ),
  (
    7,
    '2021-04-29',
    3,
    -3,
    5,
    25000,
    '연습장비출고',
    5,
    'Y',
    'N',
    'eric',
    '2021-04-29 17:30:10',
    '2021-04-29 17:30:10'
  ),
  (
    8,
    '2021-04-29',
    1,
    4,
    6,
    3200,
    '없음',
    9,
    'Y',
    'N',
    'eric',
    '2021-04-29 17:30:10',
    '2021-05-04 12:26:02'
  ),
  (
    9,
    '2021-04-29',
    8,
    5,
    7,
    3400,
    '없음',
    2,
    'N',
    'N',
    'eric',
    '2021-04-29 17:30:10',
    '2021-05-11 14:20:55'
  ),
  (
    10,
    '2021-04-29',
    3,
    6,
    8,
    25000,
    '없음',
    3,
    'Y',
    'N',
    'eric',
    '2021-04-29 17:30:10',
    '2021-05-04 16:42:23'
  ),
  (
    11,
    '2021-04-29',
    3,
    7,
    9,
    3200,
    '없음',
    4,
    'Y',
    'N',
    'eric',
    '2021-04-29 17:30:10',
    '2021-05-04 16:35:14'
  ),
  (
    12,
    '2021-04-29',
    3,
    8,
    10,
    3200,
    '없음',
    5,
    'Y',
    'N',
    'eric',
    '2021-04-29 17:30:10',
    '2021-05-04 16:43:50'
  ),
  (
    13,
    '2021-04-29',
    3,
    -9,
    11,
    22000,
    '연습장비입고',
    12,
    'Y',
    'N',
    'eric',
    '2021-04-29 17:30:10',
    '2021-04-29 17:30:10'
  ),
  (
    14,
    '2021-05-10',
    4,
    2,
    12,
    150000,
    '없음',
    6,
    'N',
    'N',
    'eric',
    '2021-05-03 14:49:50',
    '2021-05-11 15:02:13'
  ),
  (
    15,
    '2021-05-02',
    2,
    2,
    10,
    150000,
    '없음',
    6,
    'Y',
    'N',
    'eric',
    '2021-05-03 15:22:38',
    '2021-05-04 16:35:23'
  ),
  (
    16,
    '2021-04-14',
    7,
    5,
    3,
    15000,
    '없음',
    6,
    'Y',
    'N',
    'eric',
    '2021-05-03 15:26:32',
    '2021-05-03 15:26:32'
  ),
  (
    17,
    '2021-04-27',
    5,
    5,
    5,
    200000,
    '없음',
    2,
    'Y',
    'N',
    'eric',
    '2021-05-03 15:27:48',
    '2021-05-03 15:27:48'
  ),
  (
    18,
    '2021-04-08',
    5,
    2,
    3,
    350200,
    '없음',
    6,
    'Y',
    'N',
    'eric',
    '2021-05-03 15:32:54',
    '2021-05-03 15:32:54'
  ),
  (
    19,
    '2021-04-08',
    2,
    7,
    7,
    150000,
    '없음',
    4,
    'N',
    'N',
    'eric',
    '2021-05-03 15:39:21',
    '2021-05-04 16:48:44'
  ),
  (
    20,
    '2021-04-08',
    7,
    7,
    8,
    15000,
    '없음',
    7,
    'Y',
    'N',
    'eric',
    '2021-05-03 15:42:47',
    '2021-05-04 12:26:19'
  ),
  (
    21,
    '2021-04-20',
    6,
    7,
    9,
    350200,
    '없음',
    9,
    'Y',
    'N',
    'eric',
    '2021-05-04 16:20:57',
    '2023-07-13 16:29:53'
  ),
  (
    22,
    '2021-05-31',
    2,
    9,
    6,
    200000,
    '없음',
    11,
    'Y',
    'N',
    'eric',
    '2021-05-04 16:23:24',
    '2021-05-04 16:23:24'
  ),
  (
    23,
    '2021-05-26',
    6,
    8,
    4,
    3500000,
    '없음',
    11,
    'Y',
    'N',
    'eric',
    '2021-05-04 16:29:02',
    '2023-07-13 16:29:44'
  ),
  (
    24,
    '2021-05-25',
    7,
    8,
    7,
    3500000,
    '없음',
    12,
    'Y',
    'N',
    'eric',
    '2021-05-04 16:29:58',
    '2021-05-04 16:29:58'
  ),
  (
    25,
    '2021-05-05',
    2,
    200,
    7,
    30000,
    '없음',
    12,
    'Y',
    'N',
    'eric',
    '2021-05-05 20:01:45',
    '2021-05-05 20:01:45'
  ),
  (
    26,
    '2021-05-05',
    3,
    1000,
    7,
    400000,
    '없음',
    11,
    'Y',
    'N',
    'eric',
    '2021-05-05 20:01:45',
    '2021-05-05 20:01:45'
  ),
  (
    27,
    '2021-05-05',
    7,
    13,
    3,
    10000000,
    '없음',
    11,
    'Y',
    'N',
    'eric',
    '2021-05-05 20:01:45',
    '2021-05-05 20:01:45'
  ),
  (
    28,
    '2021-05-05',
    7,
    10,
    3,
    500000,
    '없음',
    9,
    'Y',
    'N',
    'eric',
    '2021-05-05 20:37:49',
    '2021-05-05 20:37:49'
  ),
  (
    29,
    '2021-05-05',
    3,
    230,
    20,
    300000,
    '없음',
    6,
    'Y',
    'N',
    '123',
    '2021-05-05 20:37:49',
    '2024-12-09 20:07:28'
  ),
  (
    32,
    '2021-05-07',
    6,
    4,
    13,
    3200,
    '없음',
    4,
    'Y',
    'N',
    'eric',
    '2021-05-07 18:13:30',
    '2021-05-07 18:13:30'
  ),
  (
    33,
    '2021-05-07',
    6,
    -6,
    11,
    3200,
    '없음',
    4,
    'Y',
    'N',
    'eric',
    '2021-05-07 18:14:55',
    '2023-07-11 15:50:45'
  ),
  (
    34,
    '2021-05-07',
    8,
    -6,
    11,
    100000,
    '없음',
    4,
    'N',
    'N',
    'eric',
    '2021-05-07 18:16:46',
    '2021-05-11 14:21:07'
  ),
  (
    35,
    '2021-04-15',
    7,
    -8,
    4,
    100000,
    '없음',
    5,
    'N',
    'N',
    'eric',
    '2021-05-07 18:19:54',
    '2021-05-11 15:02:03'
  ),
  (
    36,
    '2021-05-07',
    2,
    -7,
    12,
    100000,
    '없음',
    3,
    'Y',
    'N',
    'eric',
    '2021-05-07 18:20:50',
    '2021-05-07 18:20:50'
  ),
  (
    37,
    '2021-05-13',
    8,
    4,
    9,
    3200,
    '없음',
    3,
    'N',
    'N',
    'eric',
    '2021-05-11 14:36:14',
    '2021-05-11 14:36:14'
  ),
  (
    38,
    '2021-05-22',
    8,
    8,
    13,
    100000,
    '없음',
    3,
    'N',
    'N',
    'eric',
    '2021-05-11 14:38:49',
    '2021-05-11 14:38:49'
  ),
  (
    39,
    '2021-05-01',
    8,
    6,
    11,
    100000,
    '없음',
    3,
    'Y',
    'N',
    'eric',
    '2021-05-11 14:43:35',
    '2021-05-11 14:43:35'
  ),
  (
    40,
    '2021-05-08',
    4,
    9,
    7,
    3500000,
    '없음',
    4,
    'Y',
    'N',
    'eric',
    '2021-05-11 15:02:51',
    '2021-05-11 15:02:51'
  ),
  (
    41,
    '2021-05-10',
    4,
    -192,
    2,
    10000,
    '없음',
    0,
    'Y',
    'N',
    'eric',
    '2021-05-12 15:00:42',
    '2021-05-12 15:00:42'
  ),
  (
    42,
    '2021-05-10',
    8,
    -200,
    7,
    70000,
    '테스트 샘플',
    8,
    'Y',
    'N',
    'eric',
    '2021-05-12 16:01:10',
    '2021-05-12 16:01:10'
  ),
  (
    43,
    '2021-05-10',
    5,
    -19,
    5,
    500000,
    '테스트 샘플',
    6,
    'Y',
    'N',
    'eric',
    '2021-05-12 16:03:18',
    '2021-05-12 16:03:18'
  ),
  (
    44,
    '2021-05-10',
    2,
    -168,
    1,
    20000,
    '테스트 샘플',
    3,
    'Y',
    'N',
    'eric',
    '2021-05-13 14:18:58',
    '2021-05-13 14:18:58'
  ),
  (
    45,
    '2021-06-30',
    4,
    -100,
    5,
    3500000,
    '없음',
    11,
    'N',
    'N',
    'eric',
    '2021-06-30 11:04:30',
    '2021-06-30 11:05:56'
  ),
  (
    46,
    '2021-06-30',
    4,
    100,
    5,
    300000,
    '없음',
    NULL,
    'Y',
    'N',
    'eric',
    '2021-06-30 11:06:29',
    '2021-06-30 11:06:29'
  ),
  (
    47,
    '2023-07-11',
    6,
    -3,
    1,
    1500,
    '없음',
    1,
    'N',
    'N',
    'eric',
    '2023-07-11 15:51:17',
    '2023-07-11 15:51:34'
  ),
  (
    49,
    '2023-07-12',
    2,
    3,
    1,
    0,
    '',
    1,
    'Y',
    'N',
    'eric',
    '2023-07-14 10:44:29',
    '2023-07-14 10:44:29'
  ),
  (
    50,
    '2023-07-12',
    6,
    7,
    1,
    0,
    '',
    1,
    'Y',
    'N',
    'eric',
    '2023-07-14 10:44:29',
    '2023-07-14 10:44:29'
  ),
  (
    51,
    '2023-07-12',
    2,
    -10,
    1,
    0,
    '',
    1,
    'Y',
    'N',
    'eric',
    '2023-07-14 10:45:39',
    '2023-07-14 10:45:39'
  ),
  (
    52,
    '2023-07-14',
    0,
    100,
    7,
    500,
    '테스트 샘플',
    8,
    'Y',
    'N',
    'eric',
    '2023-07-14 10:58:39',
    '2023-07-14 10:58:39'
  ),
  (
    53,
    '2023-07-14',
    0,
    1000,
    2,
    10000,
    '테스트 샘플',
    2,
    'Y',
    'N',
    'eric',
    '2023-07-14 11:00:50',
    '2023-07-14 11:00:50'
  ),
  (
    54,
    '2023-07-14',
    8,
    100,
    7,
    500,
    '테스트 샘플',
    8,
    'Y',
    'N',
    'eric',
    '2023-07-14 11:03:53',
    '2023-07-14 11:03:53'
  ),
  (
    55,
    '2023-07-14',
    8,
    1002,
    7,
    500,
    '테스트 샘플',
    8,
    'Y',
    'N',
    'eric',
    '2023-07-14 11:04:34',
    '2023-07-14 11:04:34'
  ),
  (
    59,
    '2023-05-10',
    0,
    9000,
    2,
    10000,
    '테스트 샘플',
    2,
    'Y',
    'N',
    'eric',
    '2023-10-18 14:16:37',
    '2023-10-18 14:16:37'
  ),
  (
    60,
    '2023-10-26',
    8,
    168,
    16,
    12000,
    '',
    1,
    'Y',
    'N',
    'eric',
    '2023-10-26 15:58:57',
    '2023-10-26 15:58:57'
  ),
  (
    61,
    '2023-10-26',
    11,
    -10,
    13,
    12000,
    '1222',
    2,
    'Y',
    'N',
    'eric',
    '2023-10-26 17:16:59',
    '2023-10-26 17:16:59'
  ),
  (
    62,
    '2023-10-26',
    15,
    10,
    7,
    100,
    '메모',
    1,
    'Y',
    'N',
    'eric',
    '2023-10-26 18:02:03',
    '2023-10-26 18:02:19'
  ),
  (
    63,
    '2023-10-26',
    15,
    -10,
    4,
    200,
    '메모',
    14,
    'Y',
    'N',
    'eric',
    '2023-10-26 18:02:54',
    '2023-10-26 18:02:54'
  ),
  (
    64,
    '2023-10-27',
    19,
    4800,
    9,
    12000,
    '2',
    1,
    'Y',
    'N',
    'eric',
    '2023-10-27 10:14:32',
    '2023-10-27 10:14:32'
  ),
  (
    65,
    '2023-10-27',
    19,
    -100,
    9,
    12000,
    '',
    1,
    'Y',
    'N',
    'eric',
    '2023-10-27 10:15:22',
    '2023-10-27 10:15:22'
  ),
  (
    66,
    '2021-05-10',
    0,
    168,
    1,
    20000,
    '테스트 샘플',
    3,
    'Y',
    'N',
    'eric',
    '2023-10-27 10:24:03',
    '2023-10-27 10:24:03'
  ),
  (
    67,
    '2021-05-10',
    0,
    12,
    3,
    30000,
    '테스트 샘플',
    4,
    'Y',
    'N',
    'eric',
    '2023-10-27 10:24:49',
    '2023-10-27 10:24:49'
  ),
  (
    68,
    '2023-10-30',
    18,
    120,
    13,
    123,
    '123',
    2,
    'Y',
    'N',
    'eric',
    '2023-10-30 10:27:30',
    '2023-10-30 10:27:30'
  ),
  (
    69,
    '2021-05-10',
    19,
    192,
    5,
    10000,
    '테스트 샘플',
    2,
    'Y',
    'N',
    'eric',
    '2023-10-30 11:08:39',
    '2023-10-30 11:08:39'
  ),
  (
    70,
    '2023-11-13',
    20,
    1,
    2,
    100,
    '',
    11,
    'Y',
    'N',
    'eric',
    '2023-11-13 14:10:03',
    '2023-11-13 14:10:03'
  ),
  (
    71,
    '2023-11-14',
    2,
    168,
    1,
    20000,
    '테스트 자재',
    3,
    'Y',
    'N',
    'eric',
    '2023-11-14 14:11:17',
    '2023-11-14 14:11:17'
  ),
  (
    72,
    '2023-11-14',
    1,
    192,
    2,
    10000,
    '테스트 자재',
    2,
    'Y',
    'N',
    'eric',
    '2023-11-20 12:59:40',
    '2023-11-20 12:59:40'
  ),
  (
    73,
    '2023-11-14',
    3,
    12,
    3,
    30000,
    '테스트 자재',
    4,
    'Y',
    'N',
    'eric',
    '2023-11-20 13:00:24',
    '2023-11-20 13:00:24'
  ),
  (
    74,
    '2023-11-14',
    1,
    192,
    2,
    10000,
    '테스트 자재',
    2,
    'Y',
    'N',
    'eric',
    '2023-11-20 13:07:01',
    '2023-11-20 13:07:01'
  ),
  (
    75,
    '2023-11-20',
    21,
    123,
    2,
    123,
    '',
    4,
    'Y',
    'N',
    'eric',
    '2023-11-20 13:16:35',
    '2023-11-20 13:16:35'
  ),
  (
    76,
    '2023-11-20',
    21,
    -123,
    2,
    123,
    '',
    9,
    'Y',
    'N',
    'eric',
    '2023-11-20 13:16:45',
    '2023-11-20 13:16:45'
  ),
  (
    77,
    '2024-12-06',
    3,
    1230,
    12,
    1231203,
    '',
    9,
    'Y',
    'Y',
    '123',
    '2024-12-06 13:28:54',
    '2024-12-06 13:28:54'
  ),
  (
    78,
    NULL,
    NULL,
    NULL,
    NULL,
    NULL,
    NULL,
    NULL,
    NULL,
    NULL,
    '123',
    '2024-12-09 19:07:45',
    '2024-12-09 19:07:45'
  ),
  (
    79,
    NULL,
    NULL,
    NULL,
    NULL,
    NULL,
    NULL,
    NULL,
    NULL,
    NULL,
    '123',
    '2024-12-09 19:10:12',
    '2024-12-09 19:10:12'
  ),
  (
    80,
    NULL,
    NULL,
    NULL,
    NULL,
    NULL,
    NULL,
    NULL,
    NULL,
    NULL,
    '123',
    '2024-12-09 19:10:48',
    '2024-12-09 19:10:48'
  ),
  (
    81,
    NULL,
    NULL,
    NULL,
    NULL,
    NULL,
    NULL,
    NULL,
    NULL,
    NULL,
    '123',
    '2024-12-09 19:15:28',
    '2024-12-09 19:15:28'
  ),
  (
    82,
    '2024-12-10',
    27,
    123,
    22,
    123,
    '',
    11,
    'Y',
    'N',
    '123',
    '2024-12-09 19:34:31',
    '2024-12-09 19:34:31'
  ),
  (
    83,
    '2024-12-10',
    26,
    123,
    22,
    123,
    '',
    11,
    'Y',
    'N',
    '123',
    '2024-12-09 19:34:32',
    '2024-12-09 19:34:32'
  ),
  (
    84,
    '2024-12-10',
    25,
    123,
    20,
    123,
    '',
    10,
    'Y',
    'N',
    '123',
    '2024-12-09 19:36:41',
    '2024-12-09 19:36:41'
  ),
  (
    85,
    '2024-12-10',
    26,
    123,
    20,
    123,
    '',
    10,
    'Y',
    'N',
    '123',
    '2024-12-09 19:36:42',
    '2024-12-09 19:36:42'
  );

/*!40000 ALTER TABLE `tblResourceInOut` ENABLE KEYS */;

UNLOCK TABLES;

/**************************************************************************************************/
DROP TABLE IF EXISTS `tblShipItems`;

/*!40101 SET @saved_cs_client = @@character_set_client */;
/*!50503 SET character_set_client = utf8mb4 */;

CREATE TABLE `tblShipItems` (
  `shipCd` INT unsigned NOT NULL COMMENT '출하코드',
  `inOutSeq` INT unsigned DEFAULT '0' COMMENT '입출고 시퀀스',
  `flagYn` VARCHAR(1) CHARACTER SET utf8mb4 DEFAULT 'Y' COMMENT '삭제여부(Y:유효/N:삭제)',
  `issueId` VARCHAR(20) CHARACTER SET utf8mb4 DEFAULT '' COMMENT '최종저장자',
  `regDt` datetime DEFAULT NULL COMMENT '최초저장일',
  `issueDt` datetime DEFAULT NULL COMMENT '최종저장일',
    UNIQUE KEY `UNIQUE` (`shipCd`, `inOutSeq`) USING BTREE
)
ENGINE = InnoDB DEFAULT CHARSET = utf8mb4 COLLATE = utf8mb4_0900_ai_ci COMMENT = '출하 목록 관리';

/*!40101 SET character_set_client = @saved_cs_client */;

LOCK TABLES `tblShipItems` WRITE;

/*!40000 ALTER TABLE `tblShipItems` DISABLE KEYS */;

INSERT INTO
  `tblShipItems`
VALUES
  (
    3,
    12,
    'Y',
    'eric',
    '2021-06-01 00:15:06',
    '2021-06-01 00:15:06'
  ),
  (
    1,
    37,
    'Y',
    'eric',
    '2021-06-03 09:44:36',
    '2021-06-01 00:15:06'
  ),
  (
    2,
    37,
    'N',
    'eric',
    '2021-06-03 09:45:26',
    '2021-06-04 15:38:37'
  ),
  (
    2,
    38,
    'Y',
    'eric',
    '2021-06-03 09:45:26',
    '2021-06-07 10:12:19'
  ),
  (
    3,
    37,
    'Y',
    'eric',
    '2021-06-03 09:47:08',
    '2021-06-07 10:12:19'
  ),
  (
    3,
    38,
    'Y',
    'eric',
    '2021-06-03 09:47:08',
    '2021-06-07 10:12:19'
  ),
  (
    4,
    37,
    'Y',
    'eric',
    '2021-06-04 11:24:12',
    '2021-06-07 10:12:19'
  ),
  (
    4,
    38,
    'Y',
    'eric',
    '2021-06-04 11:24:12',
    '2021-06-07 10:12:19'
  ),
  (
    5,
    37,
    'Y',
    'eric',
    '2021-06-04 14:55:35',
    '2021-06-07 10:12:19'
  ),
  (
    6,
    37,
    'Y',
    'eric',
    '2021-06-04 14:56:06',
    '2021-06-07 10:12:19'
  ),
  (
    7,
    37,
    'Y',
    'jad1e',
    '2021-06-04 15:01:11',
    '2021-06-04 15:04:12'
  ),
  (
    8,
    37,
    'Y',
    'jad1e',
    '2021-06-04 15:02:29',
    '2021-06-07 10:12:19'
  ),
  (
    9,
    37,
    'N',
    'eric',
    '2021-06-04 15:33:09',
    '2021-06-04 15:33:09'
  ),
  (
    10,
    37,
    'N',
    'eric',
    '2021-06-04 15:37:50',
    '2021-06-04 15:37:50'
  ),
  (
    11,
    37,
    'N',
    'eric',
    '2021-06-09 18:00:51',
    '2021-06-09 18:00:51'
  ),
  (
    12,
    37,
    'Y',
    'eric',
    '2021-06-09 18:08:24',
    '2021-06-09 18:08:24'
  ),
  (
    13,
    37,
    'Y',
    'eric',
    '2021-06-09 18:10:57',
    '2021-06-09 18:10:57'
  ),
  (
    14,
    39,
    'Y',
    'eric',
    '2021-06-09 18:12:49',
    '2021-06-09 18:12:49'
  ),
  (
    15,
    33,
    'Y',
    'eric',
    '2021-06-09 18:15:34',
    '2021-06-09 18:15:34'
  ),
  (
    15,
    34,
    'Y',
    'eric',
    '2021-06-09 18:15:34',
    '2021-06-09 18:15:34'
  ),
  (
    15,
    40,
    'Y',
    'eric',
    '2021-06-09 18:15:34',
    '2021-06-09 18:15:34'
  ),
  (
    15,
    44,
    'Y',
    'eric',
    '2021-06-09 18:15:34',
    '2021-06-09 18:15:34'
  ),
  (
    16,
    49,
    'Y',
    'eric',
    '2021-08-13 16:38:15',
    '2021-08-13 16:38:15'
  ),
  (
    16,
    59,
    'Y',
    'eric',
    '2021-08-13 16:38:15',
    '2021-08-13 16:38:15'
  ),
  (
    16,
    58,
    'Y',
    'eric',
    '2021-08-13 16:38:15',
    '2021-08-13 16:38:15'
  ),
  (
    17,
    74,
    'Y',
    'eric',
    '2023-07-11 15:19:54',
    '2023-07-11 15:19:54'
  ),
  (
    21,
    139,
    'Y',
    'eric',
    '2023-11-01 18:05:22',
    '2023-11-01 18:05:22'
  ),
  (
    21,
    144,
    'Y',
    'eric',
    '2023-11-01 18:05:22',
    '2023-11-01 18:05:22'
  ),
  (
    22,
    114,
    'Y',
    'eric',
    '2023-11-01 18:07:17',
    '2023-11-01 18:07:17'
  ),
  (
    22,
    129,
    'Y',
    'eric',
    '2023-11-01 18:07:17',
    '2023-11-01 18:07:17'
  ),
  (
    22,
    139,
    'Y',
    'eric',
    '2023-11-01 18:07:17',
    '2023-11-01 18:07:17'
  ),
  (
    23,
    117,
    'Y',
    'eric',
    '2023-11-01 18:13:21',
    '2023-11-01 18:13:21'
  ),
  (
    23,
    122,
    'Y',
    'eric',
    '2023-11-01 18:13:21',
    '2023-11-01 18:13:21'
  ),
  (
    24,
    122,
    'Y',
    'eric',
    '2023-11-01 18:17:23',
    '2023-11-01 18:17:23'
  ),
  (
    24,
    129,
    'Y',
    'eric',
    '2023-11-01 18:17:23',
    '2023-11-01 18:17:23'
  ),
  (
    35,
    129,
    'Y',
    'eric',
    '2023-11-03 17:39:07',
    '2023-11-03 17:39:07'
  ),
  (
    35,
    144,
    'Y',
    'eric',
    '2023-11-03 17:39:07',
    '2023-11-03 17:39:07'
  ),
  (
    46,
    193,
    'Y',
    'eric',
    '2023-11-13 12:29:53',
    '2023-11-13 12:29:53'
  ),
  (
    46,
    139,
    'Y',
    'eric',
    '2023-11-13 12:29:53',
    '2023-11-13 12:29:53'
  ),
  (
    46,
    129,
    'Y',
    'eric',
    '2023-11-13 12:29:53',
    '2023-11-13 12:29:53'
  ),
  (
    47,
    127,
    'Y',
    'eric',
    '2023-11-13 13:52:22',
    '2023-11-13 13:52:22'
  ),
  (
    47,
    131,
    'Y',
    'eric',
    '2023-11-13 13:52:22',
    '2023-11-13 13:52:22'
  ),
  (
    47,
    193,
    'Y',
    'eric',
    '2023-11-13 13:52:22',
    '2023-11-13 13:52:22'
  ),
  (
    48,
    193,
    'Y',
    'eric',
    '2023-11-14 14:55:51',
    '2023-11-14 14:55:51'
  ),
  (
    48,
    122,
    'Y',
    'eric',
    '2023-11-14 14:55:51',
    '2023-11-14 14:55:51'
  ),
  (
    48,
    107,
    'Y',
    'eric',
    '2023-11-14 14:55:51',
    '2023-11-14 14:55:51'
  );

/*!40000 ALTER TABLE `tblShipItems` ENABLE KEYS */;

UNLOCK TABLES;

/**************************************************************************************************/
DROP TABLE IF EXISTS `tblShipPlan`;

/*!40101 SET @saved_cs_client = @@character_set_client */;
/*!50503 SET character_set_client = utf8mb4 */;

CREATE TABLE `tblShipPlan` (
  `shipCd` INT unsigned NOT NULL COMMENT '출하코드',
  `inOutSeq` INT unsigned DEFAULT '0' COMMENT '입출고 시퀀스',
  `flagYn` VARCHAR(1) CHARACTER SET utf8mb4 DEFAULT 'Y' COMMENT '삭제여부(Y:유효/N:삭제)',
  `issueId` VARCHAR(20) CHARACTER SET utf8mb4 DEFAULT '' COMMENT '최종저장자',
  `regDt` datetime DEFAULT NULL COMMENT '최초저장일',
  `issueDt` datetime DEFAULT NULL COMMENT '최종저장일',
    UNIQUE KEY `UNIQUE` (`inOutSeq`, `shipCd`)
)
ENGINE = InnoDB DEFAULT CHARSET = utf8mb4 COLLATE = utf8mb4_0900_ai_ci COMMENT = '출하 계획 관리';

/*!40101 SET character_set_client = @saved_cs_client */;

LOCK TABLES `tblShipPlan` WRITE;

/*!40000 ALTER TABLE `tblShipPlan` DISABLE KEYS */;

INSERT INTO
  `tblShipPlan`
VALUES
  (
    160,
    117,
    'Y',
    'eric',
    '2023-11-09 17:02:04',
    '2023-11-09 17:02:04'
  ),
  (
    160,
    108,
    'Y',
    'eric',
    '2023-11-09 17:02:04',
    '2023-11-09 17:02:04'
  ),
  (
    160,
    139,
    'Y',
    'eric',
    '2023-11-09 17:02:04',
    '2023-11-09 17:02:04'
  ),
  (
    160,
    122,
    'Y',
    'eric',
    '2023-11-09 17:02:04',
    '2023-11-09 17:02:04'
  ),
  (
    163,
    114,
    'Y',
    'eric',
    '2023-11-12 10:55:22',
    '2023-11-12 10:55:22'
  ),
  (
    163,
    122,
    'Y',
    'eric',
    '2023-11-12 10:55:22',
    '2023-11-12 10:55:22'
  ),
  (
    163,
    106,
    'Y',
    'eric',
    '2023-11-12 10:55:22',
    '2023-11-12 10:55:22'
  ),
  (
    164,
    117,
    'Y',
    'eric',
    '2023-11-12 10:55:42',
    '2023-11-12 10:55:42'
  ),
  (
    164,
    131,
    'Y',
    'eric',
    '2023-11-12 10:55:42',
    '2023-11-12 10:55:42'
  ),
  (
    164,
    127,
    'Y',
    'eric',
    '2023-11-12 10:55:42',
    '2023-11-12 10:55:42'
  ),
  (
    45,
    114,
    'Y',
    'eric',
    '2023-11-13 10:59:08',
    '2023-11-13 10:59:08'
  ),
  (
    45,
    131,
    'Y',
    'eric',
    '2023-11-13 10:59:08',
    '2023-11-13 10:59:08'
  ),
  (
    49,
    122,
    'Y',
    'eric',
    '2023-11-15 11:31:44',
    '2023-11-15 11:31:44'
  ),
  (
    49,
    115,
    'Y',
    'eric',
    '2023-11-15 11:31:44',
    '2023-11-15 11:31:44'
  ),
  (
    49,
    107,
    'Y',
    'eric',
    '2023-11-15 11:31:44',
    '2023-11-15 11:31:44'
  );

/*!40000 ALTER TABLE `tblShipPlan` ENABLE KEYS */;

UNLOCK TABLES;

/**************************************************************************************************/
DROP TABLE IF EXISTS `tblShipping`;

/*!40101 SET @saved_cs_client = @@character_set_client */;
/*!50503 SET character_set_client = utf8mb4 */;

CREATE TABLE `tblShipping` (
  `shipCd` INT unsigned NOT NULL AUTO_INCREMENT COMMENT '출하코드',
  `shipDt` VARCHAR(10) CHARACTER SET utf8mb4 DEFAULT '' COMMENT '출하일',
  `shipMajor` VARCHAR(50) CHARACTER SET utf8mb4 DEFAULT '' COMMENT '출하 담당자',
  `toMajor` VARCHAR(50) CHARACTER SET utf8mb4 DEFAULT '' COMMENT '거래처 담당자',
  `toPhone` VARCHAR(20) CHARACTER SET utf8mb4 DEFAULT '' COMMENT '거래처 담당자 연락처',
  `compCd` INT DEFAULT '0' COMMENT '거래처 코드',
  `flagYn` VARCHAR(1) CHARACTER SET utf8mb4 DEFAULT 'Y' COMMENT '삭제여부(Y:유효/N:삭제)',
  `planYn` VARCHAR(1) CHARACTER SET utf8mb4 DEFAULT 'N' COMMENT '출하계획여부',
  `issueId` VARCHAR(20) CHARACTER SET utf8mb4 DEFAULT '' COMMENT '최종저장자',
  `regDt` datetime DEFAULT NULL COMMENT '최초저장일',
  `issueDt` datetime DEFAULT NULL COMMENT '최종저장일',
  PRIMARY KEY (`shipCd`)
)
ENGINE = InnoDB AUTO_INCREMENT = 55 DEFAULT CHARSET = utf8mb4 COLLATE = utf8mb4_0900_ai_ci COMMENT = '출고 현황 및 출하';

/*!40101 SET character_set_client = @saved_cs_client */;

LOCK TABLES `tblShipping` WRITE;

/*!40000 ALTER TABLE `tblShipping` DISABLE KEYS */;

INSERT INTO
  `tblShipping`
VALUES
  (
    1,
    '2023-11-01',
    '리춘수',
    '배갑수',
    '010-1111-1111',
    4,
    'Y',
    'N',
    '123',
    '2021-06-03 09:44:36',
    '2024-12-11 17:06:14'
  ),
  (
    2,
    '2023-11-01',
    '이대로',
    '강석호',
    '010-3456-6789',
    5,
    'Y',
    'N',
    '123',
    '2021-06-03 09:45:26',
    '2024-12-11 17:10:53'
  ),
  (
    3,
    '2023-11-01',
    '이선생',
    '김선생',
    '010-3333-3333',
    5,
    'Y',
    'N',
    '123',
    '2021-06-03 09:47:08',
    '2024-12-11 17:10:59'
  ),
  (
    4,
    '2023-11-01',
    '이말년',
    '순금자',
    '010-4444-4444',
    3,
    'Y',
    'N',
    'eric',
    '2021-06-04 11:24:12',
    '2021-06-04 11:24:12'
  ),
  (
    5,
    '2023-11-01',
    '이대로',
    '강석호',
    '010-3456-6789',
    5,
    'Y',
    'N',
    'eric',
    '2021-06-04 14:55:35',
    '2021-06-04 14:55:35'
  ),
  (
    6,
    '2023-11-01',
    '이대로',
    '강석호',
    '010-3456-6789',
    5,
    'Y',
    'N',
    'eric',
    '2021-06-04 14:56:06',
    '2021-06-04 14:56:06'
  ),
  (
    7,
    '2023-11-01',
    '이대로',
    '강석호',
    '010-3456-6789',
    5,
    'Y',
    'N',
    'jad1e',
    '2021-06-04 15:01:11',
    '2021-06-04 15:04:11'
  ),
  (
    8,
    '2023-11-01',
    '이대로',
    '강석호',
    '010-3456-6789',
    5,
    'Y',
    'N',
    'jad1e',
    '2021-06-04 15:02:29',
    '2021-06-04 15:02:29'
  ),
  (
    9,
    '2023-11-02',
    '박시용',
    '김수경',
    '010-3542-2354',
    1,
    'Y',
    'Y',
    'eric',
    '2023-11-02 14:19:29',
    '2023-11-15 11:25:23'
  ),
  (
    10,
    '2023-11-02',
    '박시용',
    '김수경',
    '010-3542-2354',
    1,
    'Y',
    'Y',
    'eric',
    '2023-11-02 14:20:45',
    '2023-11-15 11:25:20'
  ),
  (
    11,
    '2023-11-02',
    '이미경',
    '김수경',
    '010-4242-5454',
    1,
    'Y',
    'Y',
    'eric',
    '2023-11-02 14:26:15',
    '2023-11-15 11:29:23'
  ),
  (
    12,
    '2023-11-02',
    '이미경',
    '김수경',
    '010-3542-2354',
    6,
    'Y',
    'N',
    'eric',
    '2023-11-02 14:33:39',
    '2023-11-02 14:33:39'
  ),
  (
    13,
    '2023-11-02',
    '박시용',
    '박수지',
    '010-3456-6789',
    12,
    'Y',
    'N',
    'eric',
    '2023-11-02 14:34:24',
    '2023-11-02 14:34:24'
  ),
  (
    14,
    '2023-11-02',
    '이미경',
    '김수경',
    '010-4242-5454',
    2,
    'Y',
    'N',
    'eric',
    '2023-11-02 14:36:42',
    '2023-11-02 14:36:42'
  ),
  (
    15,
    '2023-11-02',
    '문정호',
    '김수경',
    '010-3542-2354',
    2,
    'Y',
    'N',
    'eric',
    '2023-11-02 14:37:35',
    '2023-11-02 14:37:35'
  ),
  (
    18,
    '2023-11-02',
    '문정호',
    '순금자',
    '010-3456-6789',
    5,
    'Y',
    'Y',
    'eric',
    '2023-11-02 14:43:27',
    '2023-11-15 11:29:13'
  ),
  (
    19,
    '2023-11-02',
    '하준수',
    '김수경',
    '010-3542-2354',
    4,
    'Y',
    'Y',
    'eric',
    '2023-11-02 14:47:28',
    '2023-11-15 11:25:26'
  ),
  (
    20,
    '2023-11-02',
    '하준수',
    '박새로',
    '010-3542-2354',
    1,
    'Y',
    'Y',
    'eric',
    '2023-11-02 14:54:20',
    '2023-11-15 11:29:17'
  ),
  (
    21,
    '2023-11-02',
    '하준수',
    '김수경',
    '010-3542-2354',
    NULL,
    'N',
    NULL,
    '123',
    '2023-11-02 14:55:41',
    '2024-12-11 17:28:15'
  ),
  (
    29,
    '2023-11-02',
    '하준수',
    '김수경',
    '010-3542-2354',
    6,
    'Y',
    'Y',
    'eric',
    '2023-11-03 17:11:44',
    '2023-11-15 11:25:50'
  ),
  (
    33,
    '2023-11-03',
    '문정호',
    '김수경',
    '010-3542-2354',
    11,
    'Y',
    'Y',
    'eric',
    '2023-11-03 17:33:55',
    '2023-11-15 11:25:47'
  ),
  (
    36,
    '2023-11-03',
    '문정호',
    '박새로',
    '010-3542-2354',
    6,
    'Y',
    'Y',
    'eric',
    '2023-11-03 17:43:34',
    '2023-11-15 11:25:29'
  ),
  (
    37,
    '2023-11-03',
    '문정호',
    '박새로',
    '010-3542-2354',
    1,
    'Y',
    'Y',
    'eric',
    '2023-11-03 17:44:56',
    '2023-11-15 11:29:20'
  ),
  (
    38,
    '2023-11-03',
    '문정호',
    '김수경',
    '010-3542-2354',
    3,
    'Y',
    'Y',
    'eric',
    '2023-11-03 17:49:47',
    '2023-11-15 11:25:44'
  ),
  (
    39,
    '2023-11-03',
    '문정호',
    '김수경',
    '010-3542-2354',
    11,
    'Y',
    'Y',
    'eric',
    '2023-11-03 17:54:44',
    '2023-11-15 11:25:41'
  ),
  (
    40,
    '2023-11-23',
    '문정호',
    '순금자',
    '010-3542-2354',
    6,
    'Y',
    'N',
    'eric',
    '2023-11-03 17:55:03',
    '2023-11-03 17:55:03'
  ),
  (
    41,
    '2023-11-02',
    '문정호',
    '김수경',
    '010-4242-5454',
    1,
    'Y',
    'Y',
    'eric',
    '2023-11-03 17:57:01',
    '2023-11-15 11:25:35'
  ),
  (
    42,
    '2023-11-13',
    '하준수',
    '박수지',
    '010-3231-5235',
    2,
    'Y',
    'Y',
    'eric',
    '2023-11-13 10:54:29',
    '2023-11-15 11:25:06'
  ),
  (
    43,
    '2023-11-13',
    '하준수',
    '박수지',
    '010-3231-5235',
    2,
    'Y',
    'Y',
    'eric',
    '2023-11-13 10:55:00',
    '2023-11-15 11:25:32'
  ),
  (
    44,
    '2023-11-13',
    '하준수',
    '김선생',
    '010-3231-5235',
    2,
    'Y',
    'Y',
    'eric',
    '2023-11-13 10:58:04',
    '2023-11-15 11:25:38'
  ),
  (
    45,
    '2023-11-13',
    '하준수',
    '박수지',
    '010-3231-5235',
    3,
    'Y',
    'Y',
    'eric',
    '2023-11-13 10:59:08',
    '2023-11-13 10:59:08'
  ),
  (
    46,
    '2023-11-13',
    '하준수',
    '박수지',
    '010-3231-5235',
    2,
    'Y',
    'N',
    'eric',
    '2023-11-13 12:29:53',
    '2023-11-13 12:29:53'
  ),
  (
    47,
    '2023-11-13',
    '이봄이',
    '이봄이',
    '010-1234-5678',
    1,
    'Y',
    'N',
    'eric',
    '2023-11-13 13:52:22',
    '2023-11-13 13:52:22'
  ),
  (
    48,
    '2023-11-14',
    '하준수',
    '박수지',
    '010-3231-5235',
    3,
    'Y',
    'N',
    'eric',
    '2023-11-14 14:55:51',
    '2023-11-14 14:55:51'
  ),
  (
    49,
    '2023-11-15',
    '이대로',
    '박수지',
    '010-3231-5235',
    3,
    'Y',
    'Y',
    'eric',
    '2023-11-15 11:31:44',
    '2023-11-15 11:31:44'
  );

/*!40000 ALTER TABLE `tblShipping` ENABLE KEYS */;

UNLOCK TABLES;

/**************************************************************************************************/
DROP TABLE IF EXISTS `tblSysMenu`;

/*!40101 SET @saved_cs_client = @@character_set_client */;
/*!50503 SET character_set_client = utf8mb4 */;

CREATE TABLE `tblSysMenu` (
  `page` VARCHAR(1) CHARACTER SET utf8mb4 COLLATE utf8mb4_general_ci DEFAULT NULL,
  `subPage` VARCHAR(3) CHARACTER SET utf8mb4 COLLATE utf8mb4_general_ci DEFAULT NULL,
  `parentsPage` VARCHAR(4) CHARACTER SET utf8mb4 COLLATE utf8mb4_general_ci DEFAULT '',
  `pageUrl` VARCHAR(50) CHARACTER SET utf8mb4 DEFAULT NULL,
  `pageNm` VARCHAR(50) CHARACTER SET utf8mb4 DEFAULT NULL,
  `pageIcon` VARCHAR(50) CHARACTER SET utf8mb4 DEFAULT '',
  `pageOrder` INT DEFAULT NULL,
  `pageNo` INT DEFAULT NULL,
  `flagYn` VARCHAR(1) CHARACTER SET utf8mb4 DEFAULT 'Y',
  `issueId` VARCHAR(20) CHARACTER SET utf8mb4 DEFAULT NULL,
  `regDt` datetime DEFAULT NULL,
  `issueDt` datetime DEFAULT NULL
)
ENGINE = InnoDB DEFAULT CHARSET = utf8mb4 COLLATE = utf8mb4_0900_ai_ci COMMENT = '메뉴구성';

LOCK TABLES `tblSysMenu` WRITE;

INSERT INTO
  `tblSysMenu`
VALUES
  (
    'A',
    '00',
    '',
    'commonCd',
    '기준정보',
    'fa fa-home',
    100,
    10,
    'Y',
    'eric',
    '2023-10-26 14:42:17',
    '2023-10-26 14:42:17'
  ),
  (
    'A',
    '01',
    'A00',
    'commonCd',
    '공통코드',
    '',
    101,
    11,
    'Y',
    'eric',
    '2023-10-26 14:42:17',
    '2023-10-26 14:42:17'
  ),
  (
    'A',
    '02',
    'A00',
    'user',
    '회원정보',
    '',
    102,
    12,
    'Y',
    'eric',
    '2023-10-26 14:42:17',
    '2023-10-26 14:42:17'
  ),
  (
    'A',
    '03',
    'A00',
    'company',
    '거래처관리',
    '',
    103,
    13,
    'Y',
    'eric',
    '2023-10-26 14:42:17',
    '2023-10-26 14:42:17'
  ),
  (
    'A',
    '04',
    'A00',
    'house',
    '창고관리',
    '',
    104,
    14,
    'Y',
    'eric',
    '2023-10-26 14:42:17',
    '2023-10-26 14:42:17'
  ),
  (
    'B',
    '00',
    '',
    'product',
    '제품관리',
    'fa fa-archive',
    200,
    20,
    'Y',
    'eric',
    '2023-10-26 14:42:17',
    '2023-10-26 14:42:17'
  ),
  (
    'B',
    '01',
    'B00',
    'product',
    '제품관리',
    '',
    201,
    21,
    'Y',
    'eric',
    '2023-10-26 14:42:17',
    '2023-10-26 14:42:17'
  ),
  (
    'B',
    '02',
    'B00',
    'productIn',
    '제품입고관리',
    '',
    202,
    22,
    'Y',
    'eric',
    '2023-10-26 14:42:17',
    '2023-10-26 14:42:17'
  ),
  (
    'B',
    '03',
    'B00',
    'productOut',
    '제품출고관리',
    '',
    203,
    23,
    'Y',
    'eric',
    '2023-10-26 14:42:17',
    '2023-10-26 14:42:17'
  ),
  (
    'B',
    '04',
    'B00',
    'productInOutAll',
    '제품입출고관리',
    '',
    204,
    24,
    'Y',
    'eric',
    '2023-10-26 14:42:17',
    '2023-10-26 14:42:17'
  ),
  (
    'B',
    '05',
    'B00',
    'productXls',
    '제품 Excel',
    '',
    205,
    25,
    'Y',
    'eric',
    '2023-10-26 14:42:17',
    '2023-10-26 14:42:17'
  ),
  (
    'B',
    '06',
    'B00',
    'productInOutXls',
    '제품입출고 Excel',
    '',
    206,
    26,
    'Y',
    'eric',
    '2023-10-26 14:42:17',
    '2023-10-26 14:42:17'
  ),
  (
    'C',
    '00',
    '',
    'resource',
    '자재관리',
    'fa fa-cubes',
    300,
    30,
    'Y',
    'eric',
    '2023-10-26 14:42:17',
    '2023-10-26 14:42:17'
  ),
  (
    'C',
    '01',
    'C00',
    'resource',
    '자재관리',
    '',
    301,
    31,
    'Y',
    'eric',
    '2023-10-26 14:42:17',
    '2023-10-26 14:42:17'
  ),
  (
    'C',
    '02',
    'C00',
    'resourceIn',
    '자재입고관리',
    '',
    302,
    32,
    'Y',
    'eric',
    '2023-10-26 14:42:17',
    '2023-10-26 14:42:17'
  ),
  (
    'C',
    '03',
    'C00',
    'resourceOut',
    '자재출고관리',
    '',
    303,
    33,
    'Y',
    'eric',
    '2023-10-26 14:42:17',
    '2023-10-26 14:42:17'
  ),
  (
    'C',
    '04',
    'C00',
    'resourceInOutAll',
    '자재입출고관리',
    '',
    304,
    34,
    'Y',
    'eric',
    '2023-10-26 14:42:17',
    '2023-10-26 14:42:17'
  ),
  (
    'C',
    '05',
    'C00',
    'resourceXls',
    '자재 Excel',
    '',
    305,
    35,
    'Y',
    'eric',
    '2023-10-26 14:42:17',
    '2023-10-26 14:42:17'
  ),
  (
    'C',
    '06',
    'C00',
    'resourceInOutXls',
    '자재입출고 Excel',
    '',
    306,
    36,
    'Y',
    'eric',
    '2023-10-26 14:42:17',
    '2023-10-26 14:42:17'
  ),
  (
    'D',
    '00',
    '',
    'shipping',
    '출하관리',
    'fa fa-truck',
    400,
    40,
    'Y',
    'eric',
    '2023-10-26 14:42:17',
    '2023-10-26 14:42:17'
  ),
  (
    'D',
    '01',
    'D00',
    'shipping',
    '제품출고현황(출하)',
    '',
    401,
    41,
    'Y',
    'eric',
    '2023-10-26 14:42:17',
    '2023-10-26 14:42:17'
  ),
  (
    'D',
    '02',
    'D00',
    'shipItems',
    '출하목록관리',
    '',
    402,
    42,
    'Y',
    'eric',
    '2023-10-26 14:42:17',
    '2023-10-26 14:42:17'
  ),
  (
    'D',
    '03',
    'D00',
    'shipPlan',
    '출하계획관리',
    '',
    403,
    43,
    'Y',
    'eric',
    '2023-10-26 14:42:17',
    '2023-10-26 14:42:17'
  ),
  (
    'T',
    '00',
    '',
    'plan',
    '예정정보',
    'fa fa-calendar',
    500,
    50,
    'Y',
    'eric',
    '2023-10-26 14:42:17',
    '2023-10-26 14:42:17'
  ),
  (
    'T',
    '01',
    'T00',
    'productInPlan',
    '제품입고예정',
    '',
    501,
    51,
    'Y',
    'eric',
    '2023-10-26 14:42:17',
    '2023-10-26 14:42:17'
  ),
  (
    'T',
    '02',
    'T00',
    'productOutPlan',
    '제품출고예정',
    '',
    502,
    52,
    'Y',
    'eric',
    '2023-10-26 14:42:17',
    '2023-10-26 14:42:17'
  ),
  (
    'T',
    '03',
    'T00',
    'resourceInPlan',
    '자재입고예정',
    '',
    503,
    53,
    'Y',
    'eric',
    '2023-10-26 14:42:17',
    '2023-10-26 14:42:17'
  ),
  (
    'T',
    '04',
    'T00',
    'resourceOutPlan',
    '자재출고예정',
    '',
    504,
    54,
    'Y',
    'eric',
    '2023-10-26 14:42:17',
    '2023-10-26 14:42:17'
  ),
  (
    'W',
    '00',
    '',
    'bom',
    'BOM',
    'fa fa-cogs',
    800,
    80,
    'Y',
    'eric',
    '2023-10-26 14:42:17',
    '2023-10-26 14:42:17'
  ),
  (
    'W',
    '01',
    'W00',
    'bom',
    'BOM',
    '',
    801,
    81,
    'Y',
    'eric',
    '2023-10-26 14:42:17',
    '2023-10-26 14:42:17'
  ),
  (
    'Z',
    '00',
    '',
    'report',
    '리포트',
    'fa fa-bar-chart',
    900,
    90,
    'Y',
    'eric',
    '2023-10-26 14:42:17',
    '2023-10-26 14:42:17'
  ),
  (
    'Z',
    '01',
    'G00',
    'reportStock',
    '연간재고현황',
    '',
    901,
    91,
    'Y',
    'eric',
    '2023-10-26 14:42:17',
    '2023-10-26 14:42:17'
  ),
  (
    'Z',
    '02',
    'Z00',
    'reportIn',
    '연간입고현황',
    '',
    902,
    92,
    'Y',
    'eric',
    '2023-10-26 14:42:17',
    '2023-10-26 14:42:17'
  ),
  (
    'Z',
    '03',
    'Z00',
    'reportOut',
    '연간출고현황',
    '',
    903,
    93,
    'Y',
    'eric',
    '2023-10-26 14:42:17',
    '2023-10-26 14:42:17'
  );

UNLOCK TABLES;

/**************************************************************************************************/
DROP TABLE IF EXISTS `tblUser`;

/*!40101 SET @saved_cs_client = @@character_set_client */;
/*!50503 SET character_set_client = utf8mb4 */;

CREATE TABLE `tblUser` (
  `userId` VARCHAR(20) CHARACTER SET utf8mb4 NOT NULL COMMENT '아이디',
  `userPw` VARCHAR(1000) CHARACTER SET utf8mb4 DEFAULT '' COMMENT '비밀번호',
  `userNm` VARCHAR(20) CHARACTER SET utf8mb4 DEFAULT '' COMMENT '이름',
  `userPhone` VARCHAR(100) CHARACTER SET utf8mb4 DEFAULT '' COMMENT '연락처',
  `userEmail` VARCHAR(100) CHARACTER SET utf8mb4 DEFAULT '' COMMENT 'E-mail',
  `userLevel` VARCHAR(5) CHARACTER SET utf8mb4 DEFAULT '' COMMENT '회원등급',
  `userPerm` VARCHAR(1000) CHARACTER SET utf8mb4 COLLATE utf8mb4_0900_ai_ci DEFAULT '' COMMENT '권한',
  `offCnt` INT DEFAULT '15' COMMENT '연간휴무일',
  `compCd` INT DEFAULT '0' COMMENT '거래처 코드',
  `flagYn` VARCHAR(1) CHARACTER SET utf8mb4 DEFAULT 'Y' COMMENT '삭제여부(Y:유효/N:삭제)',
  `issueId` VARCHAR(20) CHARACTER SET utf8mb4 DEFAULT '' COMMENT '최종저장자',
  `regDt` datetime DEFAULT NULL COMMENT '최초저장일',
  `issueDt` datetime DEFAULT NULL COMMENT '최종저장일',
  PRIMARY KEY (`userId`)
)
ENGINE = InnoDB DEFAULT CHARSET = utf8mb4 COLLATE = utf8mb4_0900_ai_ci COMMENT = '회원정보';

/*!40101 SET character_set_client = @saved_cs_client */;

LOCK TABLES `tblUser` WRITE;

/*!40000 ALTER TABLE `tblUser` DISABLE KEYS */;

INSERT INTO
  `tblUser`
VALUES
  (
    '123',
    '123',
    '문정호',
    '010-4000-3000',
    '111@naver.com',
    '00100',
    'A01,A02,A03,A04,A05,A06,B01,B02,B03,B04,B05,B06,C01,C02,C03,C04,D01,F01,F02,F03,R01,R02,R03,Z01,Z02,Z03,Z04',
    15,
    0,
    'Y',
    '123',
    '2023-10-10 14:22:25',
    '2024-12-10 20:12:12'
  ),
  (
    'jad',
    '$2a$10$X2xZ0qEOIVlg6JKB/M5ot./dZJfV4TBD41sz5wqNnNwHtKK2.YCMi',
    '제이',
    '010-4000-3000',
    'jade@bedone.co.kr',
    '00100',
    'A01,A02,A03,A04,A05,A06,B01,B02,B03,B04,B05,B06,C01,C02,C03,C04,D01,F01,F02,F03,R01,R02,R03,Z01,Z02,Z03,Z04',
    0,
    NULL,
    'Y',
    'jad',
    '2021-05-26 14:53:56',
    '2023-10-10 21:37:24'
  ),
  (
    'eric',
    '$2a$10$CCB296/ewV5bnnvbjIE5VO5iRpfd2/55x3sZWoNkQiNfpiaSl0bEK',
    '제이드',
    '010-4000-3001',
    'jade@bedone.co.kr',
    '00100',
    'A01,A02,A03,A04,A05,A06',
    0,
    0,
    'Y',
    'eric',
    '2021-04-21 09:56:06',
    '2023-11-20 13:31:35'
  );

/*!40000 ALTER TABLE `tblUser` ENABLE KEYS */;

UNLOCK TABLES;

/**************************************************************************************************/
DROP TABLE IF EXISTS `tblUserConfig`;

/*!40101 SET @saved_cs_client = @@character_set_client */;
/*!50503 SET character_set_client = utf8mb4 */;

CREATE TABLE `tblUserConfig` (
  `configSeq` INT NOT NULL AUTO_INCREMENT COMMENT '설정 시퀀스',
  `config` VARCHAR(8000) CHARACTER SET utf8mb4 DEFAULT '' COMMENT '환경설정',
  `userId` VARCHAR(20) CHARACTER SET utf8mb4 DEFAULT '' COMMENT '유저 아이디',
  `pageNm` VARCHAR(50) CHARACTER SET utf8mb4 DEFAULT '' COMMENT '페이지 이름',
  `gridCd` VARCHAR(10) CHARACTER SET utf8mb4 DEFAULT '' COMMENT '그리드 코드',
  `flagYn` VARCHAR(1) CHARACTER SET utf8mb4 DEFAULT '' COMMENT '삭제여부(Y:유효/N:삭제)',
  `issueId` VARCHAR(20) CHARACTER SET utf8mb4 DEFAULT '' COMMENT '최종저장자',
  `regDt` datetime DEFAULT NULL COMMENT '최초저장일',
  `issueDt` datetime DEFAULT NULL COMMENT '최종저장일',
  PRIMARY KEY (`configSeq`)
)
ENGINE = InnoDB AUTO_INCREMENT = 6 DEFAULT CHARSET = utf8mb4 COLLATE = utf8mb4_0900_ai_ci COMMENT = '그리드 환경 설정관리';

/*!40101 SET character_set_client = @saved_cs_client */;

LOCK TABLES `tblUserConfig` WRITE;

/*!40000 ALTER TABLE `tblUserConfig` DISABLE KEYS */;

INSERT INTO
  `tblUserConfig`
VALUES
  (
    5,
    '107@shipping,108@shipItems',
    '123',
    'tabs',
    '',
    'Y',
    '123',
    '2024-12-10 00:23:05',
    '2024-12-10 23:43:50'
  );

/*!40000 ALTER TABLE `tblUserConfig` ENABLE KEYS */;

UNLOCK TABLES;

/**************************************************************************************************/
DROP TABLE IF EXISTS `viewProdAll`;

/*!40101 SET @saved_cs_client = @@character_set_client */;
/*!50503 SET character_set_client = utf8mb4 */;

CREATE TABLE `viewProdAll` (
  `prodCd` tinyint NOT NULL,
  `prodNm` tinyint NOT NULL,
  `bomType` tinyint NOT NULL
)
ENGINE = MyISAM DEFAULT CHARSET = utf8mb4 COLLATE = utf8mb4_0900_ai_ci;

/*!40101 SET character_set_client = @saved_cs_client */;

LOCK TABLES `viewProdAll` WRITE;

/*!40000 ALTER TABLE `viewProdAll` DISABLE KEYS */;
/*!40000 ALTER TABLE `viewProdAll` ENABLE KEYS */;

UNLOCK TABLES;