-- MySQL dump 10.13  Distrib 5.5.62, for Win64 (AMD64)
--
-- Host: 106.251.187.132    Database: warehouse
-- ------------------------------------------------------
-- Server version	5.5.5-10.1.13-MariaDB

/*!40101 SET @OLD_CHARACTER_SET_CLIENT=@@CHARACTER_SET_CLIENT */;
/*!40101 SET @OLD_CHARACTER_SET_RESULTS=@@CHARACTER_SET_RESULTS */;
/*!40101 SET @OLD_COLLATION_CONNECTION=@@COLLATION_CONNECTION */;
/*!40101 SET NAMES utf8 */;
/*!40103 SET @OLD_TIME_ZONE=@@TIME_ZONE */;
/*!40103 SET TIME_ZONE='+00:00' */;
/*!40014 SET @OLD_UNIQUE_CHECKS=@@UNIQUE_CHECKS, UNIQUE_CHECKS=0 */;
/*!40014 SET @OLD_FOREIGN_KEY_CHECKS=@@FOREIGN_KEY_CHECKS, FOREIGN_KEY_CHECKS=0 */;
/*!40101 SET @OLD_SQL_MODE=@@SQL_MODE, SQL_MODE='NO_AUTO_VALUE_ON_ZERO' */;
/*!40111 SET @OLD_SQL_NOTES=@@SQL_NOTES, SQL_NOTES=0 */;

--
-- Table structure for table `tblBom`
--

DROP TABLE IF EXISTS `tblBom`;
/*!40101 SET @saved_cs_client     = @@character_set_client */;
/*!40101 SET character_set_client = utf8 */;
CREATE TABLE `tblBom` (
  `prodCd` int(11) unsigned NOT NULL COMMENT '제품코드',
  `resrcCd` int(11) NOT NULL COMMENT '자재코드',
  `bomType` varchar(5) NOT NULL COMMENT '제품/자재구분',
  `qty` int(11) DEFAULT '0' COMMENT '재고',
  `unitQty` decimal(5,2) DEFAULT '0.00' COMMENT '단위 수량',
  `flagYN` varchar(1) DEFAULT 'Y' COMMENT '삭제여부(Y:유효/N:삭제)',
  `regDate` datetime DEFAULT NULL COMMENT '최초저장일',
  `issueDate` datetime DEFAULT NULL COMMENT '최종저장일',
  `issueID` varchar(20) DEFAULT '' COMMENT '최종저장자',
  UNIQUE KEY `UNIQUE` (`bomType`,`resrcCd`,`prodCd`) USING BTREE
) ENGINE=InnoDB DEFAULT CHARSET=utf8 COMMENT='BOM관리';
/*!40101 SET character_set_client = @saved_cs_client */;

--
-- Dumping data for table `tblBom`
--

LOCK TABLES `tblBom` WRITE;
/*!40000 ALTER TABLE `tblBom` DISABLE KEYS */;
INSERT INTO `tblBom` VALUES (1,1,'prod',NULL,2.00,'Y','2021-05-25 15:59:44','2023-10-16 04:10:27','jade'),(5,1,'prod',NULL,23.00,'N','2021-06-04 10:35:29','2023-10-15 13:55:20','jade'),(8,1,'prod',NULL,1.00,'Y','2021-06-03 17:12:06','2023-10-16 00:44:54','jade'),(11,1,'prod',NULL,56.00,'N','2021-06-11 15:38:55','2023-10-11 22:09:01','jade'),(12,1,'prod',NULL,2.00,'N','2021-06-11 15:38:22','2023-10-15 16:33:24','jade'),(13,1,'prod',NULL,2.00,'Y','2023-07-11 16:02:22','2023-10-15 20:10:54','jade'),(23,1,'prod',4,2.00,'Y','2023-12-27 13:14:53','2023-12-27 13:14:53','jade'),(1,2,'prod',NULL,1.00,'Y','2021-06-02 17:23:25','2023-10-16 04:10:27','jade'),(5,2,'prod',NULL,56.00,'N','2021-06-04 10:35:29','2021-06-04 10:39:10','jade'),(8,2,'prod',NULL,2.00,'Y','2021-06-03 18:14:36','2023-10-16 00:44:54','jade'),(11,2,'prod',NULL,34.00,'N','2021-06-11 15:38:55','2023-10-15 13:55:29','jade'),(12,2,'prod',NULL,1.00,'N','2021-06-11 15:38:22','2023-10-15 16:04:56','jade'),(13,2,'prod',NULL,3.00,'Y','2023-07-11 16:02:21','2023-10-15 20:10:54','jade'),(1,3,'prod',NULL,13.00,'N','2021-05-25 15:59:44','2021-06-03 18:25:42','jade'),(3,3,'prod',1209,3.00,'Y','2023-12-28 12:55:57','2023-12-28 12:55:57','eric'),(8,3,'prod',NULL,2.00,'Y','2021-06-03 17:16:53','2023-10-17 16:33:00','jade'),(12,3,'prod',NULL,1.00,'Y','2023-10-14 14:32:54','2023-10-15 20:57:16','jade'),(28,3,'prod',1209,3.00,'Y','2023-12-27 16:25:16','2023-12-27 16:25:33','jade'),(1,4,'prod',NULL,35.00,'N','2021-06-04 10:39:50','2023-10-15 16:17:19','jade'),(5,4,'prod',NULL,3.00,'N','2021-06-04 10:35:29','2021-06-04 10:39:37','jade'),(8,4,'prod',NULL,3.00,'N','2021-05-25 11:40:00','2023-10-15 15:58:13','jade'),(13,4,'prod',NULL,34.00,'N','2023-07-11 16:02:22','2023-10-15 16:10:24','jade'),(1,6,'prod',NULL,1.00,'Y','2021-05-25 15:59:44','2023-10-16 04:10:27','jade'),(8,6,'prod',NULL,3.00,'N','2021-06-03 17:12:06','2023-10-16 00:45:00','jade'),(11,6,'prod',NULL,98.00,'N','2021-06-11 15:38:55','2023-10-15 20:43:04','jade'),(12,6,'prod',NULL,4.00,'N','2021-06-11 15:38:22','2023-10-15 16:00:48','jade'),(13,6,'prod',NULL,4.00,'N','2023-07-11 16:02:21','2023-10-15 16:02:25','jade'),(8,7,'prod',NULL,3.00,'Y','2021-06-03 17:16:53','2023-10-17 16:33:00','jade'),(9,7,'prod',NULL,453.00,'Y','2021-06-04 18:26:37','2021-06-04 18:26:37','jade'),(19,7,'prod',NULL,3.00,'Y','2023-07-11 16:02:55','2023-07-11 16:02:55','jade'),(1,8,'prod',NULL,2.00,'N','2021-06-02 17:23:25','2023-10-15 16:16:03','jade'),(4,8,'prod',908,123.00,'Y','2023-12-27 16:52:00','2023-12-27 16:52:00','eric'),(6,8,'prod',908,100.00,'Y','2024-05-09 14:37:47','2024-05-09 14:37:47','jade'),(8,8,'prod',NULL,2.00,'Y','2023-07-11 16:08:38','2023-10-17 16:33:00','jade'),(9,8,'prod',NULL,323.00,'Y','2021-06-04 18:26:37','2021-06-04 18:26:37','jade'),(13,8,'prod',NULL,0.00,'N','2023-07-11 16:02:22','2023-10-15 22:27:54','jade'),(14,8,'prod',908,1.00,'Y','2023-12-27 16:37:05','2023-12-27 16:37:05','eric'),(19,8,'prod',NULL,2.00,'Y','2023-07-11 16:02:55','2023-07-11 16:02:55','jade'),(24,8,'prod',908,0.00,'N','2023-12-27 13:15:04','2023-12-27 13:15:04','jade'),(27,8,'prod',908,1.00,'Y','2023-12-27 15:37:12','2023-12-27 15:37:12','eric'),(1,13,'prod',NULL,3.00,'Y','2023-10-15 20:07:49','2023-10-16 04:10:27','jade'),(8,13,'prod',NULL,0.00,'N','2023-10-15 16:36:15','2023-10-16 00:45:04','jade'),(12,13,'prod',NULL,1.00,'N','2023-10-15 16:21:40','2023-10-15 20:43:24','jade'),(13,14,'prod',NULL,0.00,'N','2023-10-15 16:02:34','2023-10-15 16:02:34','jade'),(6,24,'prod',0,0.00,'N','2024-05-09 14:37:37','2024-05-09 14:37:37','jade'),(1,1,'resrc',NULL,5.00,'N','2021-06-03 12:40:40','2021-06-03 17:55:44','jade'),(8,1,'resrc',NULL,1.00,'N','2021-06-03 16:31:53','2021-06-03 17:44:18','jade'),(1,2,'resrc',NULL,6.00,'N','2021-06-03 12:40:40','2021-06-03 18:25:54','jade'),(1,3,'resrc',NULL,4.00,'N','2021-06-03 12:40:40','2021-06-03 17:52:16','jade'),(1,4,'resrc',NULL,3.00,'N','2021-06-03 11:38:23','2021-06-03 17:44:04','jade'),(8,4,'resrc',NULL,22.50,'N','2021-06-03 16:31:53','2021-06-03 16:59:15','jade'),(1,6,'resrc',NULL,11.00,'N','2021-06-03 12:40:40','2021-06-03 17:46:49','jade'),(8,6,'resrc',NULL,75.54,'N','2021-06-03 16:31:53','2021-06-03 16:57:47','jade'),(1,7,'resrc',NULL,1.00,'N','2021-06-03 11:23:59','2021-06-03 18:19:21','jade'),(8,7,'resrc',NULL,3.00,'Y','2021-06-03 17:01:21','2021-06-03 17:01:21','jade'),(1,8,'resrc',NULL,2.00,'N','2021-06-03 17:00:53','2021-06-03 18:15:25','jade'),(8,8,'resrc',NULL,2.00,'Y','2021-06-03 17:01:21','2021-06-03 17:01:21','jade');
/*!40000 ALTER TABLE `tblBom` ENABLE KEYS */;
UNLOCK TABLES;

--
-- Table structure for table `tblBuyOrder`
--

DROP TABLE IF EXISTS `tblBuyOrder`;
/*!40101 SET @saved_cs_client     = @@character_set_client */;
/*!40101 SET character_set_client = utf8 */;
CREATE TABLE `tblBuyOrder` (
  `BOrderCd` varchar(13) NOT NULL COMMENT '발주번호',
  `compCd` int(11) DEFAULT '0' COMMENT '회사코드',
  `gCompCd` int(11) DEFAULT '1' COMMENT '소유 회사 코드',
  `buyPhone` varchar(50) DEFAULT '' COMMENT '전화번호',
  `buyFax` varchar(50) DEFAULT '' COMMENT 'FAX',
  `buyMajor` varchar(20) DEFAULT '' COMMENT '담당자',
  `dueDt` varchar(10) DEFAULT '' COMMENT '납기일',
  `enterYN` varchar(1) DEFAULT 'N' COMMENT '입고여부(Y:입고/N:입고예정)',
  `flagYN` varchar(1) DEFAULT 'Y' COMMENT '삭제여부(Y:유효/N:삭제)',
  `regDate` datetime DEFAULT NULL COMMENT '최초저장일',
  `issueDate` datetime DEFAULT NULL COMMENT '최종저장일',
  `issueID` varchar(20) DEFAULT '' COMMENT '최종저장자',
  PRIMARY KEY (`BOrderCd`)
) ENGINE=InnoDB DEFAULT CHARSET=utf8 COMMENT='구매발주';
/*!40101 SET character_set_client = @saved_cs_client */;

--
-- Dumping data for table `tblBuyOrder`
--

LOCK TABLES `tblBuyOrder` WRITE;
/*!40000 ALTER TABLE `tblBuyOrder` DISABLE KEYS */;
INSERT INTO `tblBuyOrder` VALUES ('BO240528-0001',1,1,'010-0000-0000','fax','담당자','2024-05-28','Y','N','2024-05-28 15:30:16','2024-07-11 16:13:56','jade'),('BO240528-0002',2,1,'010-0000-0000','fax2','담당자2','2024-05-28','N','N','2024-05-28 15:31:35','2024-06-04 17:21:09','jade'),('BO240529-0001',1,1,'010-0000-0000','fax3','담당자3','2024-05-29','N','Y','2024-05-29 14:36:35','2024-07-03 14:35:57','jade'),('BO240529-0002',6,1,'010-0000-0000','fax4','담당자4','2024-05-29','N','N','2024-05-29 16:56:27','2024-05-29 16:57:24','jade'),('BO240530-0001',3,1,'010-0000-0000','fax3','담당자3','2024-05-29','N','N','2024-05-30 14:54:01','2024-05-30 14:54:01','Bom'),('BO240604-0001',6,1,'','','테스트','2024-06-04','N','N','2024-06-04 13:31:03','2024-06-04 13:53:09','jade'),('BO240604-0002',6,1,'','','당당자','2024-06-04','N','N','2024-06-04 14:00:27','2024-06-04 14:03:37','jade'),('BO240604-0003',5,1,'','','에휴','2024-06-28','N','N','2024-06-04 14:03:53','2024-09-13 15:22:24','jade'),('BO240604-0004',3,1,'','','???','2024-06-04','N','N','2024-06-04 14:05:02','2024-06-04 15:00:29','jade'),('BO240604-0005',1,1,'','','이게 진짜','2024-06-04','Y','N','2024-06-04 15:01:11','2024-07-22 13:29:53','jade'),('BO240604-0006',1,1,'','','고고','2024-06-04','N','N','2024-06-04 15:03:49','2024-06-04 17:20:59','jade'),('BO240604-0007',6,1,'','','ㅋㅋ','2024-06-04','Y','N','2024-06-04 15:14:12','2024-07-22 13:37:37','jade'),('BO240604-0008',9,1,'','','ㅜㅜ','2024-06-04','N','N','2024-06-04 16:00:26','2024-09-01 16:29:44','jade'),('BO240604-0009',1,1,'','','덩','2024-06-04','Y','N','2024-06-04 16:13:36','2024-06-04 16:43:10','jade'),('BO240611-0001',9,1,'01055555555','22','당당자','2024-06-11','Y','Y','2024-06-11 11:23:18','2024-07-22 13:28:48','jade'),('BO240611-0002',9,1,'','1010','담담','2024-06-11','Y','Y','2024-06-11 13:32:53','2024-07-22 13:28:55','jade'),('BO240901-0001',5,1,'010-2369-8852','','우영우','2024-09-04','Y','Y','2024-09-01 16:39:39','2024-09-05 16:09:23','jade'),('BO240901-0002',7,1,'02-2365-9966','','호떡이','2024-09-06','N','Y','2024-09-01 17:01:33','2024-09-01 17:01:33','jade');
/*!40000 ALTER TABLE `tblBuyOrder` ENABLE KEYS */;
UNLOCK TABLES;

--
-- Table structure for table `tblBuyOrderItems`
--

DROP TABLE IF EXISTS `tblBuyOrderItems`;
/*!40101 SET @saved_cs_client     = @@character_set_client */;
/*!40101 SET character_set_client = utf8 */;
CREATE TABLE `tblBuyOrderItems` (
  `BOrderSeq` int(11) unsigned NOT NULL AUTO_INCREMENT COMMENT '구매 항목 시퀀스',
  `prodCd` int(11) DEFAULT '0' COMMENT '제품 시퀀스',
  `BOrderCd` varchar(13) DEFAULT '' COMMENT '구매 발주 관련 시퀀스',
  `qty` decimal(20,2) DEFAULT NULL COMMENT '수량',
  `unitPrice` decimal(20,2) DEFAULT '0.00' COMMENT '단가',
  `remark` varchar(1000) DEFAULT '' COMMENT '용처',
  `flagYN` varchar(1) DEFAULT 'Y' COMMENT '삭제여부(Y:유효/N:삭제)',
  `regDate` datetime DEFAULT NULL COMMENT '최초저장일',
  `issueDate` datetime DEFAULT NULL COMMENT '최종저장일',
  `issueID` varchar(20) DEFAULT '' COMMENT '최종저장자',
  PRIMARY KEY (`BOrderSeq`) USING BTREE
) ENGINE=InnoDB AUTO_INCREMENT=50 DEFAULT CHARSET=utf8 COMMENT='구매발주 항목';
/*!40101 SET character_set_client = @saved_cs_client */;

--
-- Dumping data for table `tblBuyOrderItems`
--

LOCK TABLES `tblBuyOrderItems` WRITE;
/*!40000 ALTER TABLE `tblBuyOrderItems` DISABLE KEYS */;
INSERT INTO `tblBuyOrderItems` VALUES (1,10,'BO240528-0001',1.00,5000.00,'메모','Y','2024-05-30 15:00:49','2024-05-30 15:00:49','Bom'),(2,13,'BO240528-0001',2.00,1000.00,'메모','N','2024-05-30 15:03:38','2024-05-30 17:03:33','jade'),(3,NULL,NULL,10.00,1110.00,'','N','2024-05-30 17:00:33','2024-05-30 17:00:33','jade'),(4,NULL,NULL,10.00,500.00,'','N','2024-05-30 17:01:35','2024-05-30 17:01:35','jade'),(5,4,'BO240528-0002',10.00,100.00,'','N','2024-05-30 17:03:22','2024-05-30 17:03:53','jade'),(6,13,'BO240528-0001',10.00,200.00,'ㅋㅋ','Y','2024-05-30 17:03:44','2024-05-30 17:03:44','jade'),(7,35,'BO240529-0001',10.00,8000.00,'','Y','2024-05-30 17:12:47','2024-05-30 17:12:47','jade'),(8,33,'BO240528-0002',5.00,3700000.00,'잘 되낭?','Y','2024-06-01 21:38:52','2024-06-01 21:38:52','jade'),(9,13,'BO240528-0002',10.00,2500000.00,'','Y','2024-06-01 21:39:09','2024-06-01 21:39:09','jade'),(10,36,'BO240529-0001',19.00,200.00,'','Y','2024-06-04 10:42:43','2024-06-05 13:45:25','jade'),(11,13,'BO240529-0001',10.00,10.00,'','Y','2024-06-04 10:58:53','2024-06-04 10:58:53','jade'),(12,1,'BO240529-0001',10.00,1110.00,'','Y','2024-06-04 11:01:45','2024-06-04 11:01:45','jade'),(13,33,'BO240529-0001',10.00,100.00,'','Y','2024-06-04 11:03:07','2024-06-04 11:03:07','jade'),(14,12,'BO240529-0001',1000.00,200.00,'','Y','2024-06-04 11:10:30','2024-06-04 11:11:01','jade'),(15,12,'BO240528-0002',10.00,100.00,'','Y','2024-06-04 11:12:48','2024-06-04 11:14:02','jade'),(16,12,'BO240528-0001',200.00,100.00,'','Y','2024-06-04 11:24:55','2024-06-04 11:25:22','jade'),(17,12,'BO240604-0001',10.00,100.00,'','Y','2024-06-04 13:31:32','2024-06-04 13:31:32','jade'),(18,13,'BO240604-0001',20.00,200.00,'','Y','2024-06-04 13:31:41','2024-06-04 13:35:08','jade'),(19,33,'BO240604-0002',10.00,10.00,'','Y','2024-06-04 14:00:53','2024-06-04 14:00:53','jade'),(20,30,'BO240604-0002',10.00,100.00,'','Y','2024-06-04 14:01:01','2024-06-04 14:01:35','jade'),(21,13,'BO240604-0003',10.00,50.00,'','Y','2024-06-04 14:04:08','2024-06-04 14:04:08','jade'),(22,12,'BO240604-0003',10.00,50.00,'','Y','2024-06-04 14:04:17','2024-06-04 14:04:17','jade'),(23,12,'BO240604-0004',10.00,500.00,'','Y','2024-06-04 14:05:57','2024-06-04 14:08:56','jade'),(24,13,'BO240604-0004',10.00,110.00,'','Y','2024-06-04 14:09:09','2024-06-04 14:09:09','jade'),(25,35,'BO240604-0005',0.00,0.00,'','Y','2024-06-04 15:01:28','2024-06-04 15:01:28','jade'),(26,13,'BO240604-0005',0.00,0.00,'','Y','2024-06-04 15:01:37','2024-06-04 15:01:37','jade'),(27,13,'BO240604-0006',1234.00,100.00,'','Y','2024-06-04 15:04:08','2024-06-04 15:07:09','jade'),(28,33,'BO240604-0006',1234.00,100.00,'','Y','2024-06-04 15:12:00','2024-06-04 15:12:00','jade'),(29,12,'BO240604-0007',0.00,0.00,'','Y','2024-06-04 15:14:39','2024-06-04 15:14:54','jade'),(30,12,'BO240604-0007',0.00,0.00,'','N','2024-06-04 15:15:05','2024-06-04 15:15:13','jade'),(31,12,'BO240604-0007',10.00,1234.00,'','N','2024-06-04 15:40:57','2024-06-04 15:41:41','jade'),(32,12,'BO240604-0007',10.00,120.00,'','Y','2024-06-04 15:41:59','2024-06-04 15:41:59','jade'),(33,13,'BO240604-0007',10.00,120.00,'','Y','2024-06-04 15:49:10','2024-06-04 15:49:10','jade'),(34,13,'BO240604-0007',0.00,0.00,'','Y','2024-06-04 15:14:39','2024-06-04 15:14:54','jade'),(35,13,'BO240604-0008',12.00,12.00,'','Y','2024-06-04 16:00:36','2024-06-04 18:15:44','jade'),(36,12,'BO240604-0008',12.00,12.00,'','Y','2024-06-04 16:05:27','2024-06-04 18:16:15','jade'),(37,8,'BO240604-0009',0.00,0.00,'','N','2024-06-04 16:13:51','2024-06-04 16:14:46','jade'),(38,33,'BO240604-0009',111111111110.00,0.00,'','N','2024-06-04 16:14:53','2024-06-04 16:42:31','jade'),(39,35,'BO240604-0008',10.00,110.00,'','Y','2024-06-04 18:16:40','2024-06-04 18:16:40','jade'),(40,36,'BO240529-0001',18.00,100.00,'','N','2024-06-05 13:28:50','2024-06-05 13:48:53','jade'),(41,13,'BO240611-0001',10.00,1000.00,'','Y','2024-06-11 11:23:52','2024-06-11 11:23:52','jade'),(42,36,'BO240611-0001',150.00,1500.00,'','Y','2024-06-11 11:24:11','2024-06-11 11:24:11','jade'),(43,13,'BO240611-0002',10.00,100.00,'','Y','2024-06-11 13:33:03','2024-06-11 13:33:03','jade'),(44,6,'BO240901-0002',5.00,150000.00,'','Y','2024-09-01 17:02:01','2024-09-01 17:02:01','jade'),(45,13,'BO240901-0002',10.00,120000.00,'','Y','2024-09-01 17:03:59','2024-09-01 17:03:59','jade'),(46,13,'BO240901-0001',2.00,200000.00,'','N','2024-09-01 18:02:42','2024-09-02 11:07:52','jade'),(47,36,'BO240901-0001',10.00,43000.00,'','N','2024-09-02 10:14:21','2024-09-02 11:07:56','jade'),(48,36,'BO240901-0001',2.00,45000.00,'','N','2024-09-02 11:08:16','2024-09-02 11:18:46','jade'),(49,36,'BO240901-0001',3.00,43000.00,'','Y','2024-09-02 11:20:01','2024-09-02 11:20:01','jade');
/*!40000 ALTER TABLE `tblBuyOrderItems` ENABLE KEYS */;
UNLOCK TABLES;

--
-- Table structure for table `tblCashVoucher`
--

DROP TABLE IF EXISTS `tblCashVoucher`;
/*!40101 SET @saved_cs_client     = @@character_set_client */;
/*!40101 SET character_set_client = utf8 */;
CREATE TABLE `tblCashVoucher` (
  `voucherCd` varchar(13) NOT NULL COMMENT 'VCyymmdd-0001',
  `voucherSeq` int(11) NOT NULL DEFAULT '0' COMMENT '바우쳐 항목 순번',
  `BOrderCd` varchar(13) DEFAULT '' COMMENT '오더코드',
  `openDt` varchar(10) DEFAULT '' COMMENT '발행일',
  `cashYN` varchar(1) DEFAULT 'Y',
  `completeYN` varchar(1) DEFAULT 'N',
  `completeID` varchar(20) DEFAULT '',
  `memo` varchar(3000) DEFAULT '' COMMENT '비고',
  `flagYN` varchar(1) DEFAULT 'Y' COMMENT '삭제여부(Y:유효/N:삭제)',
  `regDate` datetime DEFAULT NULL COMMENT '최초저장일',
  `issueDate` datetime DEFAULT NULL COMMENT '최종저장일',
  `issueID` varchar(20) DEFAULT '' COMMENT '최종저장자',
  PRIMARY KEY (`voucherCd`,`voucherSeq`) USING BTREE
) ENGINE=InnoDB DEFAULT CHARSET=utf8 COMMENT='지출결의서';
/*!40101 SET character_set_client = @saved_cs_client */;

--
-- Dumping data for table `tblCashVoucher`
--

LOCK TABLES `tblCashVoucher` WRITE;
/*!40000 ALTER TABLE `tblCashVoucher` DISABLE KEYS */;
INSERT INTO `tblCashVoucher` VALUES ('BO240607-0001',1,'BO240604-0008','2024-06-07','Y','N','','','N','2024-06-07 16:22:42','2024-06-07 17:19:18','jade'),('CV240607-0001',1,'BO240529-0001','2024-06-07','Y','N','','','N','2024-06-07 17:23:16','2024-06-07 17:23:16','jade'),('CV240607-0002',1,'BO240604-0008','2024-06-07','Y','N','','','N','2024-06-07 17:23:52','2024-06-07 17:23:52','jade'),('CV240607-0003',1,'BO240604-0008','2024-06-07','Y','N','','','N','2024-06-07 17:24:46','2024-06-07 17:28:51','jade'),('CV240607-0004',1,'BO240604-0008','2024-06-07','Y','N','','','N','2024-06-07 17:32:44','2024-06-07 17:32:44','jade'),('CV240607-0005',1,'BO240529-0001','2024-06-07','Y','N','','','N','2024-06-07 17:33:10','2024-06-07 17:33:10','jade'),('CV240607-0006',1,'BO240604-0008','2024-06-07','Y','N','','','N','2024-06-07 17:46:52','2024-06-07 17:46:52','jade'),('CV240607-0007',1,'BO240604-0008','2024-06-07','Y','N','','','N','2024-06-07 17:47:09','2024-06-07 17:47:09','jade'),('CV240607-0007',2,'BO240529-0001','2024-06-07','Y','N','','','N','2024-06-07 17:47:09','2024-06-07 17:47:09','jade'),('CV240607-0009',1,'BO240529-0001','2024-06-07','Y','N','','','N','2024-06-07 18:12:38','2024-06-07 18:12:38','jade'),('CV240607-0010',1,'BO240604-0008','2024-06-07','Y','N','','','N','2024-06-07 18:13:16','2024-06-07 18:13:16','jade'),('CV240607-0010',2,'BO240529-0001','2024-06-07','Y','N','','','N','2024-06-07 18:13:16','2024-06-07 18:13:16','jade'),('CV240610-0001',1,'BO240604-0008','2024-06-10','Y','N','','','N','2024-06-10 10:38:41','2024-06-10 10:38:41','jade'),('CV240610-0002',1,'BO240604-0008','2024-06-10','Y','N','','','N','2024-06-10 13:00:02','2024-06-10 13:00:02','jade'),('CV240610-0003',1,'BO240529-0001','2024-06-10','Y','N','','','N','2024-06-10 16:47:59','2024-06-13 14:51:53','jade'),('CV240611-0001',1,'BO240604-0008','2024-06-11','Y','N','','','N','2024-06-11 11:24:19','2024-06-11 11:24:19','jade'),('CV240611-0002',1,'BO240611-0001','2024-06-11','Y','N','','','N','2024-06-11 11:24:49','2024-06-13 14:35:22','jade'),('CV240611-0002',2,'BO240604-0008','2024-06-11','Y','N','','','N','2024-06-11 11:24:49','2024-06-13 14:32:39','jade'),('CV240611-0004',1,'BO240611-0002','2024-06-11','Y','N','','','N','2024-06-11 13:33:07','2024-06-13 15:04:55','jade'),('CV240613-0001',1,'BO240604-0008','2024-06-13','Y','N','','','N','2024-06-13 14:35:33','2024-06-13 14:42:45','jade'),('CV240613-0002',1,'BO240611-0001','2024-06-13','Y','N','','','N','2024-06-13 14:35:48','2024-06-13 14:42:41','jade'),('CV240613-0003',1,'BO240611-0001','2024-06-13','Y','N','','','N','2024-06-13 14:43:57','2024-06-13 14:44:07','jade'),('CV240613-0004',1,'BO240604-0008','2024-06-13','Y','Y','jade','','Y','2024-06-13 14:43:59','2024-06-13 15:03:15','jade'),('CV240613-0005',1,'BO240611-0001','2024-06-13','Y','Y','jade','','Y','2024-06-13 14:52:19','2024-06-13 15:03:15','jade'),('CV240613-0005',2,'BO240529-0001','2024-06-13','Y','N','','','Y','2024-06-13 14:52:19','2024-06-13 14:52:19','jade'),('CV240901-0001',1,'BO240604-0008','2024-09-01','Y','N','','','Y','2024-09-01 16:28:37','2024-09-01 16:28:37','jade'),('CV240901-0002',1,'BO240611-0002','2024-09-01','Y','N','','','Y','2024-09-01 16:36:58','2024-09-01 16:37:54','jade');
/*!40000 ALTER TABLE `tblCashVoucher` ENABLE KEYS */;
UNLOCK TABLES;

--
-- Table structure for table `tblCommonCd`
--

DROP TABLE IF EXISTS `tblCommonCd`;
/*!40101 SET @saved_cs_client     = @@character_set_client */;
/*!40101 SET character_set_client = utf8 */;
CREATE TABLE `tblCommonCd` (
  `groupCd` varchar(4) NOT NULL COMMENT '그룹코드',
  `itemCd` varchar(5) NOT NULL COMMENT '공통코드',
  `groupNm` varchar(50) DEFAULT '' COMMENT '그룹 이름',
  `itemNm` varchar(50) DEFAULT '' COMMENT '공통코드 이름',
  `itemMemo` varchar(400) DEFAULT '' COMMENT '공통코드 Memo',
  `itemSeq` int(11) DEFAULT '1' COMMENT '공통코드 순서',
  `flagYN` varchar(1) DEFAULT 'Y' COMMENT '삭제여부(Y:유효/N:삭제)',
  `regDate` datetime DEFAULT NULL COMMENT '최초저장일',
  `issueDate` datetime DEFAULT NULL COMMENT '최종저장일',
  `issueID` varchar(20) DEFAULT '' COMMENT '최종저장자',
  PRIMARY KEY (`groupCd`,`itemCd`)
) ENGINE=InnoDB DEFAULT CHARSET=utf8 COMMENT='공통코드';
/*!40101 SET character_set_client = @saved_cs_client */;

--
-- Dumping data for table `tblCommonCd`
--

LOCK TABLES `tblCommonCd` WRITE;
/*!40000 ALTER TABLE `tblCommonCd` DISABLE KEYS */;
INSERT INTO `tblCommonCd` VALUES ('0001','00100','사용자등급','일반','',1,'Y','2023-07-11 16:37:17','2023-07-14 16:20:02','jade'),('0001','00900','사용자등급','관리자','',2,'Y','2021-04-12 10:52:19','2021-04-12 10:52:19','1'),('0001','01000','사용자등급','슈퍼관리자','',3,'N','2023-07-11 16:37:17','2023-07-14 16:27:02','jade'),('0002','01000','분류','내수용','',1,'Y','2021-04-21 16:30:00','2023-07-14 16:20:18','jade'),('0002','02000','분류','수출용','',2,'Y','2021-04-21 16:30:22','2021-04-21 16:30:22','s'),('0003','O','자재분류','원자재','',1,'Y','2021-05-10 15:15:02','2023-07-14 16:23:10','jade'),('0003','S','자재분류','부자재','',2,'Y','2021-05-10 15:15:24','2021-05-10 15:15:24','jade'),('0004','prod','BOM 타입','제품','',1,'Y','2021-05-19 20:11:03','2021-05-19 20:11:03','jade'),('0004','resrc','BOM 타입','자재','',2,'Y','2021-05-19 20:11:23','2023-10-10 23:47:51','eric4757'),('0005','00100','주문진행상황','대기','',1,'Y','2024-02-26 18:04:22','2024-02-26 18:04:21','jade'),('0005','00200','주문진행상황','출고예정','',2,'Y','2024-02-26 18:02:59','2024-09-01 02:27:12','jade'),('0005','00300','주문진행상황','출고완료','',3,'Y','2024-09-01 02:27:43','2024-09-01 02:27:50','jade'),('0006','00100','택배사','CJ','',1,'Y','2024-02-26 18:04:20','2024-02-26 18:04:46','jade'),('0006','00200','택배사','경동','',2,'Y','2024-02-26 18:04:34','2024-02-26 18:04:34','jade'),('0007','00100','게이트 위치','게이트 A 1-1','',1,'Y','2024-07-08 12:59:39','2024-07-08 12:59:39','jade'),('0007','00200','게이트 위치','게이트 A 1-2\r\n','',2,'Y','2024-07-08 13:00:06','2024-07-08 13:00:06','jade'),('0007','00300','게이트 위치','게이트 B 3-1','',3,'Y','2024-07-08 13:01:11','2024-07-08 13:01:11','jade'),('0007','00400','게이트 위치','게이트 C 2-1','',4,'Y','2024-07-08 13:01:31','2024-07-08 13:01:37','jade'),('0007','00500','게이트 위치','게이트 C 2-2','',5,'Y','2024-07-08 13:01:51','2024-07-08 13:01:51','jade'),('0008','EA','단위','개(EA)','EA',3,'Y','2024-07-10 16:42:01','2024-07-10 16:46:58','jade'),('0008','g','단위','무게(g)','Ton/Kg/g',1,'Y','2024-07-10 15:04:15','2024-07-10 15:31:39','jade'),('0008','mm','단위','길이(mm)','km/m/cm/mm',2,'Y','2024-07-10 15:47:24','2024-07-10 15:47:24','jade'),('0009','cm','단위환산','cm','10',6,'Y','2024-07-10 15:50:00','2024-07-11 13:29:15','jade'),('0009','EA','단위환산','EA','1',8,'Y','2024-07-11 15:48:54','2024-07-11 15:48:54','jade'),('0009','g','단위환산','g','1',3,'Y','2024-07-11 13:28:55','2024-07-11 13:29:21','jade'),('0009','Kg','단위환산','Kg','1000',2,'Y','2024-07-10 15:30:04','2024-07-10 15:48:38','jade'),('0009','km','단위환산','km','1000000',4,'Y','2024-07-10 15:49:15','2024-07-11 13:29:01','jade'),('0009','m','단위환산','m','1000',5,'Y','2024-07-10 15:49:43','2024-07-11 13:29:10','jade'),('0009','mm','단위환산','mm','1',7,'Y','2024-07-11 13:29:37','2024-07-11 13:29:37','jade'),('0009','Ton','단위환산','Ton','1000000',1,'Y','2024-07-10 15:30:51','2024-07-10 15:48:35','jade'),('0010','00100','제작구분','제작','',1,'Y','2024-09-11 10:35:15','2024-09-11 10:35:15','jade'),('0010','00200','제작구분','수정','',2,'Y','2024-09-11 10:35:34','2024-09-11 10:35:34','jade'),('0010','00300','제작구분','재제작','',3,'Y','2024-09-11 10:35:44','2024-09-11 10:35:44','jade'),('0010','00400','제작구분','추가제작','',4,'Y','2024-09-11 10:35:54','2024-09-11 10:35:54','jade'),('0010','00500','제작구분','재공품','',5,'Y','2024-09-11 10:36:06','2024-09-11 10:36:06','jade'),('0010','00600','제작구분','부품','',6,'Y','2024-09-11 10:36:15','2024-09-11 10:36:15','jade'),('0011','00100','부품','ROLLER','',1,'Y','2024-09-11 16:00:08','2024-09-11 16:00:08','jade'),('0011','00200','부품','SPCAER','',2,'Y','2024-09-11 16:00:28','2024-09-11 16:00:28','jade'),('0011','00300','부품','Guide Base','',3,'Y','2024-09-11 16:00:46','2024-09-11 16:00:46','jade'),('0011','00400','부품','액츄에이터','',4,'Y','2024-09-11 16:01:12','2024-09-11 16:01:12','jade'),('0011','00500','부품','프로파일 30x60','',5,'Y','2024-09-11 16:01:27','2024-09-11 16:01:27','jade'),('0012','00100','재질','구리','',1,'Y','2024-09-11 16:01:50','2024-09-11 16:01:50','jade'),('0012','00200','재질','아크릴','',2,'Y','2024-09-11 16:02:07','2024-09-11 16:02:07','jade'),('0012','00300','재질','우레탄','',3,'Y','2024-09-11 16:02:19','2024-09-11 16:02:19','jade'),('0012','00400','재질','유리','',4,'Y','2024-09-11 16:02:32','2024-09-11 16:02:32','jade'),('0012','00500','재질','초경','',5,'Y','2024-09-11 16:02:45','2024-09-11 16:02:45','jade'),('0013','00100','단위공정','가공','',1,'Y','2024-09-19 13:04:26','2024-09-19 13:04:26','jade'),('0013','00200','단위공정','가공(양산)','',2,'Y','2024-09-19 13:04:46','2024-09-19 13:04:46','jade'),('0013','00300','단위공정','공정검사','',3,'Y','2024-09-19 13:04:58','2024-09-19 13:04:58','jade'),('0013','00400','단위공정','세척','',4,'Y','2024-09-19 13:05:08','2024-09-19 13:05:08','jade'),('0013','00500','단위공정','육안검사','',5,'Y','2024-09-19 13:05:23','2024-09-19 13:05:23','jade'),('0013','00600','단위공정','출하','',6,'Y','2024-09-19 13:05:35','2024-09-19 13:05:35','jade'),('0013','00700','단위공정','포장','',7,'Y','2024-09-19 13:06:13','2024-09-19 13:06:13','jade');
/*!40000 ALTER TABLE `tblCommonCd` ENABLE KEYS */;
UNLOCK TABLES;

--
-- Table structure for table `tblCompany`
--

DROP TABLE IF EXISTS `tblCompany`;
/*!40101 SET @saved_cs_client     = @@character_set_client */;
/*!40101 SET character_set_client = utf8 */;
CREATE TABLE `tblCompany` (
  `compCd` int(10) NOT NULL AUTO_INCREMENT COMMENT '거래처 코드',
  `gCompCd` int(11) NOT NULL DEFAULT '1' COMMENT '소유 회사 코드',
  `compNm` varchar(100) DEFAULT '' COMMENT '거래처 이름',
  `compNo` varchar(20) DEFAULT '' COMMENT '사업자 번호',
  `owner` varchar(20) DEFAULT '' COMMENT '대표자',
  `major` varchar(20) DEFAULT '' COMMENT '담당자',
  `phone` varchar(100) DEFAULT '' COMMENT '연락처',
  `taxEmail` varchar(100) DEFAULT '' COMMENT '세금계산서 Email',
  `address` varchar(100) DEFAULT '' COMMENT '주소',
  `compType` varchar(1000) DEFAULT '' COMMENT '업태',
  `compPart` varchar(1000) DEFAULT '' COMMENT '종목',
  `remarks` varchar(4000) DEFAULT '' COMMENT '메모',
  `flagYN` varchar(1) DEFAULT 'Y' COMMENT '삭제여부(Y:유효/N:삭제)',
  `regDate` datetime DEFAULT NULL COMMENT '최초저장일',
  `issueDate` datetime DEFAULT NULL COMMENT '최종저장일',
  `issueID` varchar(20) DEFAULT '' COMMENT '최종저장자',
  PRIMARY KEY (`compCd`)
) ENGINE=InnoDB AUTO_INCREMENT=18 DEFAULT CHARSET=utf8 COMMENT='거래처';
/*!40101 SET character_set_client = @saved_cs_client */;

--
-- Dumping data for table `tblCompany`
--

LOCK TABLES `tblCompany` WRITE;
/*!40000 ALTER TABLE `tblCompany` DISABLE KEYS */;
INSERT INTO `tblCompany` VALUES (1,1,'주식회사 코어스','110111-7268562','박진호','담당자','010-4102-3796','tax@coresinc.co.kr','서울특별시 영등포구 당산로 41번길 11, W동 609호','서비스','소프트웨어','','Y',NULL,'2024-02-29 18:43:56','jade'),(2,1,'일번지 상사','123-25-56933','일번지','담당자','연락처','Email','','','','','Y','2021-04-12 16:06:20','2021-05-06 14:36:02','jade'),(3,1,'이대로 무역','230-63-20026','최대로','담당자','연락처','Email','','','','','Y','2021-04-12 16:06:21','2024-05-09 10:59:48','jade'),(4,1,'깡통 로봇','120-55-23650','최깡통','담당자','연락처','Email','','','','','Y','2021-04-12 16:06:21','2024-05-09 10:58:15','jade'),(5,1,'무지개 통상','236-55-96320','대표자','담당자','연락처','Email','','','','','Y','2021-04-12 16:06:21','2024-05-09 17:44:11','jade'),(6,1,'활활타 무역','263-56-96320','대표자','담당자','연락처','Email','','','','','Y','2021-04-12 16:06:22','2021-05-06 14:37:33','jade'),(7,1,'기린 물산','236-66-02653','김기린','저레프','02-2313-2266','kirin@gmail.com','','','','','Y','2021-04-12 16:06:22','2024-05-09 17:37:51','jade'),(8,1,'럭키 세븐','200-23-66930','이행칠','담당자','연락처','Email','','','','','Y','2021-04-12 16:06:22','2024-05-09 10:58:55','jade'),(9,1,'머시기 상사','사업자번호','마식이','담당자','연락처','Email','','','','','Y','2021-04-12 16:06:22','2024-05-09 10:59:09','jade'),(10,1,'클라우드 나인','326-33-96321','대표자','담당자','연락처','Email','','','','','Y','2021-04-12 16:06:22','2021-05-06 15:51:04',NULL),(11,1,'거래처','사업자번호','대표자','담당자','연락처','Email','','','','','Y','2021-04-12 16:06:22','2024-01-02 18:17:06','jade'),(12,1,'카이 컴퍼니','0001','권용훈','김용훈','010','wkzkfmxksi@gmail.com','강남구','업태','종목','메모','Y','2021-04-12 16:15:25','2021-04-21 11:30:38','s'),(13,1,'비스도리','000-1234-123114','요동동','동동이','010-1234-0000','dong@dong.com','논산','서비스','소프트웨어','맴맴','Y','2021-08-06 17:29:40','2021-08-06 18:00:05','jade'),(14,1,'거래처 테스트','','','','','','','','','','N','2023-07-14 17:18:57','2023-12-27 13:06:00','jade'),(15,1,'거래처 일등','1','','','','','','','','','N','2023-12-27 13:06:21','2024-05-09 15:08:00','jade'),(16,1,'바이오스펙트럼','211-86-95455','','','','','','','','','Y','2024-03-04 11:19:02','2024-03-04 11:19:02','jade'),(17,1,'물난리 컴퍼니','123-47-44552','','','','','','','','','Y','2024-05-29 15:16:14','2024-05-29 15:16:14','jade');
/*!40000 ALTER TABLE `tblCompany` ENABLE KEYS */;
UNLOCK TABLES;

--
-- Table structure for table `tblConfig`
--

DROP TABLE IF EXISTS `tblConfig`;
/*!40101 SET @saved_cs_client     = @@character_set_client */;
/*!40101 SET character_set_client = utf8 */;
CREATE TABLE `tblConfig` (
  `fieldCd` varchar(20) DEFAULT '' COMMENT '환경설정 코드',
  `fieldVal` varchar(4000) DEFAULT '' COMMENT '환경설정 값',
  `fieldDesc` varchar(100) DEFAULT '' COMMENT '환경설정 필드 설명'
) ENGINE=InnoDB DEFAULT CHARSET=utf8 COMMENT='환경설정';
/*!40101 SET character_set_client = @saved_cs_client */;

--
-- Dumping data for table `tblConfig`
--

LOCK TABLES `tblConfig` WRITE;
/*!40000 ALTER TABLE `tblConfig` DISABLE KEYS */;
INSERT INTO `tblConfig` VALUES ('compNm','망고 WMS','회사명'),('domain','wms','도메인'),('orderBarcode','{D0330,0800,0300|}{C|}{LC;0020,0030,0780,0280,1,5|}{PC001;0308,0070,1,1,51,00,B|}{RC001;GetHangul(orderCd)|}{PC001;0308,0130,1,1,51,00,B|}{RC001;GetHangul(buyerNm)|}{PC001;0308,0190,1,1,51,00,B|}{RC001;GetHangul(orderDt)|}{XB03;0045,0050,T,L,08,A,0,M2|}{RB03;orderCd|}{XS;I,0001,0000C5000|}','주문서 바코드 인쇄 포맷'),('houseBarcode','{D0330,0800,0300|}{C|}{LC;0020,0030,0780,0280,1,5|}{PC001;0075,0100,1,1,51,00,B|}{RC001;GetHangul(houseNm)|}{PC001;0075,0160,1,1,51,00,B|}{RC001;GetHangul(barcode)|}{XB03;0550,0050,T,L,08,A,0,M2|}{RB03;barcode|}{XS;I,0001,0000C5000|}','창고 바코드 인쇄 포맷'),('prodBarcode','{D0330,0800,0300|}{C|}{LC;0020,0030,0780,0280,1,5|}{PC001;0308,0100,1,1,51,00,B|}{RC001;GetHangul(prodNm)|}{PC001;0308,0160,1,1,51,00,B|}{RC001;GetHangul(barcode)|}{XB03;0045,0050,T,L,08,A,0,M2|}{RB03;barcode|}{XS;I,0001,0000C5000|}','제품 바코드 인쇄 포맷');
/*!40000 ALTER TABLE `tblConfig` ENABLE KEYS */;
UNLOCK TABLES;

--
-- Table structure for table `tblDayOff`
--

DROP TABLE IF EXISTS `tblDayOff`;
/*!40101 SET @saved_cs_client     = @@character_set_client */;
/*!40101 SET character_set_client = utf8 */;
CREATE TABLE `tblDayOff` (
  `offSeq` int(11) unsigned NOT NULL AUTO_INCREMENT COMMENT '휴무시퀀스',
  `userID` varchar(20) DEFAULT NULL COMMENT '사용자 아이디',
  `offDate` varchar(500) DEFAULT NULL COMMENT '휴무일',
  `restCnt` int(11) DEFAULT '0' COMMENT '잔여일',
  `flagYN` varchar(1) DEFAULT 'Y' COMMENT '유효여부',
  `regDate` datetime DEFAULT NULL COMMENT '등록일시',
  `issueDate` datetime DEFAULT NULL COMMENT '최종수정일시',
  `issueID` varchar(20) DEFAULT NULL COMMENT '작성자',
  PRIMARY KEY (`offSeq`)
) ENGINE=InnoDB DEFAULT CHARSET=utf8 COMMENT='휴무관리';
/*!40101 SET character_set_client = @saved_cs_client */;

--
-- Dumping data for table `tblDayOff`
--

LOCK TABLES `tblDayOff` WRITE;
/*!40000 ALTER TABLE `tblDayOff` DISABLE KEYS */;
/*!40000 ALTER TABLE `tblDayOff` ENABLE KEYS */;
UNLOCK TABLES;

--
-- Table structure for table `tblFiles`
--

DROP TABLE IF EXISTS `tblFiles`;
/*!40101 SET @saved_cs_client     = @@character_set_client */;
/*!40101 SET character_set_client = utf8 */;
CREATE TABLE `tblFiles` (
  `fileSeq` int(10) NOT NULL AUTO_INCREMENT COMMENT '파일시퀀스',
  `tableNm` varchar(20) DEFAULT '' COMMENT '테이블 이름',
  `tableKey` varchar(50) DEFAULT '' COMMENT '테이블 PRI 값',
  `fileUrl` varchar(1000) DEFAULT '' COMMENT '파일위치',
  `fileNm` varchar(200) DEFAULT '' COMMENT '파일이름',
  `flagYN` varchar(1) DEFAULT 'Y' COMMENT '삭제여부(Y:유효/N:삭제)',
  `regDate` datetime DEFAULT NULL COMMENT '최초저장일',
  `issueDate` datetime DEFAULT NULL COMMENT '최종저장일',
  `issueID` varchar(20) DEFAULT '' COMMENT '최종저장자',
  PRIMARY KEY (`fileSeq`) USING BTREE
) ENGINE=InnoDB AUTO_INCREMENT=221 DEFAULT CHARSET=utf8 COMMENT='파일관리';
/*!40101 SET character_set_client = @saved_cs_client */;

--
-- Dumping data for table `tblFiles`
--

LOCK TABLES `tblFiles` WRITE;
/*!40000 ALTER TABLE `tblFiles` DISABLE KEYS */;
INSERT INTO `tblFiles` VALUES (114,'tblResource','6','20230925103908.jpg','12.jpg','N','2023-09-25 10:39:08','2023-10-16 00:27:16',NULL),(120,'tblResource','1','20230925143246.jpg','12.jpg','Y','2023-09-25 14:32:45','2023-09-25 14:32:45',NULL),(121,'tblResource','1','20230925143251.jpg','24283C3858F778CA2E.jpg','Y','2023-09-25 14:32:50','2023-09-25 14:32:50',NULL),(122,'tblResource','1','20230925143303.png','cores-logo-white.png','Y','2023-09-25 14:33:03','2023-09-25 14:33:03',NULL),(123,'tblResource','1','20230925143837_tblResource.jpg','12.jpg','N','2023-09-25 14:38:37','2023-10-14 15:23:42',NULL),(131,NULL,NULL,'20230927172323_product.jpg',NULL,'N','2023-09-27 17:23:23','2023-10-19 15:53:11','jade'),(132,NULL,NULL,'20230927172542_product.jpg',NULL,'N','2023-09-27 17:25:42','2023-10-19 15:54:46','jade'),(144,'tblCompany','4','20231004141853.jpg','12.jpg','Y','2023-10-04 14:18:52','2023-10-04 14:18:52',NULL),(146,'tblCompany','5','20231005124123.jpg','12.jpg','Y','2023-10-05 12:41:22','2023-10-05 12:41:22',NULL),(152,'tblProduct','2','20231005144927.PNG','cleanRobot.PNG','N','2023-10-05 14:49:24','2023-10-15 23:24:36',NULL),(153,'tblProduct','13','20231005145153.png','??-2.png','N','2023-10-05 14:51:50','2023-10-15 23:28:30',NULL),(157,'tblCompany','1','20231010214534_company.png','noImage.png','N','2023-10-10 21:45:34','2023-10-14 15:23:58',NULL),(158,'tblProduct','2','20231011013018_product.png','logo.png','N','2023-10-11 01:30:18','2023-10-14 15:23:24',NULL),(159,'tblProduct','1','20231011215139.png','no-image.png','N','2023-10-11 21:51:39','2023-10-14 15:14:01',NULL),(160,'tblProduct','1','20231014035150.png','logo.png','Y','2023-10-14 03:51:50','2023-10-14 03:51:50',NULL),(161,'tblProduct','1','20231014055357.png','logo.png','Y','2023-10-14 05:53:57','2023-10-14 05:53:57',NULL),(163,NULL,NULL,'20231014055803.png',NULL,'N','2023-10-14 05:58:03','2023-10-19 15:52:44','jade'),(164,'tblProduct','1','20231014150034.png','name.png','Y','2023-10-14 15:00:34','2023-10-14 15:00:34',NULL),(165,'tblProduct','1','20231014152108.png','logo.png','Y','2023-10-14 15:21:08','2023-10-14 15:21:08',NULL),(166,'tblProduct','2','20231015232444.png','main2.png','Y','2023-10-15 23:24:44','2023-10-15 23:24:44',NULL),(167,'tblResource','6','20231016002713.png','logo.png','N','2023-10-16 00:27:13','2023-10-16 00:30:11',NULL),(168,'tblResource','6','20231016003008.png','logo.png','Y','2023-10-16 00:30:08','2023-10-16 00:30:08',NULL),(169,'tblProduct','1','20231017134735.jpg','12.jpg','Y','2023-10-17 13:47:35','2023-10-17 13:47:35','jade'),(170,'tblProduct','1','20231019095315.jpg','1.jpg','Y','2023-10-19 09:53:15','2023-10-19 09:53:15','jade'),(171,'tblProduct','1','20231019095337.jpg','1.jpg','N','2023-10-19 09:53:37','2023-10-19 16:45:12','jade'),(172,NULL,NULL,'20231019095438.jpg',NULL,'N','2023-10-19 09:54:38','2023-10-19 15:52:49','jade'),(173,NULL,NULL,'20231019101048.jpg',NULL,'N','2023-10-19 10:10:48','2023-10-19 15:52:52','jade'),(174,'tblProduct','23','20231019101128.jpg','1.jpg','Y','2023-10-19 10:11:28','2023-10-19 10:11:28','jade'),(175,'tblProduct','13','20231019155141.jpg','k246745p1n1.jpg','N','2023-10-19 15:51:41','2024-07-02 15:53:11','jade'),(176,'tblProduct','6','20231019155404.PNG','??.PNG','N','2023-10-19 15:54:04','2024-07-02 16:03:18','jade'),(177,'tblProduct','8','20231019155455.jpg','11d35bfa764ae41831e7ea8e70ce1330.jpg','Y','2023-10-19 15:54:55','2023-10-19 15:54:55','jade'),(178,NULL,NULL,'20231019155521.jpg',NULL,'N','2023-10-19 15:55:21','2023-10-19 15:55:25','jade'),(179,'tblProduct','4','20231019155538.jpg','e18d6e85f6001b1528fda688373530a7.jpg','Y','2023-10-19 15:55:38','2023-10-19 15:55:38','jade'),(180,'tblUser','jade','20231229161802.war','ROOT.war','Y','2023-12-29 16:17:58','2023-12-29 16:17:58','jade'),(181,'','','20231229162014.war','ROOT.war','Y','2023-12-29 16:20:10','2023-12-29 16:20:10','jade'),(182,'tblCompany','11','20240102181706-648a2da0.png','KakaoTalk_20240102_181620363.png','Y','2024-01-02 18:17:06','2024-01-02 18:17:06','jad'),(183,'tblCompany','1','20240223124436-ff74c1c1.png','cores-logo-white.png','N','2024-02-23 12:44:32','2024-02-29 18:43:48','jade'),(184,'tblCompany','1','20240229184356-15a88655.png','cores-logo-white.png','Y','2024-02-29 18:43:56','2024-02-29 18:43:56','jade'),(185,'tblProduct','30','20240417111042-d19bd434.jpg','c8a66071-a046-4d60-8e4a-a1ac4ba70250.jpg','N','2024-04-17 11:10:42','2024-07-16 10:53:13','jade'),(186,'tblProduct','31','20240417131226-c6592be8.jpg','1231022718.jpg','Y','2024-04-17 13:12:26','2024-04-17 13:12:26','jade'),(187,'tblProduct','32','20240418091941-5ab22c43.png','386b47f1-a51f-4f44.png','N','2024-04-18 09:19:41','2024-04-18 09:22:30','jade'),(188,'tblProduct','33','20240418092348-fae597c1.png','386b47f1-a51f-4f44.png','N','2024-04-18 09:23:48','2024-07-16 10:51:24','jade'),(189,'tblCompany','15','20240509150800-b8fafea5.png','??1.png','Y','2024-05-09 15:08:00','2024-05-09 15:08:00','jade'),(190,'tblCompany','7','20240509173751-49973edf.png','??2.png','Y','2024-05-09 17:37:51','2024-05-09 17:37:51','jade'),(191,'tblCompany','5','20240509174411-7ce5d3c6.png','??3.png','Y','2024-05-09 17:44:11','2024-05-09 17:44:11','jade'),(192,'tblProduct','12','20240701103301-be799e02.png','iphone.png','N','2024-07-01 10:32:57','2024-09-06 21:26:27','jade'),(193,'tblProduct','35','20240702155306-aa383656.PNG','??.PNG','N','2024-07-02 15:53:00','2024-07-02 16:03:54','jade'),(194,'tblProduct','13','20240702155324-cc4c53ff.PNG','??2.PNG','N','2024-07-02 15:53:18','2024-07-02 16:03:50','jade'),(195,'tblProduct','6','20240702160336-682dc25a.png','?????-removebg-preview.png','N','2024-07-02 16:03:30','2024-07-02 17:39:19','jade'),(196,'tblProduct','35','20240702160434-36500cf4.png','??.png','Y','2024-07-02 16:04:29','2024-07-02 16:04:29','jade'),(197,'tblProduct','13','20240702160441-ad817308.png','??2.png','Y','2024-07-02 16:04:35','2024-07-02 16:04:35','jade'),(198,'tblProduct','36','20240702160648-1c3ab244.PNG','8239 ??.PNG','Y','2024-07-02 16:06:42','2024-07-02 16:06:42','jade'),(199,'tblProduct','6','20240702173931-1ca760bc.PNG','image-removebg-preview (1).PNG','N','2024-07-02 17:39:25','2024-07-02 17:41:18','jade'),(200,'tblProduct','6','20240702174136-4547f212.jpg','KakaoTalk_20240418_100235965.jpg','N','2024-07-02 17:41:30','2024-07-16 10:48:51','jade'),(201,'tblProduct','33','20240716105135-08048026.jpg','4429143_1.jpg','Y','2024-07-16 10:51:31','2024-07-16 10:51:31','jade'),(202,'tblProduct','6','20240716105201-625f6aa8.jpg','26922556096542.jpg','Y','2024-07-16 10:51:57','2024-07-16 10:51:57','jade'),(203,'tblProduct','30','20240716105314-75b44cf1.PNG','??3.PNG','Y','2024-07-16 10:53:13','2024-07-16 10:53:13','jade'),(204,'tblProduct','28','20240906163237-edbdcba8.png','?? ?? ???.png','N','2024-09-06 16:32:31','2024-09-06 16:51:59','jade'),(205,'tblProduct','28','20240906165432-e8146827.jpg','20240906165432-e8146827S.jpg','N','2024-09-06 16:54:28','2024-09-06 16:54:52','jade'),(206,'tblProduct','28','20240906165707-ea3071ac.jpg','20240906165707-ea3071acS.jpg','N','2024-09-06 16:57:02','2024-09-06 17:00:56','jade'),(207,'tblProduct','28','20240906170110-30e9c461.jpg','20240906170110-30e9c461S.jpg','N','2024-09-06 17:01:06','2024-09-06 17:03:01','jade'),(208,'tblProduct','28','20240906170316-3573f196.jpg','20240906170316-3573f196S.jpg','N','2024-09-06 17:03:11','2024-09-06 17:09:39','jade'),(209,'tblProduct','28','20240906170950-9110bfab.jpg','20240906170950-9110bfabS.jpg','N','2024-09-06 17:09:45','2024-09-06 17:11:04','jade'),(210,'tblProduct','28','20240906171231-648ef07b.jpg','20240906171231-648ef07bS.jpg','N','2024-09-06 17:12:26','2024-09-06 17:13:53','jade'),(211,'tblProduct','28','20240906171407-14959623.jpg','20240906171407-14959623S.jpg','N','2024-09-06 17:14:02','2024-09-06 17:17:56','jade'),(212,'tblProduct','28','20240906171926-f3f68482.jpg','20240906171926-f3f68482S.jpg','N','2024-09-06 17:19:21','2024-09-06 17:35:54','jade'),(213,'tblProduct','28','20240906172941-79c7b02d.png','?? ?? ???.png','N','2024-09-06 17:29:36','2024-09-06 17:30:24','jade'),(214,'tblProduct','28','20240906173044-258acbdc.jpg','20240906173044-258acbdcS.jpg','N','2024-09-06 17:30:39','2024-09-06 17:37:12','jade'),(215,'tblProduct','0','KakaoTalk_20240906_164636004S.jpg','20240906173612-6a1eaa92S.jpg','Y','2024-09-06 17:36:07','2024-09-06 17:36:07','jade'),(216,'tblProduct','28','20240906173736-c314e012S.jpg','20240906173736-c314e012S.jpg','N','2024-09-06 17:37:32','2024-09-06 17:39:52','jade'),(217,'tblProduct','28','20240906174005-0873d82aS.jpg','KakaoTalk_20240906_164636004.jpg','N','2024-09-06 17:40:00','2024-09-06 20:58:03','jade'),(218,'tblProduct','28','20240906205835-38abcef4.jpg','KakaoTalk_20240820_205757252.jpg','N','2024-09-06 20:58:33','2024-09-06 20:59:40','jade'),(219,'tblProduct','28','20240906205958-0663a25fS.jpg','KakaoTalk_20240820_205757252.jpg','N','2024-09-06 20:59:56','2024-09-06 21:00:21','jade'),(220,'tblProduct','28','20240906210058-5098e8f4S.jpg','KakaoTalk_20240820_205757252.jpg','Y','2024-09-06 21:00:57','2024-09-06 21:00:57','jade');
/*!40000 ALTER TABLE `tblFiles` ENABLE KEYS */;
UNLOCK TABLES;

--
-- Table structure for table `tblHouse`
--

DROP TABLE IF EXISTS `tblHouse`;
/*!40101 SET @saved_cs_client     = @@character_set_client */;
/*!40101 SET character_set_client = utf8 */;
CREATE TABLE `tblHouse` (
  `houseCd` int(11) unsigned NOT NULL AUTO_INCREMENT COMMENT '창고코드',
  `houseNm` varchar(100) DEFAULT '' COMMENT '창고 섹션 이름',
  `barcode` varchar(100) DEFAULT '' COMMENT '창고 바코드',
  `parentsHCd` int(11) DEFAULT '0' COMMENT '부모 창고',
  `hStructure` varchar(1000) DEFAULT '' COMMENT '창고구조도',
  `houseOrder` int(11) DEFAULT '1' COMMENT '순서',
  `step` int(11) DEFAULT '0' COMMENT '단계',
  `flagYN` varchar(1) DEFAULT 'Y' COMMENT '삭제여부(Y:유효/N:삭제)',
  `regDate` datetime DEFAULT NULL COMMENT '최초저장일',
  `issueDate` datetime DEFAULT NULL COMMENT '최종저장일',
  `issueID` varchar(20) DEFAULT '' COMMENT '최종저장자',
  PRIMARY KEY (`houseCd`)
) ENGINE=InnoDB AUTO_INCREMENT=31 DEFAULT CHARSET=utf8 COMMENT='창고관리';
/*!40101 SET character_set_client = @saved_cs_client */;

--
-- Dumping data for table `tblHouse`
--

LOCK TABLES `tblHouse` WRITE;
/*!40000 ALTER TABLE `tblHouse` DISABLE KEYS */;
INSERT INTO `tblHouse` VALUES (1,'창고','H0000010',0,'0',1,1,'Y','2021-04-29 10:08:18','2021-04-30 20:44:31','jade'),(2,'A동','H0000020',1,'0-1',1,2,'Y','2021-05-01 20:14:32','2021-05-01 20:14:32','jade'),(3,'B동','H0000030',1,'0-1',2,2,'Y','2021-05-01 20:15:15','2021-05-01 20:15:15','jade'),(4,'C동','H0000040',1,'0-1',3,2,'Y','2021-05-01 20:15:32','2021-05-01 20:15:32','jade'),(5,'A동 1-1','H0000050',2,'0-1-2',1,3,'Y','2021-05-01 20:15:56','2023-07-11 16:45:52','jade'),(6,'A동 1-2','H0000060',2,'0-1-2',99,3,'Y','2021-05-01 20:16:12','2021-05-01 20:16:12','jade'),(7,'B동 2-1','H0000070',3,'0-1-3',1,3,'Y','2021-05-01 20:16:39','2021-05-01 20:17:02','jade'),(8,'B동 2-2','H0000080',3,'0-1-3',2,3,'Y','2021-05-01 20:16:53','2021-05-01 20:16:53','jade'),(9,'C동 3-1','H0000090',4,'0-1-4',1,3,'Y','2021-05-01 20:17:16','2021-05-01 20:17:16','jade'),(10,'C동 3-2A','H0000100',4,'0-1-4',2,3,'Y','2021-05-01 20:17:31','2024-04-19 11:35:30','jade'),(11,'검사실','H0000110',1,'0-1',9,2,'Y','2021-05-01 20:18:00','2021-05-01 20:18:00','jade'),(12,'검사실 E동','H0000120',11,'0-1-11',1,3,'Y','2021-05-01 20:18:36','2024-09-06 07:15:07','jade'),(13,'검사실 W동','H0000130',11,'0-1-11',2,3,'Y','2021-05-01 20:18:54','2024-09-06 07:15:19','jade'),(14,'검사실 W-1동','H0000140',13,'0-1-11-13',99,4,'Y','2021-06-30 11:15:08','2024-09-06 07:15:27','jade'),(15,'테스트창고','H0000150',13,'',99,0,'N','2021-07-01 15:25:25','2021-07-01 15:25:25','jade'),(16,'A동 1-3','H0000160',1,'0-1',99,2,'N','2023-07-11 16:46:18','2023-07-11 16:47:34','jade'),(17,'A동 1-2-1','H0000170',6,'0-1-2-6',99,4,'Y','2023-07-11 16:46:40','2024-09-06 07:12:02','jade'),(18,'A동 1-3','H0000180',1,'0-1',99,2,'N','2023-07-11 16:47:17','2023-07-11 16:47:37','jade'),(19,'A동 ?','H0000190',1,'0-1',100,2,'N','2023-07-11 16:47:52','2023-07-11 16:48:12','jade'),(20,'1','H0000200',2,'0-1-2',99,3,'N','2023-07-11 16:48:25','2023-07-11 16:48:33','jade'),(21,'창고2','H0000210',1,'0-1',1,2,'N','2023-07-14 17:54:10','2023-07-14 17:54:24','jade'),(22,'fsfdsdf','H0000220',2,'0-1-2',99,3,'N','2023-12-27 13:14:03','2023-12-27 13:14:09','jade'),(23,'adfad','H0000230',6,'',99,4,'N','2023-12-27 13:14:15','2023-12-27 13:14:19','jade'),(24,'가동','H0000240',0,'',1,0,'N','2024-03-04 10:40:24','2024-03-04 10:42:09','jade'),(25,'강동','H0000250',0,'',1,0,'N','2024-03-04 10:43:43','2024-03-04 10:50:49','jade'),(26,'검사 E-a동','H0000260',12,'0-1-11-12',99,4,'Y','2024-03-04 10:44:57','2024-09-06 07:15:14','jade'),(27,'검사 E-b동','H0000270',12,'',99,4,'N','2024-03-04 10:50:29','2024-03-04 10:50:41','jade'),(28,'C동 3-2B','H0000280',4,'0-1-4',99,3,'Y','2024-04-19 11:35:52','2024-09-06 07:12:19','jade'),(29,'C동 3-2-100섹션','H0000290',28,'0-1-4-28',99,4,'Y','2024-04-19 11:36:26','2024-09-06 07:12:25','jade'),(30,'반품','',1,'0-1',10,2,'Y','2024-09-06 07:17:03','2024-09-06 07:17:20','jade');
/*!40000 ALTER TABLE `tblHouse` ENABLE KEYS */;
UNLOCK TABLES;

--
-- Table structure for table `tblLoginLog`
--

DROP TABLE IF EXISTS `tblLoginLog`;
/*!40101 SET @saved_cs_client     = @@character_set_client */;
/*!40101 SET character_set_client = utf8 */;
CREATE TABLE `tblLoginLog` (
  `logSeq` int(11) NOT NULL AUTO_INCREMENT COMMENT '로그시퀀스',
  `userID` varchar(20) DEFAULT '' COMMENT '접속자 아이디',
  `ipAddr` varchar(20) DEFAULT '' COMMENT '접속 아이피',
  `compCd` int(11) DEFAULT '0' COMMENT '소속 회사 코드',
  `loginDt` datetime DEFAULT CURRENT_TIMESTAMP COMMENT '접속 시간',
  PRIMARY KEY (`logSeq`) USING BTREE
) ENGINE=InnoDB AUTO_INCREMENT=740 DEFAULT CHARSET=utf8 COMMENT='로그인 로그';
/*!40101 SET character_set_client = @saved_cs_client */;

--
-- Dumping data for table `tblLoginLog`
--

LOCK TABLES `tblLoginLog` WRITE;
/*!40000 ALTER TABLE `tblLoginLog` DISABLE KEYS */;
INSERT INTO `tblLoginLog` VALUES (1,'jade','127.0.0.1',1,'2024-03-04 20:48:11'),(2,'jade','106.251.187.132',1,'2024-03-04 20:54:20'),(3,'bios','106.240.2.66',16,'2024-03-05 10:34:05'),(4,'jade','106.251.187.132',1,'2024-03-06 10:51:08'),(5,'bios','106.240.2.66',16,'2024-03-06 11:05:39'),(6,'jade','106.251.187.132',1,'2024-03-06 11:16:26'),(7,'jade','106.251.187.132',1,'2024-03-06 11:22:02'),(8,'jade','106.251.187.132',1,'2024-03-06 14:22:54'),(9,'jade','106.251.187.132',1,'2024-03-06 17:44:56'),(10,'bios','106.240.2.66',16,'2024-03-11 13:34:30'),(11,'jade','106.251.187.132',1,'2024-03-22 08:43:45'),(12,'jade','106.251.187.132',1,'2024-04-17 10:56:29'),(13,'jade','106.251.187.132',1,'2024-04-17 13:09:46'),(14,'jade','106.251.187.132',1,'2024-04-17 13:46:57'),(15,'jade','106.251.187.132',1,'2024-04-17 15:28:50'),(16,'jade','127.0.0.1',1,'2024-04-17 16:08:41'),(17,'jade','106.251.187.132',1,'2024-04-17 16:12:44'),(18,'jade','106.251.187.132',1,'2024-04-17 16:18:46'),(19,'jade','106.251.187.132',1,'2024-04-17 16:19:25'),(20,'jade','106.251.187.132',1,'2024-04-17 16:28:14'),(21,'jade','106.251.187.132',1,'2024-04-18 09:17:48'),(22,'jade','106.251.187.132',1,'2024-04-18 10:19:11'),(23,'jade','106.251.187.132',1,'2024-04-18 16:12:35'),(24,'jade','106.251.187.132',1,'2024-04-19 11:31:09'),(25,'jade','106.251.187.132',1,'2024-04-19 13:00:08'),(26,'jade','106.251.187.132',1,'2024-04-19 17:04:09'),(27,'jade','106.251.187.132',1,'2024-04-22 12:43:28'),(28,'jade','106.251.187.132',1,'2024-04-26 16:45:24'),(29,'jade','106.251.187.132',1,'2024-04-30 16:09:33'),(30,'jade','106.251.187.132',1,'2024-05-09 10:55:14'),(31,'jade','106.251.187.132',1,'2024-05-09 10:55:31'),(32,'jade','106.251.187.132',1,'2024-05-09 14:08:31'),(33,'jade','106.251.187.132',1,'2024-05-09 16:23:19'),(34,'jade','106.251.187.132',1,'2024-05-09 17:37:39'),(35,'jade','106.251.187.132',1,'2024-05-15 15:51:58'),(36,'jade','106.251.187.132',1,'2024-05-16 09:18:58'),(37,'jade','127.0.0.1',1,'2024-05-16 09:53:48'),(38,'jade','106.251.187.132',1,'2024-05-16 10:26:00'),(39,'jade','127.0.0.1',1,'2024-05-16 11:05:19'),(40,'jade','106.251.187.132',1,'2024-05-16 11:11:22'),(41,'jade','127.0.0.1',1,'2024-05-16 12:52:50'),(42,'jade','106.251.187.132',1,'2024-05-16 13:52:13'),(43,'jade','106.251.187.132',1,'2024-05-21 11:18:55'),(44,'jade','106.251.187.132',1,'2024-05-22 17:33:36'),(45,'jade','192.168.10.1',1,'2024-05-22 21:34:22'),(46,'jade','192.168.10.1',1,'2024-05-22 21:45:06'),(47,'jade','106.251.187.132',1,'2024-05-23 12:59:48'),(48,'jade','192.168.10.1',1,'2024-05-23 13:00:56'),(49,'jade','192.168.10.1',1,'2024-05-23 13:25:38'),(50,'jade','0:0:0:0:0:0:0:1',1,'2024-05-23 14:14:21'),(51,'jade','192.168.10.1',1,'2024-05-23 14:31:22'),(52,'jade','192.168.10.1',1,'2024-05-23 16:48:26'),(53,'jade','192.168.10.1',1,'2024-05-23 16:49:09'),(54,'jade','192.168.10.1',1,'2024-05-23 17:32:05'),(55,'jade','106.251.187.132',1,'2024-05-23 20:03:23'),(56,'jade','106.251.187.132',1,'2024-05-23 20:57:23'),(57,'jade','192.168.10.1',1,'2024-05-23 20:57:31'),(58,'jade','192.168.10.1',1,'2024-05-24 09:31:00'),(59,'jade','192.168.10.1',1,'2024-05-24 12:26:39'),(60,'jade','0:0:0:0:0:0:0:1',1,'2024-05-24 16:08:54'),(61,'jade','192.168.10.1',1,'2024-05-24 17:29:37'),(62,'jade','0:0:0:0:0:0:0:1',1,'2024-05-24 17:32:08'),(63,'jade','0:0:0:0:0:0:0:1',1,'2024-05-24 17:43:25'),(64,'jade','0:0:0:0:0:0:0:1',1,'2024-05-24 17:46:08'),(65,'jade','0:0:0:0:0:0:0:1',1,'2024-05-24 19:02:52'),(66,'jade','0:0:0:0:0:0:0:1',1,'2024-05-24 19:29:11'),(67,'jade','192.168.10.1',1,'2024-05-24 19:30:27'),(68,'jade','0:0:0:0:0:0:0:1',1,'2024-05-24 20:07:07'),(69,'jade','0:0:0:0:0:0:0:1',1,'2024-05-24 20:16:51'),(70,'jade','0:0:0:0:0:0:0:1',1,'2024-05-24 20:21:18'),(71,'jade','0:0:0:0:0:0:0:1',1,'2024-05-24 20:43:44'),(72,'jade','0:0:0:0:0:0:0:1',1,'2024-05-24 20:45:07'),(73,'jade','0:0:0:0:0:0:0:1',1,'2024-05-24 20:52:00'),(74,'jade','0:0:0:0:0:0:0:1',1,'2024-05-24 21:02:44'),(75,'jade','0:0:0:0:0:0:0:1',1,'2024-05-24 21:07:47'),(76,'jade','0:0:0:0:0:0:0:1',1,'2024-05-24 21:12:26'),(77,'jade','0:0:0:0:0:0:0:1',1,'2024-05-24 21:24:04'),(78,'jade','106.251.187.132',1,'2024-05-25 14:53:17'),(79,'jade','192.168.10.1',1,'2024-05-25 15:19:49'),(80,'jade','192.168.10.1',1,'2024-05-25 15:54:55'),(81,'jade','192.168.10.1',1,'2024-05-27 09:51:51'),(82,'jade','106.251.187.132',1,'2024-05-27 09:58:03'),(83,'jade','127.0.0.1',1,'2024-05-27 10:10:07'),(84,'jade','0:0:0:0:0:0:0:1',1,'2024-05-27 10:43:21'),(85,'jade','0:0:0:0:0:0:0:1',1,'2024-05-27 10:56:33'),(86,'jade','0:0:0:0:0:0:0:1',1,'2024-05-27 11:07:01'),(87,'jade','0:0:0:0:0:0:0:1',1,'2024-05-27 11:17:52'),(88,'jade','0:0:0:0:0:0:0:1',1,'2024-05-27 11:28:22'),(89,'jade','127.0.0.1',1,'2024-05-27 11:32:13'),(90,'jade','0:0:0:0:0:0:0:1',1,'2024-05-27 11:32:57'),(91,'jade','0:0:0:0:0:0:0:1',1,'2024-05-27 11:34:39'),(92,'jade','0:0:0:0:0:0:0:1',1,'2024-05-27 13:08:44'),(93,'jade','0:0:0:0:0:0:0:1',1,'2024-05-27 13:13:35'),(94,'jade','0:0:0:0:0:0:0:1',1,'2024-05-27 13:15:22'),(95,'jade','0:0:0:0:0:0:0:1',1,'2024-05-27 13:16:05'),(96,'jade','0:0:0:0:0:0:0:1',1,'2024-05-27 13:16:53'),(97,'jade','127.0.0.1',1,'2024-05-27 13:17:00'),(98,'jade','127.0.0.1',1,'2024-05-27 13:17:00'),(99,'jade','0:0:0:0:0:0:0:1',1,'2024-05-27 13:18:11'),(100,'jade','0:0:0:0:0:0:0:1',1,'2024-05-27 13:22:01'),(101,'jade','0:0:0:0:0:0:0:1',1,'2024-05-27 13:24:15'),(102,'jade','0:0:0:0:0:0:0:1',1,'2024-05-27 13:33:56'),(103,'jade','127.0.0.1',1,'2024-05-27 13:35:35'),(104,'jade','192.168.10.1',1,'2024-05-27 13:39:29'),(105,'jade','0:0:0:0:0:0:0:1',1,'2024-05-27 13:41:16'),(106,'jade','0:0:0:0:0:0:0:1',1,'2024-05-27 13:42:17'),(107,'jade','0:0:0:0:0:0:0:1',1,'2024-05-27 13:57:56'),(108,'jade','0:0:0:0:0:0:0:1',1,'2024-05-27 14:57:29'),(109,'jade','0:0:0:0:0:0:0:1',1,'2024-05-27 15:01:56'),(110,'jade','127.0.0.1',1,'2024-05-27 15:10:03'),(111,'jade','0:0:0:0:0:0:0:1',1,'2024-05-27 15:13:38'),(112,'jade','0:0:0:0:0:0:0:1',1,'2024-05-27 15:23:00'),(113,'jade','0:0:0:0:0:0:0:1',1,'2024-05-27 15:56:17'),(114,'jade','0:0:0:0:0:0:0:1',1,'2024-05-27 16:02:55'),(115,'jade','0:0:0:0:0:0:0:1',1,'2024-05-27 16:05:12'),(116,'jade','0:0:0:0:0:0:0:1',1,'2024-05-27 16:06:16'),(117,'jade','0:0:0:0:0:0:0:1',1,'2024-05-27 16:12:36'),(118,'jade','0:0:0:0:0:0:0:1',1,'2024-05-27 17:03:55'),(119,'jade','0:0:0:0:0:0:0:1',1,'2024-05-27 17:06:15'),(120,'jade','0:0:0:0:0:0:0:1',1,'2024-05-27 17:07:00'),(121,'jade','0:0:0:0:0:0:0:1',1,'2024-05-27 17:27:08'),(122,'jade','0:0:0:0:0:0:0:1',1,'2024-05-27 17:59:02'),(123,'jade','0:0:0:0:0:0:0:1',1,'2024-05-27 17:59:02'),(124,'jade','0:0:0:0:0:0:0:1',1,'2024-05-27 18:00:56'),(125,'jade','0:0:0:0:0:0:0:1',1,'2024-05-27 18:03:33'),(126,'jade','0:0:0:0:0:0:0:1',1,'2024-05-27 18:31:13'),(127,'jade','0:0:0:0:0:0:0:1',1,'2024-05-27 18:33:12'),(128,'jade','0:0:0:0:0:0:0:1',1,'2024-05-27 18:34:31'),(129,'jade','0:0:0:0:0:0:0:1',1,'2024-05-27 18:35:29'),(130,'jade','0:0:0:0:0:0:0:1',1,'2024-05-27 18:41:52'),(131,'jade','0:0:0:0:0:0:0:1',1,'2024-05-27 18:46:21'),(132,'jade','0:0:0:0:0:0:0:1',1,'2024-05-27 18:47:38'),(133,'jade','0:0:0:0:0:0:0:1',1,'2024-05-27 18:49:16'),(134,'jade','0:0:0:0:0:0:0:1',1,'2024-05-27 18:52:33'),(135,'jade','0:0:0:0:0:0:0:1',1,'2024-05-27 19:03:22'),(136,'jade','0:0:0:0:0:0:0:1',1,'2024-05-28 09:59:30'),(137,'jade','0:0:0:0:0:0:0:1',1,'2024-05-28 10:05:00'),(138,'jade','0:0:0:0:0:0:0:1',1,'2024-05-28 10:23:47'),(139,'jade','0:0:0:0:0:0:0:1',1,'2024-05-28 10:42:35'),(140,'jade','0:0:0:0:0:0:0:1',1,'2024-05-28 11:03:23'),(141,'jade','0:0:0:0:0:0:0:1',1,'2024-05-28 11:12:02'),(142,'jade','0:0:0:0:0:0:0:1',1,'2024-05-28 11:28:14'),(143,'jade','0:0:0:0:0:0:0:1',1,'2024-05-28 11:29:24'),(144,'jade','0:0:0:0:0:0:0:1',1,'2024-05-28 13:04:13'),(145,'jade','0:0:0:0:0:0:0:1',1,'2024-05-28 14:32:05'),(146,'jade','0:0:0:0:0:0:0:1',1,'2024-05-28 14:32:05'),(147,'jade','127.0.0.1',1,'2024-05-28 14:38:35'),(148,'jade','127.0.0.1',1,'2024-05-28 18:38:33'),(149,'jade','127.0.0.1',1,'2024-05-29 09:41:58'),(150,'jade','127.0.0.1',1,'2024-05-29 10:38:09'),(151,'jade','127.0.0.1',1,'2024-05-29 12:54:38'),(152,'jade','127.0.0.1',1,'2024-05-29 14:14:07'),(153,'jade','127.0.0.1',1,'2024-05-29 15:15:24'),(154,'jade','127.0.0.1',1,'2024-05-29 16:52:56'),(155,'jade','127.0.0.1',1,'2024-05-30 09:55:11'),(156,'jade','127.0.0.1',1,'2024-05-30 12:50:49'),(157,'jade','127.0.0.1',1,'2024-05-30 14:15:01'),(158,'jade','127.0.0.1',1,'2024-05-30 16:20:22'),(159,'jade','127.0.0.1',1,'2024-06-03 09:45:00'),(160,'jade','127.0.0.1',1,'2024-06-03 09:49:45'),(161,'jade','127.0.0.1',1,'2024-06-03 15:15:17'),(162,'jade','127.0.0.1',1,'2024-06-03 15:50:41'),(163,'jade','127.0.0.1',1,'2024-06-03 16:38:11'),(164,'jade','127.0.0.1',1,'2024-06-04 10:03:03'),(165,'jade','127.0.0.1',1,'2024-06-04 10:03:03'),(166,'jade','127.0.0.1',1,'2024-06-04 10:48:22'),(167,'jade','127.0.0.1',1,'2024-06-04 13:00:09'),(168,'jade','127.0.0.1',1,'2024-06-04 13:54:08'),(169,'jade','127.0.0.1',1,'2024-06-04 13:57:44'),(170,'jade','127.0.0.1',1,'2024-06-04 16:21:48'),(171,'jade','127.0.0.1',1,'2024-06-04 16:33:05'),(172,'jade','127.0.0.1',1,'2024-06-05 10:04:58'),(173,'jade','127.0.0.1',1,'2024-06-05 13:14:24'),(174,'jade','127.0.0.1',1,'2024-06-05 16:11:32'),(175,'jade','127.0.0.1',1,'2024-06-05 16:28:41'),(176,'jade','127.0.0.1',1,'2024-06-05 16:29:28'),(177,'jade','127.0.0.1',1,'2024-06-05 16:30:29'),(178,'jade','127.0.0.1',1,'2024-06-05 16:30:42'),(179,'jade','127.0.0.1',1,'2024-06-05 16:31:37'),(180,'jade','127.0.0.1',1,'2024-06-05 16:32:22'),(181,'jade','127.0.0.1',1,'2024-06-06 19:53:49'),(182,'jade','127.0.0.1',1,'2024-06-06 20:30:06'),(183,'jade','127.0.0.1',1,'2024-06-06 20:37:00'),(184,'jade','127.0.0.1',1,'2024-06-07 09:20:26'),(185,'jade','127.0.0.1',1,'2024-06-07 09:20:26'),(186,'jade','127.0.0.1',1,'2024-06-07 09:20:26'),(187,'jade','127.0.0.1',1,'2024-06-07 09:20:28'),(188,'jade','127.0.0.1',1,'2024-06-07 09:22:16'),(189,'jade','127.0.0.1',1,'2024-06-07 09:58:44'),(190,'jade','127.0.0.1',1,'2024-06-07 13:10:06'),(191,'jade','127.0.0.1',1,'2024-06-07 14:30:27'),(192,'jade','127.0.0.1',1,'2024-06-07 17:07:55'),(193,'jade','127.0.0.1',1,'2024-06-10 09:45:09'),(194,'jade','127.0.0.1',1,'2024-06-10 10:38:38'),(195,'jade','127.0.0.1',1,'2024-06-10 11:09:40'),(196,'jade','127.0.0.1',1,'2024-06-10 12:59:31'),(197,'jade','127.0.0.1',1,'2024-06-10 15:31:51'),(198,'jade','127.0.0.1',1,'2024-06-10 16:26:24'),(199,'jade','127.0.0.1',1,'2024-06-11 09:59:39'),(200,'jade','127.0.0.1',1,'2024-06-11 12:49:29'),(201,'jade','127.0.0.1',1,'2024-06-11 13:16:02'),(202,'jade','127.0.0.1',1,'2024-06-11 13:26:36'),(203,'jade','127.0.0.1',1,'2024-06-11 16:50:21'),(204,'jade','127.0.0.1',1,'2024-06-12 09:54:49'),(205,'jade','127.0.0.1',1,'2024-06-12 20:39:44'),(206,'jade','127.0.0.1',1,'2024-06-13 14:29:45'),(207,'jade','127.0.0.1',1,'2024-06-13 14:41:08'),(208,'jade','127.0.0.1',1,'2024-06-13 15:54:48'),(209,'jade','127.0.0.1',1,'2024-06-13 16:01:43'),(210,'jade','127.0.0.1',1,'2024-06-13 16:12:17'),(211,'jade','127.0.0.1',1,'2024-06-14 10:29:11'),(212,'jade','127.0.0.1',1,'2024-06-14 11:09:19'),(213,'jade','127.0.0.1',1,'2024-06-14 13:57:39'),(214,'jade','127.0.0.1',1,'2024-06-14 15:30:13'),(215,'jade','127.0.0.1',1,'2024-06-14 16:59:48'),(216,'jade','127.0.0.1',1,'2024-06-14 17:09:09'),(217,'jade','127.0.0.1',1,'2024-06-14 17:54:53'),(218,'jade','127.0.0.1',1,'2024-06-14 20:58:47'),(219,'jade','127.0.0.1',1,'2024-06-14 20:59:03'),(220,'jade','127.0.0.1',1,'2024-06-17 11:27:31'),(221,'jade','127.0.0.1',1,'2024-06-17 12:31:58'),(222,'jade','127.0.0.1',1,'2024-06-17 13:16:38'),(223,'jade','127.0.0.1',1,'2024-06-17 13:47:04'),(224,'jade','127.0.0.1',1,'2024-06-17 15:37:29'),(225,'jade','127.0.0.1',1,'2024-06-18 09:57:30'),(226,'jade','127.0.0.1',1,'2024-06-18 13:59:35'),(227,'jade','127.0.0.1',1,'2024-06-18 14:11:55'),(228,'jade','127.0.0.1',1,'2024-06-18 16:29:51'),(229,'jade','127.0.0.1',1,'2024-06-18 18:18:01'),(230,'jade','127.0.0.1',1,'2024-06-19 09:37:50'),(231,'jade','127.0.0.1',1,'2024-06-19 09:51:40'),(232,'jade','127.0.0.1',1,'2024-06-19 11:09:25'),(233,'jade','192.168.10.1',1,'2024-06-19 16:18:51'),(234,'jade','192.168.10.1',1,'2024-06-19 17:31:56'),(235,'jade','192.168.10.1',1,'2024-06-24 13:34:36'),(236,'jade','192.168.10.1',1,'2024-06-24 16:19:37'),(237,'jade','127.0.0.1',1,'2024-07-01 10:29:18'),(238,'jade','127.0.0.1',1,'2024-07-01 12:58:36'),(239,'jade','127.0.0.1',1,'2024-07-01 15:24:47'),(240,'jade','127.0.0.1',1,'2024-07-01 15:54:22'),(241,'jade','127.0.0.1',1,'2024-07-01 16:43:11'),(242,'jade','127.0.0.1',1,'2024-07-02 13:10:32'),(243,'jade','127.0.0.1',1,'2024-07-02 14:09:53'),(244,'jade','127.0.0.1',1,'2024-07-02 15:31:53'),(245,'jade','127.0.0.1',1,'2024-07-02 17:33:48'),(246,'jade','127.0.0.1',1,'2024-07-03 09:57:11'),(247,'jade','127.0.0.1',1,'2024-07-03 09:57:42'),(248,'jade','127.0.0.1',1,'2024-07-03 13:29:04'),(249,'jade','127.0.0.1',1,'2024-07-03 13:30:21'),(250,'jade','127.0.0.1',1,'2024-07-03 14:15:46'),(251,'jade','127.0.0.1',1,'2024-07-03 15:28:04'),(252,'jade','127.0.0.1',1,'2024-07-04 09:22:44'),(253,'jade','127.0.0.1',1,'2024-07-04 10:48:57'),(254,'jade','127.0.0.1',1,'2024-07-04 13:43:00'),(255,'jade','127.0.0.1',1,'2024-07-04 14:33:05'),(256,'jade','0:0:0:0:0:0:0:1',1,'2024-07-04 14:50:36'),(257,'jade','0:0:0:0:0:0:0:1',1,'2024-07-04 15:14:35'),(258,'jade','0:0:0:0:0:0:0:1',1,'2024-07-04 15:32:12'),(259,'jade','192.168.10.1',1,'2024-07-04 17:48:27'),(260,'jade','192.168.10.1',1,'2024-07-04 17:49:29'),(261,'jade','192.168.10.1',1,'2024-07-04 17:51:17'),(262,'jade','192.168.10.1',1,'2024-07-04 17:53:21'),(263,'jade','192.168.10.1',1,'2024-07-04 17:53:25'),(264,'jade','192.168.10.1',1,'2024-07-04 17:54:21'),(265,'jade','192.168.10.1',1,'2024-07-04 17:54:35'),(266,'jade','192.168.10.1',1,'2024-07-04 17:55:28'),(267,'jade','192.168.10.1',1,'2024-07-04 17:55:40'),(268,'jade','192.168.10.1',1,'2024-07-04 17:56:11'),(269,'jade','192.168.10.1',1,'2024-07-04 17:56:17'),(270,'jade','192.168.10.1',1,'2024-07-05 10:07:36'),(271,'jade','192.168.10.1',1,'2024-07-05 10:07:43'),(272,'jade','192.168.10.1',1,'2024-07-05 10:08:46'),(273,'jade','192.168.10.1',1,'2024-07-05 10:10:14'),(274,'jade','192.168.10.1',1,'2024-07-05 10:11:10'),(275,'jade','192.168.10.1',1,'2024-07-05 10:12:07'),(276,'jade','192.168.10.1',1,'2024-07-05 10:16:04'),(277,'jade','0:0:0:0:0:0:0:1',1,'2024-07-05 13:14:54'),(278,'jade','192.168.10.1',1,'2024-07-05 14:22:32'),(279,'jade','192.168.10.1',1,'2024-07-05 14:23:18'),(280,'jade','192.168.10.1',1,'2024-07-05 14:23:22'),(281,'jade','192.168.10.1',1,'2024-07-05 14:23:22'),(282,'jade','192.168.10.1',1,'2024-07-05 14:23:23'),(283,'jade','192.168.10.1',1,'2024-07-05 14:24:48'),(284,'jade','192.168.10.1',1,'2024-07-05 14:26:25'),(285,'jade','192.168.10.1',1,'2024-07-05 14:35:44'),(286,'jade','192.168.10.1',1,'2024-07-05 14:37:11'),(287,'jade','192.168.10.1',1,'2024-07-05 14:39:39'),(288,'jade','192.168.10.1',1,'2024-07-05 14:44:43'),(289,'jade','192.168.10.1',1,'2024-07-05 14:49:29'),(290,'jade','192.168.10.1',1,'2024-07-05 14:56:32'),(291,'jade','0:0:0:0:0:0:0:1',1,'2024-07-05 15:16:24'),(292,'jade','0:0:0:0:0:0:0:1',1,'2024-07-05 15:18:31'),(293,'jade','192.168.10.1',1,'2024-07-05 15:31:35'),(294,'jade','192.168.10.1',1,'2024-07-05 15:33:04'),(295,'jade','192.168.10.1',1,'2024-07-05 15:33:51'),(296,'jade','192.168.10.1',1,'2024-07-05 15:34:47'),(297,'jade','192.168.10.1',1,'2024-07-05 15:35:58'),(298,'jade','192.168.10.1',1,'2024-07-05 15:37:24'),(299,'jade','192.168.10.1',1,'2024-07-05 15:38:09'),(300,'jade','192.168.10.1',1,'2024-07-05 15:38:46'),(301,'jade','192.168.10.1',1,'2024-07-05 15:39:38'),(302,'jade','192.168.10.1',1,'2024-07-05 15:40:56'),(303,'jade','192.168.10.1',1,'2024-07-05 15:42:49'),(304,'jade','192.168.10.1',1,'2024-07-05 15:44:06'),(305,'jade','0:0:0:0:0:0:0:1',1,'2024-07-05 15:45:25'),(306,'jade','192.168.10.1',1,'2024-07-05 15:46:22'),(307,'jade','0:0:0:0:0:0:0:1',1,'2024-07-05 15:46:45'),(308,'jade','192.168.10.1',1,'2024-07-05 15:48:15'),(309,'jade','0:0:0:0:0:0:0:1',1,'2024-07-05 15:49:17'),(310,'jade','192.168.10.1',1,'2024-07-05 15:49:30'),(311,'jade','192.168.10.1',1,'2024-07-05 15:50:01'),(312,'jade','192.168.10.1',1,'2024-07-05 16:02:17'),(313,'jade','192.168.10.1',1,'2024-07-05 16:03:06'),(314,'jade','192.168.10.1',1,'2024-07-05 16:03:26'),(315,'jade','192.168.10.1',1,'2024-07-05 16:04:07'),(316,'jade','192.168.10.1',1,'2024-07-05 16:04:53'),(317,'jade','192.168.10.1',1,'2024-07-05 16:05:38'),(318,'jade','192.168.10.1',1,'2024-07-05 16:06:28'),(319,'jade','192.168.10.1',1,'2024-07-05 16:06:59'),(320,'jade','192.168.10.1',1,'2024-07-05 16:07:18'),(321,'jade','192.168.10.1',1,'2024-07-05 16:16:10'),(322,'jade','192.168.10.1',1,'2024-07-05 16:17:13'),(323,'jade','192.168.10.1',1,'2024-07-05 16:17:42'),(324,'jade','192.168.10.1',1,'2024-07-05 16:26:13'),(325,'jade','192.168.10.1',1,'2024-07-05 16:27:26'),(326,'jade','192.168.10.1',1,'2024-07-05 16:27:49'),(327,'jade','192.168.10.1',1,'2024-07-05 16:29:23'),(328,'jade','0:0:0:0:0:0:0:1',1,'2024-07-05 16:30:11'),(329,'jade','192.168.10.1',1,'2024-07-05 16:31:47'),(330,'jade','192.168.10.1',1,'2024-07-05 16:58:52'),(331,'jade','192.168.10.1',1,'2024-07-05 17:00:41'),(332,'jade','0:0:0:0:0:0:0:1',1,'2024-07-05 17:01:46'),(333,'jade','0:0:0:0:0:0:0:1',1,'2024-07-05 17:01:46'),(334,'jade','192.168.10.1',1,'2024-07-05 17:07:50'),(335,'jade','192.168.10.1',1,'2024-07-05 17:07:59'),(336,'jade','192.168.10.1',1,'2024-07-05 17:10:05'),(337,'jade','192.168.10.1',1,'2024-07-05 17:10:21'),(338,'jade','192.168.10.1',1,'2024-07-05 17:12:38'),(339,'jade','192.168.10.1',1,'2024-07-05 17:16:35'),(340,'jade','192.168.10.1',1,'2024-07-05 17:21:09'),(341,'jade','192.168.10.1',1,'2024-07-05 17:21:57'),(342,'jade','192.168.10.1',1,'2024-07-05 17:22:52'),(343,'jade','192.168.10.1',1,'2024-07-05 17:25:05'),(344,'jade','192.168.10.1',1,'2024-07-05 17:26:10'),(345,'jade','192.168.10.1',1,'2024-07-05 17:27:00'),(346,'jade','192.168.10.1',1,'2024-07-05 17:29:03'),(347,'jade','192.168.10.1',1,'2024-07-05 17:29:39'),(348,'jade','0:0:0:0:0:0:0:1',1,'2024-07-05 17:30:13'),(349,'jade','0:0:0:0:0:0:0:1',1,'2024-07-05 17:38:06'),(350,'jade','0:0:0:0:0:0:0:1',1,'2024-07-05 17:39:02'),(351,'jade','0:0:0:0:0:0:0:1',1,'2024-07-05 18:02:37'),(352,'jade','0:0:0:0:0:0:0:1',1,'2024-07-05 18:28:05'),(353,'jade','192.168.10.1',1,'2024-07-08 10:00:41'),(354,'jade','192.168.10.1',1,'2024-07-08 10:12:21'),(355,'jade','192.168.10.1',1,'2024-07-08 10:12:49'),(356,'jade','192.168.10.1',1,'2024-07-08 10:14:36'),(357,'jade','0:0:0:0:0:0:0:1',1,'2024-07-08 10:15:12'),(358,'jade','192.168.10.1',1,'2024-07-08 10:16:03'),(359,'jade','192.168.10.1',1,'2024-07-08 10:17:01'),(360,'jade','192.168.10.1',1,'2024-07-08 10:17:32'),(361,'jade','192.168.10.1',1,'2024-07-08 10:19:11'),(362,'jade','192.168.10.1',1,'2024-07-08 10:20:01'),(363,'jade','0:0:0:0:0:0:0:1',1,'2024-07-08 10:22:36'),(364,'jade','192.168.10.1',1,'2024-07-08 10:23:29'),(365,'jade','192.168.10.1',1,'2024-07-08 10:25:08'),(366,'jade','192.168.10.1',1,'2024-07-08 10:26:03'),(367,'jade','0:0:0:0:0:0:0:1',1,'2024-07-08 11:16:52'),(368,'jade','127.0.0.1',1,'2024-07-08 12:35:21'),(369,'jade','127.0.0.1',1,'2024-07-08 12:58:50'),(370,'jade','0:0:0:0:0:0:0:1',1,'2024-07-08 13:05:35'),(371,'jade','192.168.10.1',1,'2024-07-08 13:12:17'),(372,'jade','127.0.0.1',1,'2024-07-08 13:30:42'),(373,'jade','127.0.0.1',1,'2024-07-08 13:42:55'),(374,'jade','192.168.10.1',1,'2024-07-08 13:46:11'),(375,'jade','192.168.10.1',1,'2024-07-08 14:49:09'),(376,'jade','192.168.10.1',1,'2024-07-08 15:17:09'),(377,'jade','192.168.10.1',1,'2024-07-08 15:18:08'),(378,'jade','192.168.10.1',1,'2024-07-08 15:19:08'),(379,'jade','192.168.10.1',1,'2024-07-08 15:25:01'),(380,'jade','192.168.10.1',1,'2024-07-08 15:26:31'),(381,'jade','192.168.10.1',1,'2024-07-08 15:27:57'),(382,'jade','192.168.10.1',1,'2024-07-08 15:29:26'),(383,'jade','192.168.10.1',1,'2024-07-08 15:31:47'),(384,'jade','127.0.0.1',1,'2024-07-08 15:32:02'),(385,'jade','192.168.10.1',1,'2024-07-08 15:33:10'),(386,'jade','192.168.10.1',1,'2024-07-08 15:34:24'),(387,'jade','192.168.10.1',1,'2024-07-08 15:36:34'),(388,'jade','192.168.10.1',1,'2024-07-08 15:37:40'),(389,'jade','192.168.10.1',1,'2024-07-08 15:38:30'),(390,'jade','192.168.10.1',1,'2024-07-08 15:39:18'),(391,'jade','192.168.10.1',1,'2024-07-08 15:40:17'),(392,'jade','192.168.10.1',1,'2024-07-08 15:41:52'),(393,'jade','192.168.10.1',1,'2024-07-08 15:42:38'),(394,'jade','192.168.10.1',1,'2024-07-08 15:44:02'),(395,'jade','192.168.10.1',1,'2024-07-08 15:44:30'),(396,'jade','192.168.10.1',1,'2024-07-08 15:45:40'),(397,'jade','192.168.10.1',1,'2024-07-08 15:46:26'),(398,'jade','192.168.10.1',1,'2024-07-08 15:48:47'),(399,'jade','192.168.10.1',1,'2024-07-08 15:49:41'),(400,'jade','192.168.10.1',1,'2024-07-08 15:50:39'),(401,'jade','192.168.10.1',1,'2024-07-08 15:53:08'),(402,'jade','192.168.10.1',1,'2024-07-08 15:54:15'),(403,'jade','192.168.10.1',1,'2024-07-08 15:54:54'),(404,'jade','192.168.10.1',1,'2024-07-09 10:10:16'),(405,'jade','192.168.10.1',1,'2024-07-09 10:11:35'),(406,'jade','192.168.10.1',1,'2024-07-09 10:13:47'),(407,'jade','192.168.10.1',1,'2024-07-09 10:16:11'),(408,'jade','192.168.10.1',1,'2024-07-09 10:20:12'),(409,'jade','192.168.10.1',1,'2024-07-09 10:23:54'),(410,'jade','192.168.10.1',1,'2024-07-09 10:24:34'),(411,'jade','192.168.10.1',1,'2024-07-09 10:27:44'),(412,'jade','192.168.10.1',1,'2024-07-09 10:31:23'),(413,'jade','192.168.10.1',1,'2024-07-09 10:33:31'),(414,'jade','192.168.10.1',1,'2024-07-09 10:38:00'),(415,'jade','192.168.10.1',1,'2024-07-09 10:39:50'),(416,'jade','192.168.10.1',1,'2024-07-09 10:40:45'),(417,'jade','192.168.10.1',1,'2024-07-09 10:41:49'),(418,'jade','192.168.10.1',1,'2024-07-09 10:43:01'),(419,'jade','192.168.10.1',1,'2024-07-09 10:43:38'),(420,'jade','192.168.10.1',1,'2024-07-09 10:44:19'),(421,'jade','192.168.10.1',1,'2024-07-09 10:46:44'),(422,'jade','192.168.10.1',1,'2024-07-09 10:48:44'),(423,'jade','192.168.10.1',1,'2024-07-09 10:49:41'),(424,'jade','192.168.10.1',1,'2024-07-09 10:50:15'),(425,'jade','192.168.10.1',1,'2024-07-09 10:51:07'),(426,'jade','192.168.10.1',1,'2024-07-09 10:52:14'),(427,'jade','192.168.10.1',1,'2024-07-09 10:53:03'),(428,'jade','192.168.10.1',1,'2024-07-09 10:54:10'),(429,'jade','192.168.10.1',1,'2024-07-09 10:55:06'),(430,'jade','192.168.10.1',1,'2024-07-09 11:00:25'),(431,'jade','192.168.10.1',1,'2024-07-09 11:01:53'),(432,'jade','192.168.10.1',1,'2024-07-09 11:02:45'),(433,'jade','192.168.10.1',1,'2024-07-09 11:04:04'),(434,'jade','192.168.10.1',1,'2024-07-09 11:06:25'),(435,'jade','192.168.10.1',1,'2024-07-09 11:11:39'),(436,'jade','192.168.10.1',1,'2024-07-09 11:18:11'),(437,'jade','192.168.10.1',1,'2024-07-09 11:19:49'),(438,'jade','192.168.10.1',1,'2024-07-09 11:21:09'),(439,'jade','192.168.10.1',1,'2024-07-09 11:22:28'),(440,'jade','192.168.10.1',1,'2024-07-09 11:26:09'),(441,'jade','192.168.10.1',1,'2024-07-09 11:29:04'),(442,'jade','192.168.10.1',1,'2024-07-09 11:31:20'),(443,'jade','192.168.10.1',1,'2024-07-09 11:34:26'),(444,'jade','192.168.10.1',1,'2024-07-09 11:35:50'),(445,'jade','192.168.10.1',1,'2024-07-09 11:42:16'),(446,'jade','192.168.10.1',1,'2024-07-09 11:46:17'),(447,'jade','192.168.10.1',1,'2024-07-09 11:46:17'),(448,'jade','192.168.10.1',1,'2024-07-09 11:46:17'),(449,'jade','192.168.10.1',1,'2024-07-09 11:46:23'),(450,'jade','192.168.10.1',1,'2024-07-09 11:48:18'),(451,'jade','192.168.10.1',1,'2024-07-09 11:49:27'),(452,'jade','192.168.10.1',1,'2024-07-09 11:51:11'),(453,'jade','192.168.10.1',1,'2024-07-09 11:51:11'),(454,'jade','192.168.10.1',1,'2024-07-09 11:51:32'),(455,'jade','192.168.10.1',1,'2024-07-09 11:52:41'),(456,'jade','192.168.10.1',1,'2024-07-09 11:54:56'),(457,'jade','0:0:0:0:0:0:0:1',1,'2024-07-09 13:17:08'),(458,'jade','0:0:0:0:0:0:0:1',1,'2024-07-09 14:12:07'),(459,'jade','0:0:0:0:0:0:0:1',1,'2024-07-09 14:39:04'),(460,'jade','0:0:0:0:0:0:0:1',1,'2024-07-09 14:54:57'),(461,'jade','0:0:0:0:0:0:0:1',1,'2024-07-09 15:09:46'),(462,'jade','0:0:0:0:0:0:0:1',1,'2024-07-09 15:10:27'),(463,'jade','0:0:0:0:0:0:0:1',1,'2024-07-09 15:12:39'),(464,'jade','0:0:0:0:0:0:0:1',1,'2024-07-09 15:13:58'),(465,'jade','0:0:0:0:0:0:0:1',1,'2024-07-09 15:15:22'),(466,'jade','0:0:0:0:0:0:0:1',1,'2024-07-09 17:12:34'),(467,'jade','192.168.10.1',1,'2024-07-09 17:59:16'),(468,'jade','192.168.10.1',1,'2024-07-09 18:02:44'),(469,'jade','192.168.10.1',1,'2024-07-09 18:03:20'),(470,'jade','192.168.10.1',1,'2024-07-09 18:04:11'),(471,'jade','192.168.10.1',1,'2024-07-09 18:05:24'),(472,'jade','192.168.10.1',1,'2024-07-09 18:06:35'),(473,'jade','192.168.10.1',1,'2024-07-09 18:07:37'),(474,'jade','192.168.10.1',1,'2024-07-09 18:08:20'),(475,'jade','192.168.10.1',1,'2024-07-09 18:08:55'),(476,'jade','192.168.10.1',1,'2024-07-09 18:09:56'),(477,'jade','192.168.10.1',1,'2024-07-09 18:11:38'),(478,'jade','192.168.10.1',1,'2024-07-09 18:15:13'),(479,'jade','192.168.10.1',1,'2024-07-09 18:15:49'),(480,'jade','0:0:0:0:0:0:0:1',1,'2024-07-09 18:16:39'),(481,'jade','192.168.10.1',1,'2024-07-09 18:16:54'),(482,'jade','192.168.10.1',1,'2024-07-09 18:17:33'),(483,'jade','192.168.10.1',1,'2024-07-09 18:18:06'),(484,'jade','0:0:0:0:0:0:0:1',1,'2024-07-09 18:20:23'),(485,'jade','0:0:0:0:0:0:0:1',1,'2024-07-09 18:21:59'),(486,'jade','192.168.10.1',1,'2024-07-10 10:28:37'),(487,'jade','0:0:0:0:0:0:0:1',1,'2024-07-10 10:29:39'),(488,'jade','192.168.10.1',1,'2024-07-10 10:29:44'),(489,'jade','192.168.10.1',1,'2024-07-10 10:30:49'),(490,'jade','192.168.10.1',1,'2024-07-10 10:31:18'),(491,'jade','192.168.10.1',1,'2024-07-10 10:32:44'),(492,'jade','0:0:0:0:0:0:0:1',1,'2024-07-10 10:34:40'),(493,'jade','192.168.10.1',1,'2024-07-10 10:35:36'),(494,'jade','192.168.10.1',1,'2024-07-10 10:35:37'),(495,'jade','192.168.10.1',1,'2024-07-10 10:36:23'),(496,'jade','192.168.10.1',1,'2024-07-10 10:36:47'),(497,'jade','192.168.10.1',1,'2024-07-10 10:38:59'),(498,'jade','0:0:0:0:0:0:0:1',1,'2024-07-10 10:39:17'),(499,'jade','192.168.10.1',1,'2024-07-10 10:40:00'),(500,'jade','192.168.10.1',1,'2024-07-10 10:47:51'),(501,'jade','192.168.10.1',1,'2024-07-10 10:51:47'),(502,'jade','192.168.10.1',1,'2024-07-10 10:52:59'),(503,'jade','192.168.10.1',1,'2024-07-10 10:55:06'),(504,'jade','192.168.10.1',1,'2024-07-10 10:56:00'),(505,'jade','192.168.10.1',1,'2024-07-10 10:56:40'),(506,'jade','192.168.10.1',1,'2024-07-10 10:57:07'),(507,'jade','192.168.10.1',1,'2024-07-10 10:57:45'),(508,'jade','192.168.10.1',1,'2024-07-10 10:58:36'),(509,'jade','192.168.10.1',1,'2024-07-10 10:59:09'),(510,'jade','192.168.10.1',1,'2024-07-10 11:00:03'),(511,'jade','192.168.10.1',1,'2024-07-10 11:01:42'),(512,'jade','192.168.10.1',1,'2024-07-10 11:03:23'),(513,'jade','192.168.10.1',1,'2024-07-10 11:07:58'),(514,'jade','192.168.10.1',1,'2024-07-10 11:09:35'),(515,'jade','192.168.10.1',1,'2024-07-10 11:10:03'),(516,'jade','192.168.10.1',1,'2024-07-10 11:10:38'),(517,'jade','192.168.10.1',1,'2024-07-10 11:11:21'),(518,'jade','192.168.10.1',1,'2024-07-10 11:12:51'),(519,'jade','192.168.10.1',1,'2024-07-10 11:15:15'),(520,'jade','192.168.10.1',1,'2024-07-10 11:16:14'),(521,'jade','192.168.10.1',1,'2024-07-10 11:16:58'),(522,'jade','192.168.10.1',1,'2024-07-10 11:17:51'),(523,'jade','192.168.10.1',1,'2024-07-10 11:18:16'),(524,'jade','192.168.10.1',1,'2024-07-10 11:19:07'),(525,'jade','192.168.10.1',1,'2024-07-10 11:20:15'),(526,'jade','0:0:0:0:0:0:0:1',1,'2024-07-10 11:20:27'),(527,'jade','0:0:0:0:0:0:0:1',1,'2024-07-10 11:20:27'),(528,'jade','192.168.10.1',1,'2024-07-10 11:20:39'),(529,'jade','0:0:0:0:0:0:0:1',1,'2024-07-10 11:22:13'),(530,'jade','0:0:0:0:0:0:0:1',1,'2024-07-10 11:31:28'),(531,'jade','0:0:0:0:0:0:0:1',1,'2024-07-10 11:35:06'),(532,'jade','0:0:0:0:0:0:0:1',1,'2024-07-10 11:35:55'),(533,'jade','0:0:0:0:0:0:0:1',1,'2024-07-10 11:37:44'),(534,'jade','0:0:0:0:0:0:0:1',1,'2024-07-10 11:39:03'),(535,'jade','0:0:0:0:0:0:0:1',1,'2024-07-10 11:40:56'),(536,'jade','0:0:0:0:0:0:0:1',1,'2024-07-10 12:48:43'),(537,'jade','0:0:0:0:0:0:0:1',1,'2024-07-10 12:52:55'),(538,'jade','0:0:0:0:0:0:0:1',1,'2024-07-10 12:56:17'),(539,'jade','0:0:0:0:0:0:0:1',1,'2024-07-10 12:56:38'),(540,'jade','0:0:0:0:0:0:0:1',1,'2024-07-10 13:00:59'),(541,'jade','0:0:0:0:0:0:0:1',1,'2024-07-10 13:08:07'),(542,'jade','0:0:0:0:0:0:0:1',1,'2024-07-10 13:10:35'),(543,'jade','0:0:0:0:0:0:0:1',1,'2024-07-10 13:11:58'),(544,'jade','0:0:0:0:0:0:0:1',1,'2024-07-10 13:13:31'),(545,'jade','0:0:0:0:0:0:0:1',1,'2024-07-10 13:17:42'),(546,'jade','0:0:0:0:0:0:0:1',1,'2024-07-10 13:20:39'),(547,'jade','192.168.10.1',1,'2024-07-10 13:48:43'),(548,'jade','0:0:0:0:0:0:0:1',1,'2024-07-10 13:51:37'),(549,'jade','192.168.10.1',1,'2024-07-10 13:53:12'),(550,'jade','0:0:0:0:0:0:0:1',1,'2024-07-10 13:56:24'),(551,'jade','127.0.0.1',1,'2024-07-10 13:56:51'),(552,'jade','192.168.10.1',1,'2024-07-10 13:57:54'),(553,'jade','0:0:0:0:0:0:0:1',1,'2024-07-10 14:05:37'),(554,'jade','0:0:0:0:0:0:0:1',1,'2024-07-10 14:12:50'),(555,'jade','0:0:0:0:0:0:0:1',1,'2024-07-10 14:14:54'),(556,'jade','0:0:0:0:0:0:0:1',1,'2024-07-10 14:16:48'),(557,'jade','192.168.10.1',1,'2024-07-10 14:27:24'),(558,'jade','127.0.0.1',1,'2024-07-10 15:02:42'),(559,'jade','0:0:0:0:0:0:0:1',1,'2024-07-10 16:02:23'),(560,'jade','0:0:0:0:0:0:0:1',1,'2024-07-10 16:20:43'),(561,'jade','0:0:0:0:0:0:0:1',1,'2024-07-10 16:23:41'),(562,'jade','0:0:0:0:0:0:0:1',1,'2024-07-10 16:24:46'),(563,'jade','0:0:0:0:0:0:0:1',1,'2024-07-10 16:27:55'),(564,'jade','0:0:0:0:0:0:0:1',1,'2024-07-10 16:30:32'),(565,'jade','0:0:0:0:0:0:0:1',1,'2024-07-10 16:32:27'),(566,'jade','127.0.0.1',1,'2024-07-10 16:37:40'),(567,'jade','0:0:0:0:0:0:0:1',1,'2024-07-10 17:06:07'),(568,'jade','0:0:0:0:0:0:0:1',1,'2024-07-10 17:07:36'),(569,'jade','0:0:0:0:0:0:0:1',1,'2024-07-10 17:26:08'),(570,'jade','0:0:0:0:0:0:0:1',1,'2024-07-10 17:29:19'),(571,'jade','0:0:0:0:0:0:0:1',1,'2024-07-10 17:31:23'),(572,'jade','0:0:0:0:0:0:0:1',1,'2024-07-10 17:43:04'),(573,'jade','0:0:0:0:0:0:0:1',1,'2024-07-10 17:45:24'),(574,'jade','0:0:0:0:0:0:0:1',1,'2024-07-10 17:52:26'),(575,'jade','0:0:0:0:0:0:0:1',1,'2024-07-10 18:13:54'),(576,'jade','127.0.0.1',1,'2024-07-11 09:57:18'),(577,'jade','127.0.0.1',1,'2024-07-11 13:27:49'),(578,'jade','127.0.0.1',1,'2024-07-11 14:31:33'),(579,'jade','127.0.0.1',1,'2024-07-11 15:17:35'),(580,'jade','127.0.0.1',1,'2024-07-12 09:57:26'),(581,'jade','127.0.0.1',1,'2024-07-12 13:22:20'),(582,'jade','127.0.0.1',1,'2024-07-12 15:42:33'),(583,'jade','127.0.0.1',1,'2024-07-12 16:31:19'),(584,'jade','127.0.0.1',1,'2024-07-12 17:07:14'),(585,'jade','192.168.10.1',1,'2024-07-15 11:05:44'),(586,'jade','127.0.0.1',1,'2024-07-15 16:50:40'),(587,'jade','127.0.0.1',1,'2024-07-16 10:43:56'),(588,'jade','127.0.0.1',1,'2024-07-16 11:02:42'),(589,'jade','127.0.0.1',1,'2024-07-16 12:51:46'),(590,'jade','127.0.0.1',1,'2024-07-16 15:00:59'),(591,'jade','127.0.0.1',1,'2024-07-16 16:37:02'),(592,'jade','127.0.0.1',1,'2024-07-17 15:19:09'),(593,'jade','192.168.10.1',1,'2024-07-17 15:47:11'),(594,'jade','127.0.0.1',1,'2024-07-17 16:24:20'),(595,'jade','192.168.10.1',1,'2024-07-17 16:30:40'),(596,'jade','192.168.10.1',1,'2024-07-17 16:32:49'),(597,'jade','192.168.10.1',1,'2024-07-17 16:35:28'),(598,'jade','192.168.10.1',1,'2024-07-17 16:37:10'),(599,'jade','192.168.10.1',1,'2024-07-17 16:38:30'),(600,'jade','192.168.10.1',1,'2024-07-17 16:42:43'),(601,'jade','192.168.10.1',1,'2024-07-17 16:44:00'),(602,'jade','192.168.10.1',1,'2024-07-17 16:59:29'),(603,'jade','127.0.0.1',1,'2024-07-22 10:26:28'),(604,'jade','192.168.10.1',1,'2024-07-22 10:27:04'),(605,'jade','127.0.0.1',1,'2024-07-22 10:41:44'),(606,'jade','192.168.10.1',1,'2024-07-22 10:55:41'),(607,'jade','127.0.0.1',1,'2024-07-22 13:09:12'),(608,'jade','192.168.10.1',1,'2024-07-22 13:18:55'),(609,'jade','0:0:0:0:0:0:0:1',1,'2024-08-07 10:16:32'),(610,'jade','0:0:0:0:0:0:0:1',1,'2024-08-07 10:22:39'),(611,'jade','127.0.0.1',1,'2024-08-20 18:16:02'),(612,'jade','127.0.0.1',1,'2024-08-20 20:02:24'),(613,'jade','127.0.0.1',1,'2024-08-20 20:25:18'),(614,'jade','127.0.0.1',1,'2024-08-20 20:41:33'),(615,'jade','127.0.0.1',1,'2024-08-23 10:38:37'),(616,'jade','127.0.0.1',1,'2024-08-26 10:30:33'),(617,'jade','127.0.0.1',1,'2024-08-26 13:20:18'),(618,'jade','127.0.0.1',1,'2024-08-26 15:30:06'),(619,'jade','127.0.0.1',1,'2024-08-28 08:50:36'),(620,'jade','127.0.0.1',1,'2024-08-28 15:25:17'),(621,'jade','127.0.0.1',1,'2024-08-31 17:25:46'),(622,'jade','127.0.0.1',1,'2024-08-31 19:21:45'),(623,'jade','127.0.0.1',1,'2024-09-01 02:02:48'),(624,'jade','127.0.0.1',1,'2024-09-01 03:03:34'),(625,'jade','127.0.0.1',1,'2024-09-01 16:01:29'),(626,'jade','127.0.0.1',1,'2024-09-01 18:00:43'),(627,'jade','127.0.0.1',1,'2024-09-02 10:02:55'),(628,'jade','127.0.0.1',1,'2024-09-02 11:07:43'),(629,'jade','127.0.0.1',1,'2024-09-02 13:42:53'),(630,'jade','127.0.0.1',1,'2024-09-02 17:58:16'),(631,'jade','192.168.10.1',1,'2024-09-02 19:37:05'),(632,'jade','127.0.0.1',1,'2024-09-02 19:56:45'),(633,'jade','127.0.0.1',1,'2024-09-03 11:29:50'),(634,'jade','127.0.0.1',1,'2024-09-03 19:53:42'),(635,'jade','127.0.0.1',1,'2024-09-04 09:30:34'),(636,'jade','127.0.0.1',1,'2024-09-04 16:22:47'),(637,'jade','127.0.0.1',1,'2024-09-04 16:57:36'),(638,'jade','127.0.0.1',1,'2024-09-04 16:58:18'),(639,'jade','127.0.0.1',1,'2024-09-04 16:59:31'),(640,'bom','127.0.0.1',0,'2024-09-04 16:59:49'),(641,'jade','127.0.0.1',1,'2024-09-04 17:00:28'),(642,'jade','127.0.0.1',1,'2024-09-04 17:07:03'),(643,'jade','127.0.0.1',1,'2024-09-04 17:15:18'),(644,'jade','127.0.0.1',1,'2024-09-04 18:01:37'),(645,'jade','127.0.0.1',1,'2024-09-04 18:06:34'),(646,'jade','127.0.0.1',1,'2024-09-04 18:08:25'),(647,'jade','127.0.0.1',1,'2024-09-04 18:13:47'),(648,'jade','127.0.0.1',1,'2024-09-04 18:56:58'),(649,'jade','127.0.0.1',1,'2024-09-05 09:47:25'),(650,'jade','127.0.0.1',1,'2024-09-05 13:08:40'),(651,'jade','127.0.0.1',1,'2024-09-05 13:17:31'),(652,'jade','127.0.0.1',1,'2024-09-05 16:08:55'),(653,'jade','127.0.0.1',1,'2024-09-05 17:07:19'),(654,'jade','127.0.0.1',1,'2024-09-05 20:38:02'),(655,'jade','127.0.0.1',1,'2024-09-06 00:19:10'),(656,'jade','127.0.0.1',1,'2024-09-06 07:07:56'),(657,'jade','127.0.0.1',1,'2024-09-06 09:44:54'),(658,'jade','127.0.0.1',1,'2024-09-06 09:55:27'),(659,'jade','127.0.0.1',1,'2024-09-06 10:34:33'),(660,'jade','127.0.0.1',1,'2024-09-06 10:55:50'),(661,'jade','127.0.0.1',1,'2024-09-06 11:27:19'),(662,'jade','127.0.0.1',1,'2024-09-06 12:18:57'),(663,'jade','127.0.0.1',1,'2024-09-06 12:19:26'),(664,'jade','127.0.0.1',1,'2024-09-06 12:23:44'),(665,'jade','127.0.0.1',1,'2024-09-06 13:19:48'),(666,'jade','127.0.0.1',1,'2024-09-06 15:44:40'),(667,'jade','127.0.0.1',1,'2024-09-06 16:16:21'),(668,'jade','127.0.0.1',1,'2024-09-06 16:20:35'),(669,'jade','127.0.0.1',1,'2024-09-06 16:32:59'),(670,'jade','127.0.0.1',1,'2024-09-06 19:01:09'),(671,'jade','127.0.0.1',1,'2024-09-06 20:57:53'),(672,'jade','127.0.0.1',1,'2024-09-09 09:58:19'),(673,'jade','127.0.0.1',1,'2024-09-09 10:24:30'),(674,'jade','127.0.0.1',1,'2024-09-09 10:33:16'),(675,'jade','127.0.0.1',1,'2024-09-09 12:51:10'),(676,'jade','127.0.0.1',1,'2024-09-09 12:52:24'),(677,'jade','127.0.0.1',1,'2024-09-09 14:54:00'),(678,'jade','127.0.0.1',1,'2024-09-09 16:25:14'),(679,'jade','127.0.0.1',1,'2024-09-10 09:42:06'),(680,'jade','127.0.0.1',1,'2024-09-10 16:59:42'),(681,'jade','127.0.0.1',1,'2024-09-10 17:42:32'),(682,'jade','127.0.0.1',1,'2024-09-11 09:49:02'),(683,'jade','127.0.0.1',1,'2024-09-11 13:31:41'),(684,'jade','127.0.0.1',1,'2024-09-11 14:19:22'),(685,'jade','127.0.0.1',1,'2024-09-11 15:59:03'),(686,'jade','127.0.0.1',1,'2024-09-11 17:11:28'),(687,'jade','127.0.0.1',1,'2024-09-11 18:09:31'),(688,'jade','127.0.0.1',1,'2024-09-12 10:20:28'),(689,'jade','127.0.0.1',1,'2024-09-12 12:43:55'),(690,'jade','127.0.0.1',1,'2024-09-12 15:05:39'),(691,'jade','127.0.0.1',1,'2024-09-13 09:57:01'),(692,'jade','127.0.0.1',1,'2024-09-13 10:50:28'),(693,'jade','127.0.0.1',1,'2024-09-13 13:18:25'),(694,'jade','127.0.0.1',1,'2024-09-13 14:53:59'),(695,'jade','127.0.0.1',1,'2024-09-13 14:54:39'),(696,'jade','127.0.0.1',1,'2024-09-13 14:57:01'),(697,'jade','127.0.0.1',1,'2024-09-13 15:05:02'),(698,'jade','127.0.0.1',1,'2024-09-13 15:09:38'),(699,'jade','127.0.0.1',1,'2024-09-13 15:16:40'),(700,'jade','127.0.0.1',1,'2024-09-13 15:56:55'),(701,'jade','127.0.0.1',1,'2024-09-17 21:20:03'),(702,'jade','127.0.0.1',1,'2024-09-17 21:45:44'),(703,'jade','127.0.0.1',1,'2024-09-19 13:01:52'),(704,'jade','127.0.0.1',1,'2024-09-19 13:02:03'),(705,'jade','127.0.0.1',1,'2024-09-19 13:20:34'),(706,'jade','127.0.0.1',1,'2024-09-19 13:20:42'),(707,'jade','127.0.0.1',1,'2024-09-19 13:52:12'),(708,'jade','127.0.0.1',1,'2024-09-19 13:57:02'),(709,'jade','127.0.0.1',1,'2024-09-19 15:22:00'),(710,'jade','127.0.0.1',1,'2024-09-19 16:28:06'),(711,'jade','127.0.0.1',1,'2024-09-19 17:22:13'),(712,'jade','127.0.0.1',1,'2024-09-19 18:15:59'),(713,'jade','127.0.0.1',1,'2024-09-20 09:36:39'),(714,'jade','127.0.0.1',1,'2024-09-20 10:38:53'),(715,'jade','127.0.0.1',1,'2024-09-20 11:23:01'),(716,'jade','127.0.0.1',1,'2024-09-20 11:23:27'),(717,'jade','127.0.0.1',1,'2024-09-20 13:40:41'),(718,'jade','127.0.0.1',1,'2024-09-20 13:49:04'),(719,'jade','127.0.0.1',1,'2024-09-20 14:35:05'),(720,'jade','127.0.0.1',1,'2024-09-20 15:09:11'),(721,'jade','127.0.0.1',1,'2024-09-20 15:56:33'),(722,'jade','127.0.0.1',1,'2024-09-20 16:27:31'),(723,'jade','127.0.0.1',1,'2024-09-21 20:37:24'),(724,'jade','127.0.0.1',1,'2024-09-23 09:54:28'),(725,'jade','127.0.0.1',1,'2024-09-23 10:12:56'),(726,'jade','127.0.0.1',1,'2024-09-23 12:38:22'),(727,'jade','127.0.0.1',1,'2024-09-23 13:19:41'),(728,'jade','127.0.0.1',1,'2024-09-23 17:26:14'),(729,'jade','127.0.0.1',1,'2024-09-24 19:53:23'),(730,'jade','127.0.0.1',1,'2024-09-24 19:58:18'),(731,'jade','192.168.10.1',1,'2024-09-26 18:17:14'),(732,'jade','127.0.0.1',1,'2024-10-10 13:47:00'),(733,'jade','127.0.0.1',1,'2024-10-10 14:24:01'),(734,'jade','127.0.0.1',1,'2024-10-10 17:39:54'),(735,'jade','127.0.0.1',1,'2024-10-11 12:56:01'),(736,'jade','127.0.0.1',1,'2024-10-11 13:41:18'),(737,'jade','127.0.0.1',1,'2024-10-11 15:50:06'),(738,'jade','127.0.0.1',1,'2024-10-11 16:18:50'),(739,'jade','127.0.0.1',1,'2024-10-16 11:29:41');
/*!40000 ALTER TABLE `tblLoginLog` ENABLE KEYS */;
UNLOCK TABLES;

--
-- Table structure for table `tblOrder`
--

DROP TABLE IF EXISTS `tblOrder`;
/*!40101 SET @saved_cs_client     = @@character_set_client */;
/*!40101 SET character_set_client = utf8 */;
CREATE TABLE `tblOrder` (
  `compCd` int(11) unsigned NOT NULL COMMENT '회사코드',
  `orderCd` varchar(20) NOT NULL DEFAULT '' COMMENT '주문코드(OYYMMDD-00001)',
  `buyOrderCd` varchar(50) DEFAULT '' COMMENT '주두문자 주문 코드',
  `buyerNm` varchar(50) DEFAULT '' COMMENT '주문자',
  `buyerPhone` varchar(50) DEFAULT '' COMMENT '주문자 연락처',
  `buyerAddr` varchar(200) DEFAULT '' COMMENT '배송 주소',
  `orderDt` varchar(10) DEFAULT '' COMMENT '주문일',
  `deliveryDt` varchar(10) DEFAULT '' COMMENT '배송요청일',
  `deliveryCd` varchar(50) DEFAULT '' COMMENT '송장넘버',
  `deliveryCompany` varchar(5) DEFAULT '' COMMENT '택배사(공통코드)',
  `deliveryStatus` varchar(5) DEFAULT '' COMMENT '진행상황(공통코드)',
  `remarks` varchar(4000) DEFAULT '' COMMENT '메모',
  `pickYN` varchar(1) DEFAULT 'N' COMMENT '피킹 완료 여부',
  `pickDate` datetime DEFAULT NULL COMMENT '피킹 완료일',
  `sendCheckYN` varchar(1) DEFAULT 'N' COMMENT '출하 검수 여부',
  `sendCheckDt` datetime DEFAULT NULL COMMENT '출하 검수 일시',
  `sendCheckID` varchar(20) DEFAULT '' COMMENT '출하 검수자',
  `gate` varchar(5) DEFAULT '' COMMENT '지정 게이트',
  `flagYN` varchar(1) DEFAULT 'Y' COMMENT '유효여부',
  `regDate` datetime DEFAULT NULL COMMENT '최초저장일',
  `issueDate` datetime DEFAULT NULL COMMENT '최종저장일',
  `issueID` varchar(20) DEFAULT '' COMMENT '최종저장자',
  PRIMARY KEY (`compCd`,`orderCd`) USING BTREE
) ENGINE=InnoDB DEFAULT CHARSET=utf8 COMMENT='주문관리';
/*!40101 SET character_set_client = @saved_cs_client */;

--
-- Dumping data for table `tblOrder`
--

LOCK TABLES `tblOrder` WRITE;
/*!40000 ALTER TABLE `tblOrder` DISABLE KEYS */;
INSERT INTO `tblOrder` VALUES (1,'O240523-00001','TE02-66630','(주)코어스','','서울특별시 영등포구 당산로 41길 11, SK V1센터 W동 609호','2024-04-18','2024-04-19','685798444902','00100','00200','','N','2024-07-17 16:47:27','N','2024-09-02 19:56:15','','00200','Y','2024-03-02 21:06:42','2024-09-02 19:56:15','cores'),(1,'O240524-00001','T01-221101','(주)코어스','','경기도 용인시 기흥구 중부대로 579, 508-H03호','2024-03-02','2024-03-05','310705022076','00200','00100','','N','2024-05-25 20:24:35','N','2024-07-17 16:13:52','','null','Y','2024-03-02 21:16:31','2024-09-02 18:00:24','jade'),(1,'O240716-00001','TEST-03','이봄이','','','2024-07-16','2024-07-16','1','','','','N',NULL,'N','2024-07-22 10:57:02','','null','Y','2024-07-16 15:11:11','2024-07-22 10:57:02','cores'),(1,'O240831-00001','2024B08-23650215','도롱이','010-4200-2200','경기도 고양시 덕양구 화정2동 옥빛마을 90','2024-08-31','2024-09-02','','','00200','','N',NULL,'N',NULL,'','','Y','2024-08-31 19:57:07','2024-09-01 02:39:30','jade'),(1,'O240831-00002','K2408-22336-36','기러기','010-2222-3030','태평양 기러기 넘어','2024-08-31','2024-09-13','','','','','N',NULL,'N',NULL,'','','Y','2024-08-31 20:40:30','2024-08-31 20:40:30','jade'),(16,'O240306-00001','','(주)코어스','','','2024-03-06','2024-03-06','22','00100','','','N',NULL,'N',NULL,'','','Y','2024-03-06 11:29:24','2024-03-06 11:30:12','bios');
/*!40000 ALTER TABLE `tblOrder` ENABLE KEYS */;
UNLOCK TABLES;

--
-- Table structure for table `tblOrderItems`
--

DROP TABLE IF EXISTS `tblOrderItems`;
/*!40101 SET @saved_cs_client     = @@character_set_client */;
/*!40101 SET character_set_client = utf8 */;
CREATE TABLE `tblOrderItems` (
  `compCd` int(11) unsigned NOT NULL COMMENT '회사코드',
  `orderCd` varchar(20) NOT NULL DEFAULT '' COMMENT '주문코드(OYYMMDD-00001)',
  `itemSeq` int(11) NOT NULL DEFAULT '0' COMMENT '아이템 시퀀스',
  `prodNm` varchar(50) DEFAULT '' COMMENT '제품명',
  `prodCd` varchar(50) DEFAULT '' COMMENT '제품 코드',
  `qty` int(11) DEFAULT '1' COMMENT '수량',
  `flagYN` varchar(1) DEFAULT 'Y' COMMENT '삭제여부(Y:유효/N:삭제)',
  `regDate` datetime DEFAULT NULL COMMENT '최초저장일',
  `issueDate` datetime DEFAULT NULL COMMENT '최종저장일',
  `issueID` varchar(20) DEFAULT '' COMMENT '최종저장자',
  PRIMARY KEY (`compCd`,`orderCd`,`itemSeq`) USING BTREE
) ENGINE=InnoDB DEFAULT CHARSET=utf8 COMMENT='주문 항목 관리';
/*!40101 SET character_set_client = @saved_cs_client */;

--
-- Dumping data for table `tblOrderItems`
--

LOCK TABLES `tblOrderItems` WRITE;
/*!40000 ALTER TABLE `tblOrderItems` DISABLE KEYS */;
INSERT INTO `tblOrderItems` VALUES (1,'24-012-240523MWO',1,'닌텐도 스위치','6',1,'N','2024-04-19 13:01:16','2024-07-16 11:00:24','jade'),(1,'24-012-240523MWO',2,'이어폰','33',3,'N','2024-04-19 13:01:42','2024-07-16 11:00:21','jade'),(1,'24-012-240523MWO',3,'알루미늄 케이스 KE-483513 가방','5',2,'N','2024-05-24 19:31:11','2024-07-16 11:00:16','jade'),(1,'24-012-240523MWO',4,'무선랜 카드','31',5,'N','2024-05-24 19:32:13','2024-07-16 11:00:12','jade'),(1,'24-012-240523MWO',5,'제품','11',2,'N','2024-06-14 16:26:02','2024-06-14 16:26:09','jade'),(1,'24-012-240523MWO',6,'에어팟','',2,'N','2024-07-16 11:01:15','2024-07-16 11:03:26','jade'),(1,'24-012-240523MWO',7,'','',0,'N','2024-07-16 11:03:23','2024-07-16 11:03:23','jade'),(1,'24-012-240524MWO',1,'보쉬 충전 드라이버드릴 GSR120-LI','4',2,'Y','2024-03-02 21:17:09','2024-07-16 12:58:21','jade'),(1,'24-012-240524MWO',2,'갤럭시 버즈','13',2,'Y','2024-03-02 21:17:33','2024-05-24 18:11:05','jade'),(1,'24-012-240524MWO',3,'','',0,'N','2024-06-11 16:38:55','2024-06-11 16:38:59','jade'),(1,'O240523-00001',1,'파워 서플라이','30',1,'Y','2024-07-16 16:04:51','2024-07-16 16:04:51','jade'),(1,'O240523-00001',2,'닌텐도 스위치','6',1,'Y','2024-07-16 16:05:02','2024-07-16 16:05:02','jade'),(1,'O240523-00001',3,'키보드 - 적축','35',2,'Y','2024-07-16 16:05:13','2024-07-16 16:05:13','jade'),(1,'O240523-00001',4,'갤럭시 버즈','13',3,'Y','2024-07-16 16:05:39','2024-07-16 16:05:39','jade'),(1,'O240524-00001',1,'에어팟','33',2,'Y','2024-07-16 16:02:13','2024-07-16 16:02:13','jade'),(1,'O240524-00001',2,'아이폰','12',2,'Y','2024-07-16 16:03:42','2024-07-16 16:03:42','jade'),(1,'O240831-00001',1,'키보드 - 적축','35',2,'Y','2024-09-01 02:21:26','2024-09-01 02:21:26','jade'),(1,'O240831-00001',2,'파워 서플라이','30',3,'Y','2024-09-01 02:21:50','2024-09-01 02:21:50','jade'),(1,'O240831-00002',1,'닌텐도 스위치','6',10,'Y','2024-08-31 20:40:53','2024-08-31 20:40:53','jade'),(1,'O240831-00002',2,'갤럭시 버즈','13',2,'Y','2024-08-31 20:44:19','2024-08-31 20:44:19','jade'),(1,'O240831-00002',3,'에어팟','33',0,'Y','2024-08-31 20:44:54','2024-08-31 20:44:54','jade'),(16,'O240306-00001',1,'갤럭시 버즈','fdsgfwgw',5,'Y','2024-03-06 11:29:43','2024-03-06 11:30:06','bios');
/*!40000 ALTER TABLE `tblOrderItems` ENABLE KEYS */;
UNLOCK TABLES;

--
-- Table structure for table `tblProcessGroup`
--

DROP TABLE IF EXISTS `tblProcessGroup`;
/*!40101 SET @saved_cs_client     = @@character_set_client */;
/*!40101 SET character_set_client = utf8 */;
CREATE TABLE `tblProcessGroup` (
  `procTypeCd` int(11) unsigned NOT NULL AUTO_INCREMENT COMMENT '공정 시퀀스',
  `procTypeNm` varchar(50) DEFAULT '' COMMENT '공정 그룹 이름',
  `processCds` varchar(200) DEFAULT '' COMMENT '공정 코드(,로 구분)',
  `processNms` varchar(1000) DEFAULT '',
  `flagYN` varchar(1) DEFAULT 'Y' COMMENT '삭제여부(Y:유효/N:삭제)',
  `issueDate` datetime DEFAULT NULL COMMENT '최종저장일',
  PRIMARY KEY (`procTypeCd`)
) ENGINE=InnoDB AUTO_INCREMENT=6 DEFAULT CHARSET=utf8 COMMENT='공정 관리';
/*!40101 SET character_set_client = @saved_cs_client */;

--
-- Dumping data for table `tblProcessGroup`
--

LOCK TABLES `tblProcessGroup` WRITE;
/*!40000 ALTER TABLE `tblProcessGroup` DISABLE KEYS */;
INSERT INTO `tblProcessGroup` VALUES (1,'테스트 공정','00100,00200,','가공,가공(양산),','N','2024-09-19 17:01:17'),(2,'공정1','00300,00400,00500,','공정검사,세척,육안검사,','Y','2024-09-19 17:01:39'),(3,'공정2','00700,00600,00500,','포장,출하,육안검사,','Y','2024-09-19 17:34:52'),(4,NULL,'00100,00200,','가공,가공(양산),','Y','2024-10-10 14:55:12'),(5,NULL,'00100,00300,00200,',NULL,'Y','2024-10-10 17:41:54');
/*!40000 ALTER TABLE `tblProcessGroup` ENABLE KEYS */;
UNLOCK TABLES;

--
-- Table structure for table `tblProduct`
--

DROP TABLE IF EXISTS `tblProduct`;
/*!40101 SET @saved_cs_client     = @@character_set_client */;
/*!40101 SET character_set_client = utf8 */;
CREATE TABLE `tblProduct` (
  `prodCd` int(11) NOT NULL AUTO_INCREMENT COMMENT '제품 코드',
  `prodNm` varchar(300) DEFAULT '' COMMENT '제품명',
  `erpCd` varchar(20) DEFAULT '' COMMENT 'ERP 코드',
  `prodType` varchar(5) DEFAULT '' COMMENT '분류',
  `houseCd` int(11) DEFAULT '0' COMMENT '창고',
  `protectedQty` int(11) DEFAULT NULL COMMENT '안전재고',
  `quality` varchar(50) DEFAULT '0' COMMENT '재질',
  `unit` varchar(5) DEFAULT '' COMMENT '단위',
  `option1` varchar(50) DEFAULT '' COMMENT '규격',
  `option2` varchar(50) DEFAULT '' COMMENT '사양 2',
  `maker` varchar(50) DEFAULT '' COMMENT '메이커',
  `unitPrice` decimal(18,0) DEFAULT '0' COMMENT '표준단가',
  `compCd` int(11) DEFAULT '0' COMMENT '기본거래처',
  `remark` varchar(3000) DEFAULT '' COMMENT '비고',
  `barcode` varchar(8) DEFAULT '' COMMENT '바코드(W+prodCd, 빈자리 0으로채움)',
  `limitDays` int(11) DEFAULT '0' COMMENT '유통기한 경고일 수(X일 전부터 유통기한 임박 경고)',
  `taxYN` varchar(1) DEFAULT 'Y' COMMENT '비과세여부(Y:과세/N:비과세)',
  `flagYN` varchar(1) DEFAULT 'Y' COMMENT '삭제여부(Y:유효/N:삭제)',
  `regDate` datetime DEFAULT NULL COMMENT '최초저장일',
  `issueDate` datetime DEFAULT NULL COMMENT '최종저장일',
  `issueID` varchar(20) DEFAULT '' COMMENT '최종저장자',
  PRIMARY KEY (`prodCd`)
) ENGINE=InnoDB AUTO_INCREMENT=38 DEFAULT CHARSET=utf8 COMMENT='제품관리';
/*!40101 SET character_set_client = @saved_cs_client */;

--
-- Dumping data for table `tblProduct`
--

LOCK TABLES `tblProduct` WRITE;
/*!40000 ALTER TABLE `tblProduct` DISABLE KEYS */;
INSERT INTO `tblProduct` VALUES (1,'날강력평앤드밀 (CSS2002-0060)','','02000',7,10,'좋은재질k','EA','사양 1','사양 2','메이커',350200,0,'','W0000010',0,'Y','Y','2021-04-21 17:53:29','2023-09-21 11:08:56','jade'),(2,'94AH Terminal Anvil','','02000',7,30,'삧갈 고운 외관','문','Silver','','주문형',3500000,0,'','W0000020',0,'Y','Y','2021-04-21 19:34:19','2023-07-10 10:45:56','jade'),(3,'방수 우레탄 실리콘','','01000',7,20,'실리콘','EA','보수전용','외부크랙','주문',35200,0,'','W0000030',7,'Y','Y','2021-04-26 17:23:24','2024-09-06 21:21:36','jade'),(4,'보쉬 충전 드라이버드릴 GSR120-LI GSB18V-21외5종+100P소재 이벤트중','','01000',2,200,'쇠','개','','','메이슨',15000,0,'','W0000040',0,'Y','Y','2021-04-30 14:15:18','2024-03-02 20:30:06','jade'),(5,'알루미늄 케이스 KE-483513 가방','','02000',1,30,'알루미늄','개',NULL,NULL,'메이슨',35000,11,NULL,'W0000050',0,'Y','Y','2021-04-30 14:58:10','2021-04-30 14:58:10','jade'),(6,'닌텐도 스위치','','02000',29,4000,'플라스틱','EA','','','닌텐도',150000,0,'','W0000060',0,'Y','Y','2021-04-30 15:00:54','2024-07-17 16:25:27','jade'),(7,'블루텍 토크텍 토크렌치 T-60 TK-500 (수동식)','','02000',3,300,'쇠','개',NULL,NULL,'메이슨',14000,11,NULL,'W0000070',0,'Y','Y','2021-04-30 15:07:59','2021-04-30 15:07:59','jade'),(8,'딜리코 플랫화이트','','01000',1,20,'플라스틱','대','Silver','외부크랙','딜리코',830000,0,'','W0000080',0,'Y','Y','2021-05-10 16:26:48','2023-10-17 13:46:49',NULL),(9,'딜리코 딜라이트','','01000',7,2500,'플라스틱','대','따끈따끈 에스프레소 추출','15kg','딜라이트',560000,0,NULL,'W0000090',0,'N','Y','2021-05-11 14:27:54','2021-05-11 14:50:21','jade'),(10,'삼성전자 삼성 KU65UT8070FXKR','','02000',2,300,'반도체','대',NULL,NULL,'삼성',1180000,0,NULL,'W0000100',0,'Y','Y','2021-05-12 13:25:05','2021-05-12 13:25:05','jade'),(11,'카라반','','01000',3,50,'알루미늄합금','대','트럭','','카라반세상',2500000,0,'','W0000110',0,'Y','Y','2021-06-08 16:26:22','2023-09-18 17:34:40','jade'),(12,'아이폰','','01000',9,3600,'합금','EA','스마트폰','ram 16G','apple',1200000,0,'','W0000120',3,'Y','Y','2021-06-09 13:55:25','2024-09-06 21:26:27','jade'),(13,'갤럭시 버즈','','02000',7,4,'플라스틱','EA','2*2*2','상','삼성',100000,0,'','W0000130',5,'N','Y','2021-08-06 16:05:52','2024-09-11 14:59:17','jade'),(14,'딜리코 플랫화이트','','01000',1,20,'플라스틱','대','','','딜리코',830000,0,'','W0000140',0,'Y','Y','2021-08-06 16:47:45','2024-03-02 20:30:13','jade'),(15,'삼성전자 삼성 KU65UT8070FXKR','','02000',2,300,'반도체','대','','','삼성',1180000,0,'','W0000150',0,'N','Y','2021-08-06 16:47:45','2024-03-02 19:47:09','jade'),(16,'에클랜드/스마토 별렌치SET ','','01000',3,200,'강철','개',NULL,NULL,'애클랜드',3900,0,NULL,'W0000160',0,'Y','Y','2021-08-06 16:47:45','2021-08-06 16:47:45','jade'),(17,'삼성 갤럭시 S21','','02000',15,3000,'반도체','EA','S21','Note','Apple',125000,0,'메모입니다 ','W0000170',0,'N','Y','2021-08-09 13:46:00','2021-08-09 14:42:08','jade'),(18,'테스트','','01000',7,0,'','','','','',0,0,'','W0000180',0,'N','Y','2023-07-11 14:18:17','2023-07-11 14:18:27','jade'),(19,'영양찹쌀떡','','01000',4,100,'찹쌀','개','','','삼성',2500,0,'','W0000190',0,'N','Y','2023-07-11 14:52:17','2023-07-11 14:53:19','jade'),(20,'영양찹쌀떡','','01000',4,100,'찹쌀','개',NULL,NULL,'삼성',2500,0,NULL,'W0000200',0,'Y','Y','2023-07-11 14:53:31','2023-07-11 14:53:31','jade'),(21,'영양찹쌀떡','','01000',4,100,'찹쌀','개','','','삼성',2500,0,'','W0000210',0,'N','Y','2023-07-11 14:53:39','2023-07-11 14:53:47','jade'),(22,'영양찹쌀떡2','','01000',4,100,'찹쌀','개',NULL,NULL,'삼성',2500,0,NULL,'W0000220',0,'Y','Y','2023-07-13 15:04:55','2023-07-13 15:04:55','jade'),(23,'딜리코 플랫화이트','','01000',4,20,'플라스틱','개','사양 1','사양 2','메이커',350200,0,'12','W0000230',0,'Y','Y','2023-09-18 16:20:53','2023-09-18 16:20:53','jade'),(24,'방수 우레탄 실리콘 22','','01000',4,20,'플라스틱','개','사양 1','사양 2','메이커',350200,0,'12','W0000240',0,'Y','Y','2023-09-18 17:10:31','2023-09-18 17:10:31','jade'),(25,'1227테스트','','01000',2,10,'','','','','',1000,0,'','W0000250',0,'Y','Y','2023-12-27 12:58:30','2023-12-27 13:20:47','jade'),(26,'213','','01000',4,32767,'','','','','',123123,0,'','W0000260',0,'Y','Y','2023-12-27 13:27:23','2023-12-27 13:27:23','jade'),(27,'22KD-TEST','','02000',3,300,'','','','','',1180000,0,'','W0000270',0,'Y','Y','2023-12-27 15:36:58','2024-03-02 20:30:43','jade'),(28,'애벌레2','','01000',2,32767,'','g','','','딜리코',1000,0,'','W0000280',1,'Y','Y','2023-12-27 16:23:53','2024-09-06 21:25:59','jade'),(29,'AD-23물질','','01000',7,10,'','g','','','',30000,0,'','W0000290',0,'Y','Y','2024-03-02 19:48:15','2024-07-10 16:47:35','jade'),(30,'파워 서플라이','','01000',9,10,'','Ea','검정','','기린 물산',32000,0,'','W0000300',0,'Y','Y','2024-04-17 11:10:23','2024-07-16 10:53:13','jade'),(31,'무선랜 카드','','01000',7,10,'','Ea','검정','','기린 물산',21080,0,'','W0000310',0,'Y','Y','2024-04-17 13:11:51','2024-04-17 13:12:26','jade'),(32,'이어폰','','01000',5,25,'','Ea','검정','','기린 물산',35000,0,'','W0000320',0,'N','Y','2024-04-18 09:19:28','2024-04-18 09:22:35','jade'),(33,'에어팟','T0015','01000',17,25,'','EA','검정','','기린 물산',35000,0,'','W0000330',0,'N','Y','2024-04-18 09:23:36','2024-08-28 15:25:33','jade'),(34,'마우스 K','','01000',2,20,'플라스틱','대','EA','대','딜리코',15000,0,NULL,'W0000340',0,'Y','Y','2024-04-19 11:33:11','2024-04-19 11:33:11','jade'),(35,'키보드 - 적축','','02000',8,30,'플라스틱','EA','Ea','중','삼성',118000,0,'','W0000350',0,'Y','Y','2024-04-19 11:33:11','2024-07-10 16:47:25','jade'),(36,'함체','T1602','01000',4,200,'강철','EA','CC','소','애클랜드',39000,0,'','W0000360',0,'Y','Y','2024-04-19 11:33:11','2024-09-02 11:19:43','jade'),(37,'망고','','02000',3,300,'반도체','대','P','중','삼성',1180000,0,NULL,'W0000370',0,'Y','Y','2024-09-23 17:26:30','2024-09-23 17:26:30','jade');
/*!40000 ALTER TABLE `tblProduct` ENABLE KEYS */;
UNLOCK TABLES;

--
-- Table structure for table `tblProductInOut`
--

DROP TABLE IF EXISTS `tblProductInOut`;
/*!40101 SET @saved_cs_client     = @@character_set_client */;
/*!40101 SET character_set_client = utf8 */;
CREATE TABLE `tblProductInOut` (
  `inOutSeq` int(11) unsigned NOT NULL AUTO_INCREMENT COMMENT '입출고 시퀀스',
  `inOutDt` varchar(10) DEFAULT '' COMMENT '일자',
  `prodCd` int(11) DEFAULT '0' COMMENT '제품 시퀀스',
  `orderCd` varchar(13) DEFAULT '' COMMENT 'OYYMMDD-00001',
  `qty` decimal(20,2) DEFAULT '1.00' COMMENT '수량',
  `viewValue` decimal(20,2) DEFAULT '0.00' COMMENT '기준 값',
  `viewUnit` varchar(5) DEFAULT '' COMMENT '기준 단위',
  `sysValue` decimal(20,2) DEFAULT '0.00' COMMENT '변환 값',
  `sysUnit` varchar(5) DEFAULT '' COMMENT '변환 단위',
  `houseCd` int(11) DEFAULT '0' COMMENT '창고',
  `unitPrice` decimal(20,2) DEFAULT '0.00' COMMENT '단가',
  `limitDt` varchar(10) DEFAULT '' COMMENT '유통기한',
  `remark` varchar(1000) DEFAULT '' COMMENT '용처',
  `compCd` int(11) DEFAULT '0' COMMENT '거래처 코드',
  `types` varchar(1) DEFAULT 'D' COMMENT '입출고 형식(D:입출고/M:이동/R:재고소각)',
  `refSeq` int(11) DEFAULT '0' COMMENT '출고시 관련 입고 시퀀스',
  `BOrderSeq` int(11) DEFAULT '0' COMMENT '구매 항목 시퀀스',
  `flagYN` varchar(1) DEFAULT 'Y' COMMENT '삭제여부(Y:유효/N:삭제)',
  `planYN` varchar(1) DEFAULT 'N' COMMENT '입출고예정여부',
  `planYDate` datetime DEFAULT NULL COMMENT '입고확인일자',
  `useYN` varchar(1) DEFAULT 'Y' COMMENT '사용가능여부',
  `useYDate` datetime DEFAULT NULL COMMENT '사용확인일자',
  `regDate` datetime DEFAULT NULL COMMENT '최초저장일',
  `issueDate` datetime DEFAULT NULL COMMENT '최종저장일',
  `issueID` varchar(20) DEFAULT '' COMMENT '최종저장자',
  PRIMARY KEY (`inOutSeq`)
) ENGINE=InnoDB AUTO_INCREMENT=198 DEFAULT CHARSET=utf8 COMMENT='제품입출고관리';
/*!40101 SET character_set_client = @saved_cs_client */;

--
-- Dumping data for table `tblProductInOut`
--

LOCK TABLES `tblProductInOut` WRITE;
/*!40000 ALTER TABLE `tblProductInOut` DISABLE KEYS */;
INSERT INTO `tblProductInOut` VALUES (1,'2021-04-26',1,'',5.00,0.00,'',0.00,'',1,350200.00,'','입출고 Test',12,'D',0,0,'N','N',NULL,'Y',NULL,'2021-04-26 16:31:28','2021-04-29 10:09:36','jade'),(2,'2021-04-27',2,'',5.00,0.00,'',0.00,'',2,200000.00,'','출고',11,'D',0,0,'Y','N',NULL,'Y',NULL,'2021-04-27 10:51:46','2021-04-27 11:21:47','weee2'),(3,'2021-04-15',2,'',6.00,0.00,'',0.00,'',13,100000.00,'','없음',9,'D',0,0,'Y','N',NULL,'Y',NULL,'2021-04-27 11:14:09','2021-05-04 12:26:11','jade'),(4,'2021-04-08',2,'',2.00,0.00,'',0.00,'',2,200000.00,'','입고',12,'D',0,0,'N','N',NULL,'Y',NULL,'2021-04-27 11:15:02','2021-04-29 10:12:27','jade'),(5,'2021-04-29',1,'',-1.00,0.00,'',0.00,'',3,25000.00,'','',12,'D',0,0,'Y','N',NULL,'Y',NULL,'2021-04-29 17:30:10','2023-07-11 14:21:57','jade'),(6,'2021-04-29',2,'',2.00,0.00,'',0.00,'',5,3200.00,'',NULL,12,'D',0,0,'Y','N',NULL,'Y',NULL,'2021-04-29 17:30:10','2021-05-03 14:49:10','jade'),(7,'2021-04-29',3,'',-3.00,0.00,'EA',0.00,'EA',5,25000.00,'','연습장비출고',5,'D',0,0,'Y','N',NULL,'Y',NULL,'2021-04-29 17:30:10','2021-04-29 17:30:10','jade'),(8,'2021-04-29',1,'',4.00,0.00,'',0.00,'',6,3200.00,'','없음',9,'D',0,0,'N','N',NULL,'Y',NULL,'2021-04-29 17:30:10','2021-05-11 14:18:02','jade'),(9,'2021-04-29',1,'',5.00,0.00,'',0.00,'',7,3400.00,'','없음',2,'D',0,0,'N','N',NULL,'Y',NULL,'2021-04-29 17:30:10','2021-05-04 16:48:36','jade'),(10,'2021-04-29',3,'',6.00,1.00,'EA',1.00,'EA',7,25000.00,'2024-09-30','없음',3,'D',0,0,'Y','N',NULL,'Y',NULL,'2021-04-29 17:30:10','2024-09-06 10:53:26','jade'),(11,'2021-04-29',3,'',7.00,0.00,'EA',0.00,'EA',9,3200.00,'','없음',4,'D',0,0,'Y','N',NULL,'Y',NULL,'2021-04-29 17:30:10','2021-05-04 16:35:14','jade'),(12,'2021-04-29',3,'',-8.00,0.00,'EA',0.00,'EA',10,3200.00,'','없음',5,'D',0,0,'Y','N',NULL,'Y',NULL,'2021-04-29 17:30:10','2021-05-04 16:43:50','jade'),(13,'2021-04-29',3,'',-9.00,0.00,'EA',0.00,'EA',11,22000.00,'','연습장비입고',12,'D',0,0,'Y','N',NULL,'Y',NULL,'2021-04-29 17:30:10','2021-04-29 17:30:10','jade'),(14,'2021-05-10',4,'',2.00,0.00,'',0.00,'',12,150000.00,'',NULL,6,'D',0,0,'Y','N',NULL,'Y',NULL,'2021-05-03 14:49:50','2021-05-03 14:49:50','jade'),(15,'2021-05-02',2,'',2.00,0.00,'',0.00,'',10,150000.00,'','없음',6,'D',0,0,'Y','N',NULL,'Y',NULL,'2021-05-03 15:22:38','2021-05-04 16:35:23','jade'),(16,'2021-04-14',7,'',5.00,0.00,'',0.00,'',3,15000.00,'2024-02-29','없음',6,'D',NULL,0,'Y','N',NULL,'N','2024-07-12 16:30:25','2021-05-03 15:26:32','2024-07-12 16:30:25','jade'),(17,'2021-04-27',5,'',5.00,0.00,'',0.00,'',5,200000.00,'','없음',2,'D',0,0,'Y','N',NULL,'Y',NULL,'2021-05-03 15:27:48','2021-05-03 15:27:48','jade'),(18,'2021-04-08',5,'',2.00,0.00,'',0.00,'',3,350200.00,'','없음',6,'D',0,0,'N','N',NULL,'Y',NULL,'2021-05-03 15:32:54','2021-05-11 14:18:19','jade'),(19,'2021-04-08',2,'',7.00,0.00,'',0.00,'',7,150000.00,'','없음',4,'D',0,0,'N','N',NULL,'Y',NULL,'2021-05-03 15:39:21','2021-05-04 16:48:44','jade'),(20,'2021-04-08',7,'',7.00,0.00,'',0.00,'',8,15000.00,'2024-02-29','없음',7,'D',NULL,0,'Y','N',NULL,'N','2024-07-12 16:30:25','2021-05-03 15:42:47','2024-07-12 16:30:25','jade'),(21,'2021-04-20',6,'',7.00,0.00,'',0.00,'',9,350200.00,'','없음',9,'D',0,0,'Y','N',NULL,'Y',NULL,'2021-05-04 16:20:57','2021-05-04 16:20:57','jade'),(22,'2021-05-31',2,'',9.00,0.00,'',0.00,'',6,200000.00,'','없음',11,'D',0,0,'Y','N',NULL,'Y',NULL,'2021-05-04 16:23:24','2021-05-04 16:23:24','jade'),(23,'2021-05-26',6,'',8.00,1.00,'EA',1.00,'EA',7,3500000.00,'2024-07-19','없음',11,'D',0,0,'Y','N',NULL,'N','2024-07-22 15:40:04','2021-05-04 16:29:02','2024-07-22 15:40:04','jade'),(24,'2021-05-25',7,'',8.00,0.00,'',0.00,'',7,3500000.00,'2024-02-20','없음',12,'D',NULL,0,'Y','N',NULL,'N','2024-07-12 16:30:25','2021-05-04 16:29:58','2024-07-12 16:30:25','jade'),(25,'2021-05-05',2,'',200.00,0.00,'',0.00,'',7,30000.00,'','',12,'D',0,0,'Y','N',NULL,'Y',NULL,'2021-05-05 20:01:45','2021-05-05 20:01:45','jade'),(26,'2021-05-05',3,'',1000.00,0.00,'EA',0.00,'EA',7,400000.00,'','',11,'D',0,0,'Y','N',NULL,'Y',NULL,'2021-05-05 20:01:45','2021-05-05 20:01:45','jade'),(27,'2021-05-05',7,'',13.00,0.00,'',0.00,'',3,10000000.00,'2024-02-22','',11,'D',NULL,0,'Y','N',NULL,'Y',NULL,'2021-05-05 20:01:45','2024-02-22 17:05:34','jade'),(28,'2021-05-05',7,'',10.00,0.00,'',0.00,'',3,500000.00,'2024-02-24','',9,'D',NULL,0,'Y','N',NULL,'N','2024-07-12 16:30:25','2021-05-05 20:37:49','2024-07-12 16:30:25','jade'),(29,'2021-05-05',3,'',230.00,0.00,'EA',0.00,'EA',7,300000.00,'','없음',12,'D',0,0,'N','N',NULL,'Y',NULL,'2021-05-05 20:37:49','2021-05-11 14:17:48','jade'),(30,'2021-05-26',2,'',8.00,0.00,'',0.00,'',3,3200.00,'','없음',4,'D',0,0,'Y','N',NULL,'Y',NULL,'2021-05-07 17:52:15','2021-05-07 17:52:15','jade'),(31,'2021-04-03',1,'',6.00,0.00,'',0.00,'',3,600000.00,'','없음',2,'D',0,0,'Y','N',NULL,'Y',NULL,'2021-05-07 17:53:55','2021-05-07 17:53:55','jade'),(32,'2021-05-07',6,'',4.00,0.00,'',0.00,'',13,3200.00,'','없음',4,'D',0,0,'Y','N',NULL,'Y',NULL,'2021-05-07 18:13:30','2021-05-07 18:13:30','jade'),(33,'2021-05-07',6,'',-6.00,0.00,'',0.00,'',11,3200.00,'','없음',4,'D',0,0,'Y','N',NULL,'Y',NULL,'2021-05-07 18:14:55','2021-05-07 18:14:55','jade'),(34,'2021-05-07',4,'',-6.00,0.00,'',0.00,'',11,100000.00,'','없음',4,'D',0,0,'N','N',NULL,'Y',NULL,'2021-05-07 18:16:46','2021-05-11 14:21:18','jade'),(35,'2021-04-15',7,'',-8.00,0.00,'',0.00,'',4,100000.00,'','없음',5,'D',0,0,'Y','N',NULL,'Y',NULL,'2021-05-07 18:19:54','2021-05-07 18:19:54','jade'),(36,'2021-05-07',2,'',-7.00,0.00,'',0.00,'',12,100000.00,'','없음',3,'D',0,0,'Y','N',NULL,'Y',NULL,'2021-05-07 18:20:50','2021-05-07 18:20:50','jade'),(37,'2021-05-10',2,'',-192.00,0.00,'',0.00,'',2,10000.00,'','테스트 샘플',3,'D',0,0,'Y','N',NULL,'Y',NULL,'2021-05-10 16:12:04','2021-05-10 16:12:04','jade'),(38,'2021-05-10',7,'',-12.00,0.00,'',0.00,'',3,30000.00,'','테스트 샘플',4,'D',0,0,'Y','N',NULL,'Y',NULL,'2021-05-12 15:34:40','2021-05-12 15:34:40','jade'),(39,'2021-05-10',8,'',-200.00,0.00,'',0.00,'',7,70000.00,'','테스트 샘플',8,'D',0,0,'Y','N',NULL,'Y',NULL,'2021-05-12 16:01:46','2021-05-12 16:01:46','jade'),(40,'2021-05-10',1,'',-192.00,0.00,'',0.00,'',2,10000.00,'','테스트 샘플',2,'D',0,0,'Y','N',NULL,'Y',NULL,'2021-05-13 13:47:37','2021-05-13 13:47:37','jade'),(41,'2021-05-10',1,'',-192.00,0.00,'',0.00,'',2,10000.00,'','테스트 샘플',2,'D',0,0,'Y','N',NULL,'Y',NULL,'2021-05-13 13:57:17','2021-05-13 13:57:17','jade'),(42,'2021-05-10',1,'',-192.00,0.00,'',0.00,'',2,10000.00,'','테스트 샘플',2,'D',0,0,'Y','N',NULL,'Y',NULL,'2021-05-13 14:15:25','2021-05-13 14:15:25','jade'),(43,'2021-05-10',1,'',-192.00,0.00,'',0.00,'',2,10000.00,'','테스트 샘플',2,'D',0,0,'Y','N',NULL,'Y',NULL,'2021-06-09 11:19:57','2021-06-09 11:19:57','jade'),(44,'2019-06-11',11,'',-4.00,0.00,'',0.00,'',4,4000000.00,'','없음',9,'D',0,0,'Y','N',NULL,'Y',NULL,'2021-06-09 13:56:57','2021-06-09 13:56:57','jade'),(45,'2021-06-01',11,'',4.00,0.00,'',0.00,'',11,3000000.00,'','없음',4,'D',0,0,'Y','N',NULL,'Y',NULL,'2021-06-09 13:57:47','2021-06-09 13:57:47','jade'),(46,'2021-06-01',12,'',10.00,1.00,'EA',1.00,'EA',7,1200000.00,'2024-07-31','없음',5,'D',0,0,'Y','N',NULL,'N','2024-07-31 15:40:04','2021-06-09 13:58:13','2024-07-31 15:40:04','jade'),(47,'2021-06-09',10,'',100.00,0.00,'',0.00,'',10,6000000.00,'','없음',6,'D',0,0,'Y','N',NULL,'Y',NULL,'2021-06-09 13:58:41','2021-06-09 13:58:41','jade'),(48,'2021-08-06',13,'',20.00,0.00,'',0.00,'',12,1000.00,'','',9,'D',0,0,'Y','N',NULL,'Y',NULL,'2021-08-06 16:24:27','2021-08-12 16:01:18','jade'),(49,'2021-08-06',13,'',-10.00,0.00,'',0.00,'',15,500.00,'','없음',12,'D',0,0,'Y','N',NULL,'Y',NULL,'2021-08-06 16:29:04','2021-08-06 16:29:04','jade'),(50,'2021-05-10',1,'',192.00,0.00,'',0.00,'',2,10000.00,'','테스트 샘플',2,'D',0,0,'Y','N',NULL,'Y',NULL,'2021-08-06 16:52:03','2021-08-06 16:52:03','jade'),(51,'2021-05-10',2,'',168.00,0.00,'',0.00,'',1,20000.00,'','테스트 샘플',3,'D',0,0,'Y','N',NULL,'Y',NULL,'2021-08-06 16:52:03','2021-08-06 16:52:03','jade'),(52,'2021-05-10',3,'',12.00,0.00,'EA',0.00,'EA',3,30000.00,'','테스트 샘플',4,'D',0,0,'Y','N',NULL,'Y',NULL,'2021-08-06 16:52:03','2021-08-06 16:52:03','jade'),(53,'2021-05-10',4,'',120.00,0.00,'',0.00,'',4,40000.00,'','테스트 샘플',5,'D',0,0,'Y','N',NULL,'Y',NULL,'2021-08-06 16:52:03','2021-08-06 16:52:03','jade'),(54,'2021-05-10',5,'',19.00,0.00,'',0.00,'',5,500000.00,'','테스트 샘플',6,'D',0,0,'Y','N',NULL,'Y',NULL,'2021-08-06 16:52:03','2021-08-06 16:52:03','jade'),(55,'2021-05-10',6,'',300.00,0.00,'',0.00,'',6,60000.00,'','테스트 샘플',7,'D',0,0,'Y','N',NULL,'Y',NULL,'2021-08-06 16:54:58','2021-08-06 16:54:58','jade'),(56,'2021-05-10',7,'',5000.00,0.00,'',0.00,'',12,90000.00,'2024-02-22','테스트 샘플',10,'D',NULL,0,'Y','N',NULL,'N','2024-07-12 16:30:25','2021-08-06 16:54:59','2024-07-12 16:30:25','jade'),(58,'2021-08-12',13,'',-30.00,0.00,'',0.00,'',15,5000.00,'','메모입니다.....',7,'D',0,0,'Y','N',NULL,'Y',NULL,'2021-08-12 15:38:53','2021-08-12 15:38:53','jade'),(59,'2021-08-12',13,'',-3.00,0.00,'',0.00,'',15,500.00,'','',8,'D',0,0,'Y','N',NULL,'Y',NULL,'2021-08-12 15:41:17','2021-08-12 16:01:34','jade'),(60,'2021-08-17',2,'',-11.00,0.00,'',0.00,'',7,0.00,'','',12,'D',0,0,'Y','N',NULL,'Y',NULL,'2021-08-17 14:32:09','2021-08-17 14:32:09','jade'),(61,'2021-08-17',2,'',20.00,0.00,'',0.00,'',7,0.00,'','',12,'D',0,0,'Y','N',NULL,'Y',NULL,'2021-08-17 14:38:34','2021-08-17 14:38:34','jade'),(62,'2021-08-17',2,'',-10.00,0.00,'',0.00,'',7,1000.00,'','',12,'D',0,0,'Y','N',NULL,'Y',NULL,'2021-08-17 14:39:13','2021-08-17 14:39:13','jade'),(63,'2021-08-18',2,'',10.00,0.00,'',0.00,'',7,0.00,'','',3,'D',0,0,'Y','N',NULL,'Y',NULL,'2021-08-18 10:59:48','2021-08-18 10:59:48','jade'),(64,'2021-08-18',2,'',-10.00,0.00,'',0.00,'',7,0.00,'','',3,'D',0,0,'Y','N',NULL,'Y',NULL,'2021-08-18 11:01:40','2021-08-18 11:01:40','jade'),(65,'2021-08-18',1,'',11.00,0.00,'',0.00,'',7,1000.00,'','',3,'D',0,0,'Y','N',NULL,'Y',NULL,'2021-08-18 11:10:04','2023-07-13 11:16:07','jade'),(66,'2023-07-11',1,'',10.00,0.00,'',0.00,'',0,1000.00,'','',0,'D',0,0,'N','N',NULL,'Y',NULL,'2023-07-11 14:23:27','2023-07-11 14:24:45','jade'),(67,'2023-07-11',13,'',1.00,1.00,'EA',1.00,'EA',8,1000.00,'2024-07-31','',11,'D',0,0,'Y','N',NULL,'N','2024-07-31 15:40:04','2023-07-11 14:32:05','2024-07-31 15:40:04','jade'),(68,'2023-07-11',6,'',1.00,1.00,'EA',1.00,'EA',7,1000.00,'2024-07-31','',11,'D',0,0,'Y','N',NULL,'N','2024-07-31 15:40:04','2023-07-11 14:32:05','2024-07-31 15:40:04','jade'),(69,'2023-07-11',6,'',14.00,1.00,'EA',1.00,'EA',7,1000.00,'2024-07-31','',11,'D',0,0,'Y','N',NULL,'N','2024-07-31 15:40:04','2023-07-11 14:32:31','2024-07-31 15:40:04','jade'),(70,'2023-07-11',13,'',1.00,1.00,'EA',1.00,'EA',8,1000.00,'2024-07-31','',11,'D',0,0,'Y','N',NULL,'N','2024-07-31 15:40:04','2023-07-11 14:32:31','2024-07-31 15:40:04','jade'),(71,'2023-07-11',13,'',18.00,1.00,'EA',1.00,'EA',8,1000.00,'2024-07-31','',11,'D',0,0,'Y','N',NULL,'N','2024-07-31 15:40:04','2023-07-11 14:33:31','2024-07-31 15:40:04','jade'),(72,'2023-07-11',6,'',14.00,1.00,'EA',1.00,'EA',6,2000.00,'2024-07-31','',11,'D',0,0,'Y','N',NULL,'Y',NULL,'2023-07-11 14:33:31','2024-07-22 13:23:13','jade'),(73,'2023-07-11',13,'',-1.00,0.00,'',0.00,'',15,10000.00,'','',11,'D',0,0,'Y','N',NULL,'Y',NULL,'2023-07-11 14:34:05','2023-07-11 14:36:21','jade'),(74,'2023-07-11',6,'',-12.00,0.00,'',0.00,'',4,15000.00,'','',11,'D',0,0,'Y','N',NULL,'Y',NULL,'2023-07-11 14:34:05','2023-07-11 14:34:05','jade'),(75,'2023-07-11',6,'',-10.00,0.00,'',0.00,'',4,100000.00,'','',11,'D',0,0,'Y','N',NULL,'Y',NULL,'2023-07-11 14:36:55','2023-07-11 14:36:55','jade'),(76,'2023-07-11',13,'',1.00,1.00,'EA',1.00,'EA',8,10000.00,'2024-07-31','',11,'D',0,0,'Y','N',NULL,'N','2024-07-31 15:40:04','2023-07-11 14:38:25','2024-07-31 15:40:04','jade'),(77,'2023-07-13',19,'',10.00,0.00,'',0.00,'',1,1000.00,'','',1,'D',0,0,'Y','N',NULL,'Y',NULL,'2023-07-13 10:46:10','2023-07-13 10:47:52','jade'),(78,'2023-07-13',1,'',10.00,0.00,'',0.00,'',7,0.00,'','',0,'D',0,0,'Y','N',NULL,'Y',NULL,'2023-07-13 13:11:09','2023-07-13 13:11:09','jade'),(79,'2023-07-13',1,'',10.00,0.00,'',0.00,'',7,0.00,'','',0,'D',0,0,'Y','N',NULL,'Y',NULL,'2023-07-13 13:14:19','2023-07-13 13:14:19','jade'),(80,'2023-07-13',1,'',10.00,0.00,'',0.00,'',7,0.00,'','',1,'D',0,0,'Y','N',NULL,'Y',NULL,'2023-07-13 13:48:28','2023-07-13 13:48:28','jade'),(81,'2023-07-13',1,'',10.00,0.00,'',0.00,'',7,500.00,'','',4,'D',0,0,'Y','N',NULL,'Y',NULL,'2023-07-13 13:49:12','2023-07-13 13:49:12','jade'),(82,'2023-07-13',1,'',10.00,0.00,'',0.00,'',7,0.00,'','',4,'D',0,0,'Y','N',NULL,'Y',NULL,'2023-07-13 13:53:27','2023-07-13 13:53:27','jade'),(83,'2023-07-13',1,'',10.00,0.00,'',0.00,'',7,0.00,'','',4,'D',0,0,'Y','N',NULL,'Y',NULL,'2023-07-13 13:54:08','2023-07-13 13:54:08','jade'),(84,'2023-07-10',1,'',10.00,0.00,'',0.00,'',7,0.00,'','',0,'D',0,0,'Y','N',NULL,'Y',NULL,'2023-07-13 14:48:52','2023-07-13 14:48:52','jade'),(85,'2023-07-08',1,'',10.00,0.00,'',0.00,'',2,0.00,'','',1,'D',0,0,'Y','N',NULL,'Y',NULL,'2023-07-13 14:49:25','2023-07-13 14:49:25','jade'),(86,'2023-07-13',1,'',100.00,0.00,'',0.00,'',2,10000.00,'','테스트 샘플',2,'D',0,0,'Y','N',NULL,'Y',NULL,'2023-07-13 15:07:58','2023-07-13 15:07:58','jade'),(87,'2023-07-13',1,'',-100.00,0.00,'',0.00,'',2,10000.00,'','테스트 샘플',2,'D',0,0,'Y','N',NULL,'Y',NULL,'2023-07-13 15:08:13','2023-07-13 15:08:13','jade'),(88,'2023-07-13',1,'',100.00,0.00,'',0.00,'',2,10000.00,'','테스트 샘플',2,'D',0,0,'Y','N',NULL,'Y',NULL,'2023-07-13 15:08:58','2023-07-13 15:08:58','jade'),(89,'2023-07-14',4,'',-2.00,0.00,'',0.00,'',2,0.00,'','',0,'D',0,0,'Y','N',NULL,'Y',NULL,'2023-07-14 10:29:17','2023-07-14 10:29:17','jade'),(90,'2023-09-27',14,'',2.00,0.00,'',0.00,'',1,123.00,'','',1,'D',0,0,'Y','N',NULL,'Y',NULL,'2023-09-27 14:56:41','2023-09-27 14:56:41','jade'),(91,'2023-11-14',13,'',11.00,1.00,'EA',1.00,'EA',5,10000.00,'2026-04-15','테스트 샘플',2,'D',0,0,'Y','N','2024-05-27 13:22:49','Y',NULL,'2023-12-27 12:55:43','2024-07-22 13:32:03','jade'),(92,'2023-11-14',13,'',-12.00,0.00,'',0.00,'',2,10000.00,'','테스트 샘플',2,'D',0,0,'Y','N',NULL,'Y',NULL,'2023-12-27 12:56:32','2023-12-27 12:56:32','jade'),(93,'2023-12-27',25,'',1.00,0.00,'',0.00,'',2,1000.00,'','',1,'D',0,0,'Y','N',NULL,'Y',NULL,'2023-12-27 12:59:05','2023-12-27 12:59:05','jade'),(94,'2023-12-27',28,'',2.00,0.00,'',0.00,'',2,222.00,'','',2,'D',0,0,'Y','N',NULL,'Y',NULL,'2023-12-27 17:08:11','2023-12-27 17:14:26','eric'),(95,'2024-01-02',7,'',-1000.00,0.00,'',0.00,'',12,25.00,'2024-02-24','',11,'D',0,0,'Y','N',NULL,'Y',NULL,'2024-01-02 16:07:11','2024-02-19 16:55:39','jade'),(96,'2024-01-02',14,'',-1.00,0.00,'',0.00,'',12,25.00,'','',11,'D',0,0,'Y','N',NULL,'Y',NULL,'2024-01-02 16:07:11','2024-01-02 16:07:11','jade'),(97,'2024-01-02',4,'',-110.00,0.00,'',0.00,'',12,25.00,'','',11,'D',0,0,'Y','N',NULL,'Y',NULL,'2024-01-02 16:07:11','2024-01-02 16:07:11','jade'),(98,'2024-02-19',7,'',10.00,0.00,'',0.00,'',3,100.00,'2024-02-20','',11,'D',0,0,'Y','N',NULL,'N','2024-07-12 16:30:25','2024-02-19 16:51:12','2024-07-12 16:30:25','jade'),(99,'2024-02-19',7,'',-10.00,0.00,'',0.00,'',3,10.00,'2024-02-23','',11,'D',0,0,'Y','N',NULL,'Y',NULL,'2024-02-19 17:10:14','2024-02-19 17:10:14','jade'),(100,'2024-02-29',28,'',300.00,0.00,'',0.00,'',5,30000.00,'2024-04-30','',2,'D',0,0,'Y','N',NULL,'N','2024-07-12 16:30:25','2024-02-29 15:15:55','2024-07-12 16:30:25','jade'),(101,'2024-03-02',29,'',200.00,0.00,'',0.00,'',7,30000.00,'2024-04-30','',6,'D',0,0,'Y','N',NULL,'N','2024-07-12 16:30:25','2024-03-02 19:49:53','2024-07-12 16:30:25','jade'),(102,'2024-03-02',4,'',20.00,0.00,'',0.00,'',7,30000.00,'','',7,'D',0,0,'Y','N',NULL,'Y',NULL,'2024-03-02 19:51:28','2024-03-02 19:51:28','jade'),(103,'2024-03-02',29,'',10.00,3.00,'g',3.00,'g',7,31000.00,'2024-07-19','',7,'D',0,0,'Y','N',NULL,'N','2024-07-19 15:40:04','2024-03-02 19:51:28','2024-07-19 15:40:04','jade'),(104,'2024-03-02',28,'',8.00,0.00,'',0.00,'',7,5000.00,'','',7,'D',0,0,'Y','N',NULL,'Y',NULL,'2024-03-02 19:51:28','2024-03-02 19:51:28','jade'),(105,'2024-03-06',6,'',-25.00,0.00,'',0.00,'',4,1000.00,'2024-03-06','',11,'M',72,0,'Y','N',NULL,'Y',NULL,'2024-03-06 11:19:49','2024-03-06 11:19:49','jade'),(106,'2024-03-06',6,'',25.00,0.00,'',0.00,'',8,1000.00,'2024-03-06','',11,'M',105,0,'Y','N',NULL,'N','2024-07-12 16:30:25','2024-03-06 11:19:49','2024-07-12 16:30:25','jade'),(107,'2024-04-17',27,'',200.00,0.00,'',0.00,'',7,250000.00,'2025-06-30','',7,'D',27,0,'Y','N',NULL,'Y',NULL,'2024-04-17 13:49:55','2024-06-17 16:21:44','jade'),(108,'2024-04-10',31,'',50.00,0.00,'',0.00,'',7,21500.00,'2026-04-15','',7,'D',31,0,'Y','N',NULL,'Y',NULL,'2024-04-17 13:54:22','2024-04-18 16:14:25','jade'),(109,'2024-04-17',31,'',50.00,0.00,'',0.00,'',7,21200.00,'','',7,'D',0,0,'Y','N',NULL,'Y',NULL,'2024-04-17 14:08:20','2024-04-17 14:08:20','jade'),(110,'2024-07-16',30,'',105.00,1.00,'EA',1.00,'Ea',8,325000.00,'2024-05-09','',7,'D',0,0,'Y','N','2024-07-17 17:20:02','N','2024-07-12 16:30:25','2024-04-17 14:08:20','2024-07-17 17:20:02','cores'),(111,'2024-04-17',6,'',10.00,0.00,'',0.00,'',7,780000.00,'','',7,'D',0,0,'Y','N',NULL,'Y',NULL,'2024-04-17 14:08:20','2024-04-17 14:08:20','jade'),(112,'2024-04-18',33,'',51.00,1.00,'EA',1.00,'EA',7,35000.00,'2026-04-15','',7,'D',0,0,'Y','N','2024-05-24 12:26:42','Y',NULL,'2024-04-18 10:30:35','2024-07-22 13:20:44','jade'),(113,'2024-04-18',33,'',-5.00,0.00,'',0.00,'',2,35000.00,'2024-05-16','',7,'D',0,0,'Y','N',NULL,'Y',NULL,'2024-04-18 10:35:00','2024-05-23 15:33:35','jade'),(114,'2024-04-18',31,'',30.00,0.00,'',0.00,'',7,21080.00,'2024-06-21','',7,'D',0,0,'Y','N',NULL,'N','2024-07-12 16:30:25','2024-04-18 10:35:00','2024-07-12 16:30:25','jade'),(115,'2024-07-15',6,'',50.00,1.00,'EA',1.00,'EA',7,650000.00,'2024-06-28','',7,'D',0,0,'Y','N','2024-07-17 17:20:10','N','2024-07-12 16:30:25','2024-04-18 10:35:00','2024-07-22 13:26:55','jade'),(116,'2024-04-18',31,'',-2.00,0.00,'',0.00,'',7,23000.00,'2024-04-18','',1,'D',109,0,'Y','N',NULL,'Y',NULL,'2024-04-18 16:16:15','2024-04-18 16:16:15','jade'),(117,'2024-04-19',33,'O240302-00001',-10.00,0.00,'',0.00,'',2,40000.00,'2026-04-15','',7,'D',33,0,'Y','N',NULL,'Y',NULL,'2024-04-19 13:03:00','2024-05-16 10:34:12','jade'),(118,'2024-05-09',6,'',-1.00,0.00,'',0.00,'',7,50.00,'2024-05-17','',7,'D',0,0,'Y','N',NULL,'Y',NULL,'2024-04-19 13:03:00','2024-05-09 14:29:58','jade'),(119,'2024-05-09',35,'',300.00,0.00,'',0.00,'',8,500.18,'2024-06-21','',3,'D',35,0,'Y','N','2024-05-27 13:46:39','N','2024-07-12 16:30:25','2024-05-09 14:30:55','2024-07-12 16:30:25','jade'),(120,'2024-05-16',33,'',-15.00,0.00,'',0.00,'',2,35000.00,'2024-05-16','',5,'D',112,0,'Y','N',NULL,'Y',NULL,'2024-05-16 11:13:21','2024-05-16 11:13:21','jade'),(121,'2024-05-16',33,'',-2.50,0.00,'',0.00,'',2,160000.33,'2024-05-16','',5,'D',33,0,'Y','N',NULL,'Y',NULL,'2024-05-16 11:27:04','2024-05-16 13:20:23','jade'),(122,'2023-11-14',13,'',2.00,0.00,'',0.00,'',12,90000.00,'','테스트 샘플',10,'D',0,0,'Y','N',NULL,'Y',NULL,'2024-05-27 10:11:45','2024-05-27 10:11:45','jade'),(123,'2023-11-14',13,'',3.00,0.00,'',0.00,'',12,90000.00,'','테스트 샘플',10,'D',0,0,'Y','N',NULL,'Y',NULL,'2024-05-27 10:12:13','2024-05-27 10:12:13','jade'),(124,'2023-11-14',13,'',-4.00,0.00,'',0.00,'',12,90000.00,'','테스트 샘플',10,'D',0,0,'Y','N',NULL,'Y',NULL,'2024-05-27 10:12:58','2024-05-27 10:12:58','jade'),(125,'2023-11-14',13,'',-5.00,0.00,'',0.00,'',12,90000.00,'2024-06-03','테스트 샘플',10,'D',0,NULL,'Y','N',NULL,'Y',NULL,'2024-05-27 10:13:20','2024-06-03 17:04:54','jade'),(126,'2024-05-27',13,'',10.00,0.00,'',0.00,'',7,1000.00,'2024-05-27','',1,'D',0,0,'Y','N','2024-05-27 13:46:49','N','2024-07-12 16:30:25','2024-05-27 11:26:54','2024-07-12 16:30:25','jade'),(127,'2024-05-27',13,'',10.00,0.00,'',0.00,'',5,1000.00,'2024-05-27','',1,'D',0,0,'Y','N',NULL,'N','2024-07-12 16:30:25','2024-05-27 13:48:21','2024-07-12 16:30:25','jade'),(128,'2024-05-27',33,'',10.00,0.00,'',0.00,'',17,1000.00,'2024-05-27','',2,'D',0,0,'Y','N',NULL,'N','2024-07-12 16:30:25','2024-05-27 13:48:34','2024-07-12 16:30:25','jade'),(129,'2023-11-14',13,'',11.00,0.00,'',0.00,'',12,90000.00,'','테스트 샘플',10,'D',0,0,'Y','N',NULL,'Y',NULL,'2024-05-27 16:04:46','2024-05-27 16:04:46','jade'),(130,'2023-11-14',13,'',5000.00,0.00,'',0.00,'',12,90000.00,'','테스트 샘플',10,'D',0,0,'Y','N',NULL,'Y',NULL,'2024-05-27 16:06:43','2024-05-27 16:06:43','jade'),(131,'2023-11-14',13,'',1.00,0.00,'',0.00,'',12,90000.00,'','테스트 샘플',10,'D',0,0,'Y','N',NULL,'Y',NULL,'2024-05-27 16:17:02','2024-05-27 16:17:02','jade'),(132,'2023-11-14',13,'',1.00,0.00,'',0.00,'',12,90000.00,'','테스트 샘플',10,'D',0,0,'Y','N',NULL,'Y',NULL,'2024-05-27 16:17:11','2024-05-27 16:17:11','jade'),(133,'2024-05-29',36,'',19.00,0.00,'',0.00,'',1,200.00,'2024-07-29','',1,'D',0,10,'Y','N',NULL,'N','2024-07-29 15:40:04','2024-06-04 10:42:43','2024-07-29 15:40:04','jade'),(134,'2024-05-29',13,'',10.00,1.00,'EA',1.00,'EA',6,10.00,'2024-07-29','',1,'D',0,0,'Y','N',NULL,'N','2024-07-29 15:40:04','2024-06-04 10:58:53','2024-07-29 15:40:04','jade'),(135,'2024-05-29',33,'',10.00,1.00,'EA',1.00,'EA',29,100.00,'2024-07-29','',1,'D',0,0,'Y','N',NULL,'N','2024-07-29 15:40:04','2024-06-04 11:03:07','2024-07-29 15:40:04','jade'),(136,'2024-05-29',12,'',1000.00,0.00,'',0.00,'',14,100.00,'2024-07-29','',1,'D',0,14,'Y','N',NULL,'N','2024-07-29 15:40:04','2024-06-04 11:10:30','2024-07-29 15:40:04','jade'),(137,'2024-05-28',12,'',10.00,1.00,'EA',1.00,'EA',10,200.00,'2024-07-28','',2,'D',0,0,'Y','N',NULL,'N','2024-07-28 15:40:04','2024-06-04 11:12:48','2024-07-28 15:40:04','jade'),(138,'2024-07-01',12,'',200.00,2.00,'EA',2.00,'EA',29,100.00,'2024-07-31','',1,'D',12,16,'Y','N','2024-07-05 16:17:24','N','2024-07-31 15:40:04','2024-06-04 11:24:55','2024-07-31 15:40:04','jade'),(139,'2024-06-30',12,'',10.00,1.00,'EA',1.00,'EA',5,100.00,'2024-08-04','',6,'D',0,0,'Y','N','2024-07-05 16:16:44','N','2024-08-04 15:40:04','2024-06-04 13:31:32','2024-08-04 15:40:04','jade'),(140,'2024-06-04',13,'',20.00,1.00,'EA',1.00,'EA',6,200.00,'2024-08-04','',6,'D',0,0,'Y','N',NULL,'N','2024-08-04 15:40:04','2024-06-04 13:31:41','2024-08-04 15:40:04','jade'),(141,'2024-06-04',33,'',10.00,1.00,'EA',1.00,'EA',28,10.00,'2024-08-04','',6,'D',0,0,'Y','N',NULL,'N','2024-08-04 15:40:04','2024-06-04 14:00:53','2024-08-04 15:40:04','jade'),(142,'2024-07-16',30,'',10.00,1.00,'EA',1.00,'Ea',29,100.00,'2024-08-04','',6,'D',0,0,'Y','N','2024-09-13 15:09:52','N','2024-08-04 15:40:04','2024-06-04 14:01:01','2024-09-01 02:44:48','jade'),(143,'2024-06-28',13,'',10.00,1.00,'EA',1.00,'EA',28,50.00,'2024-09-12','',5,'D',0,21,'Y','N','2024-09-13 16:15:40','Y',NULL,'2024-06-04 14:04:08','2024-09-13 15:22:24','jade'),(144,'2024-06-30',12,'',10.00,1.00,'EA',1.00,'EA',6,50.00,'2024-08-28','',5,'D',0,22,'Y','N','2024-07-05 16:16:44','Y',NULL,'2024-06-04 14:04:17','2024-07-22 13:35:01','jade'),(145,'2024-06-04',12,'',10.00,1.00,'EA',1.00,'EA',17,500.00,'2024-08-04','',3,'D',0,0,'Y','N',NULL,'N','2024-08-04 15:40:04','2024-06-04 14:05:57','2024-08-04 15:40:04','jade'),(146,'2024-06-04',13,'',10.00,1.00,'EA',1.00,'EA',5,110.00,'2024-08-04','',3,'D',0,0,'Y','N',NULL,'N','2024-08-04 15:40:04','2024-06-04 14:09:09','2024-08-04 15:40:04','jade'),(147,'2024-06-04',35,'',10.00,1.00,'EA',1.00,'EA',9,10.00,'2024-08-04','',1,'D',0,0,'Y','N',NULL,'N','2024-08-04 15:40:04','2024-06-04 15:01:28','2024-08-04 15:40:04','jade'),(148,'2024-06-04',13,'',0.00,0.00,'',0.00,'EA',0,0.00,'2024-08-04','',1,'D',0,26,'N','N',NULL,'Y',NULL,'2024-06-04 15:01:37','2024-07-22 13:29:53','jade'),(149,'2024-06-04',13,'',1234.00,1.00,'EA',1.00,'EA',13,100.00,'2024-08-04','',1,'D',0,0,'Y','N',NULL,'N','2024-08-04 15:40:04','2024-06-04 15:04:08','2024-08-04 15:40:04','jade'),(150,'2024-06-04',33,'',1234.00,1.00,'EA',1.00,'EA',28,100.00,'2024-08-04','',1,'D',0,0,'Y','N',NULL,'N','2024-08-04 15:40:04','2024-06-04 15:12:00','2024-08-04 15:40:04','jade'),(151,'2024-06-04',12,'',0.00,0.00,'',0.00,'',0,0.00,'2024-08-04','',6,'D',0,29,'Y','N',NULL,'Y',NULL,'2024-06-04 15:14:39','2024-06-04 15:14:54','jade'),(152,'2024-06-04',12,'',0.00,0.00,'',0.00,'',0,0.00,'2024-08-04','',6,'D',0,30,'Y','N',NULL,'Y',NULL,'2024-06-04 15:15:05','2024-06-04 15:15:13','jade'),(153,'2024-06-04',12,'',10.00,1.00,'EA',1.00,'EA',26,1234.00,'2024-08-04','',6,'D',0,31,'Y','N',NULL,'N','2024-08-04 15:40:04','2024-06-04 15:40:57','2024-08-04 15:40:04','jade'),(154,'2024-06-04',12,'',10.00,1.00,'EA',1.00,'EA',26,120.00,'2024-08-04','',6,'D',0,0,'Y','N',NULL,'N','2024-08-04 15:40:04','2024-06-04 15:41:59','2024-08-04 15:40:04','jade'),(155,'2024-06-04',13,'',10.00,1.00,'EA',1.00,'EA',14,120.00,'2024-08-04','',6,'D',0,0,'Y','N',NULL,'N','2024-08-04 15:40:04','2024-06-04 15:49:10','2024-08-04 15:40:04','jade'),(156,'2024-06-04',13,'',12.00,1.00,'EA',1.00,'EA',14,12.00,'2024-08-04','',9,'D',0,35,'Y','N',NULL,'N','2024-08-04 15:40:04','2024-06-04 16:00:36','2024-08-04 15:40:04','jade'),(157,'2024-06-04',12,'',12.00,1.00,'EA',1.00,'EA',26,12.00,'2024-08-04','',9,'D',0,36,'Y','N',NULL,'N','2024-08-04 15:40:04','2024-06-04 16:05:27','2024-08-04 15:40:04','jade'),(158,'2024-06-04',8,'',0.00,0.00,'',0.00,'',0,0.00,'2024-08-04','',1,'D',0,37,'Y','N',NULL,'Y',NULL,'2024-06-04 16:13:51','2024-06-04 16:14:46','jade'),(159,'2024-06-04',33,'',100.00,0.00,'',0.00,'',1,10.00,'2024-08-04','',1,'D',0,38,'N','N',NULL,'Y',NULL,'2024-06-04 16:14:53','2024-06-04 16:15:13','jade'),(160,'2024-06-04',35,'',10.00,1.00,'EA',1.00,'EA',10,110.00,'2024-08-04','',9,'D',0,39,'Y','N',NULL,'N','2024-08-04 15:40:04','2024-06-04 18:16:40','2024-08-04 15:40:04','jade'),(161,'2024-05-29',36,'',18.00,0.00,'',0.00,'',0,100.00,'2024-07-29','',1,'D',0,40,'Y','N',NULL,'N','2024-07-29 15:40:04','2024-06-05 13:28:50','2024-07-29 15:40:04','jade'),(162,'2024-06-11',13,'',10.00,1.00,'EA',1.00,'EA',29,1000.00,'2024-08-11','',9,'D',0,41,'Y','N',NULL,'N','2024-08-11 15:40:04','2024-06-11 11:23:52','2024-08-11 15:40:04','jade'),(163,'2024-06-11',36,'',150.00,0.00,'',0.00,'',0,1500.00,'2024-08-11','',9,'D',0,42,'Y','N','2024-07-02 17:49:44','N','2024-08-11 15:40:04','2024-06-11 11:24:11','2024-08-11 15:40:04','jade'),(164,'2024-06-11',13,'',10.00,1.00,'EA',1.00,'EA',28,100.00,'2024-08-11','',9,'D',0,43,'Y','N',NULL,'N','2024-08-11 15:40:04','2024-06-11 13:33:03','2024-08-11 15:40:04','jade'),(165,'2023-11-14',13,'',-4.00,0.00,'',0.00,'',12,90000.00,'2024-06-17','테스트 샘플',10,'M',13,0,'Y','N',NULL,'Y',NULL,'2024-06-17 12:36:51','2024-06-17 12:36:51','jade'),(166,'2023-11-14',13,'',4.00,1.00,'EA',1.00,'EA',7,90000.00,'2024-06-17','테스트 샘플',10,'D',0,0,'Y','N',NULL,'N','2024-07-12 16:30:25','2024-06-17 12:36:51','2024-07-22 13:30:54','jade'),(167,'2023-11-14',13,'',-5.00,0.00,'',0.00,'',12,90000.00,'2024-06-03','테스트 샘플',10,'M',13,0,'Y','N',NULL,'Y',NULL,'2024-06-17 12:37:12','2024-06-17 12:37:12','jade'),(168,'2023-11-14',13,'',5.00,1.00,'EA',1.00,'EA',7,90000.00,'2024-06-03','테스트 샘플',10,'D',0,0,'Y','N',NULL,'N','2024-07-12 16:30:25','2024-06-17 12:37:12','2024-07-22 13:31:29','jade'),(169,'2023-11-14',13,'',-5.00,0.00,'',0.00,'',12,90000.00,'2024-06-03','테스트 샘플',10,'M',13,0,'Y','N',NULL,'Y',NULL,'2024-06-17 12:37:58','2024-06-17 12:37:58','jade'),(170,'2023-11-14',13,'',5.00,1.00,'EA',1.00,'EA',7,90000.00,'2024-06-03','테스트 샘플',10,'D',0,0,'Y','N',NULL,'N','2024-07-12 16:30:25','2024-06-17 12:37:58','2024-07-22 13:31:41','jade'),(171,'2024-04-17',27,'',-200.00,0.00,'',0.00,'',7,250000.00,'2025-06-30','',7,'M',27,0,'Y','N',NULL,'Y',NULL,'2024-06-17 12:48:45','2024-06-17 12:48:45','jade'),(172,'2024-04-17',27,'',200.00,0.00,'',0.00,'',2,250000.00,'2025-06-30','',7,'M',171,0,'Y','N',NULL,'Y',NULL,'2024-06-17 12:48:45','2024-06-17 12:48:45','jade'),(173,'2024-04-17',27,'',200.00,0.00,'',0.00,'',7,250000.00,'2025-06-30','',7,'M',27,0,'Y','N',NULL,'Y',NULL,'2024-06-17 15:53:05','2024-06-17 15:53:05','jade'),(174,'2024-04-17',27,'',-200.00,0.00,'',0.00,'',0,250000.00,'2025-06-30','',7,'M',173,0,'Y','N',NULL,'Y',NULL,'2024-06-17 15:53:05','2024-06-17 15:53:05','jade'),(175,'2024-04-17',27,'',200.00,0.00,'',0.00,'',7,250000.00,'2025-06-30','',7,'D',27,0,'Y','N',NULL,'Y',NULL,'2024-06-17 15:56:05','2024-06-17 16:21:48','jade'),(176,'2024-04-17',27,'',-200.00,0.00,'',0.00,'',0,250000.00,'2025-06-30','',7,'M',175,0,'Y','N',NULL,'Y',NULL,'2024-06-17 15:56:05','2024-06-17 15:56:05','jade'),(177,'2024-07-16',6,'',1.00,1.00,'EA',1.00,'EA',26,122.00,'2024-07-03','',1,'D',0,0,'Y','N','2024-07-17 17:20:15','N','2024-07-12 16:30:25','2024-07-03 13:30:49','2024-07-17 17:20:15','cores'),(178,'2024-07-10',29,'',1.00,2.00,'Kg',2000.00,'g',2,100.00,'2024-07-10','',1,'D',29,0,'Y','N',NULL,'N','2024-07-12 16:30:25','2024-07-10 17:04:20','2024-07-12 16:30:25','jade'),(179,'2024-07-11',29,'',-1.00,1.00,'Ton',1000000.00,'g',7,1000.00,'2024-07-11','',1,'D',29,0,'Y','N',NULL,'Y',NULL,'2024-07-11 16:02:42','2024-07-11 16:11:46','jade'),(180,'2024-07-11',12,'',-1.00,1.00,'EA',1.00,'EA',9,100.00,'2024-07-11','',2,'D',46,0,'Y','N',NULL,'Y',NULL,'2024-07-11 16:13:47','2024-07-11 16:13:47','jade'),(181,'2024-07-11',12,'',-1.00,2.00,'EA',2.00,'EA',9,100.00,'2024-07-11','',2,'D',12,0,'Y','N','2024-09-13 16:15:30','Y',NULL,'2024-07-11 16:14:14','2024-09-13 16:14:57','jade'),(182,'2024-07-11',12,'',1.00,1.00,'EA',1.00,'EA',10,100.00,'2024-07-11','',2,'M',181,0,'Y','N',NULL,'N','2024-07-12 16:30:25','2024-07-11 16:14:14','2024-07-12 16:30:25','jade'),(183,'2024-07-12',12,'',2.00,1.00,'EA',1.00,'EA',5,1000.00,'2024-07-31','',6,'D',0,0,'Y','N',NULL,'N','2024-07-31 15:40:04','2024-07-12 13:55:47','2024-07-31 15:40:04','jade'),(184,'2024-07-12',29,'',2.00,1.00,'g',1.00,'g',1,1000.00,'','',6,'D',0,NULL,'Y','N',NULL,'Y',NULL,'2024-07-12 13:55:47','2024-07-12 13:55:47','jade'),(185,'2024-07-12',29,'',1.00,1.00,'g',1.00,'g',1,2000.00,'','',1,'D',0,NULL,'Y','N',NULL,'Y',NULL,'2024-07-12 14:07:10','2024-07-12 14:07:10','jade'),(186,'2024-07-14',30,'',1.00,1.00,'EA',1.00,'Ea',9,100.00,'2024-07-13','',1,'D',0,0,'Y','N','2024-07-17 17:19:57','N','2024-07-15 15:40:04','2024-07-12 16:36:34','2024-07-17 17:19:57','cores'),(187,'2024-07-12',33,'',10.00,1.00,'EA',1.00,'EA',17,1000.00,'2024-07-13','',2,'D',0,0,'Y','N','2024-07-17 17:20:23','N','2024-07-15 15:40:04','2024-07-12 16:56:04','2024-07-17 17:20:23','cores'),(188,'2024-07-16',33,'',-1.00,1.00,'EA',1.00,'EA',26,10000.00,'2024-07-22','',1,'D',0,0,'Y','N',NULL,'Y',NULL,'2024-07-16 15:06:04','2024-07-22 13:20:10','jade'),(189,'2024-07-16',33,'O240523-00001',-2.00,1.00,'EA',1.00,'EA',17,1000.00,'2024-07-13','',2,'D',187,NULL,'Y','N',NULL,'Y',NULL,'2024-07-16 15:14:04','2024-07-16 15:14:04','jade'),(190,'2024-07-16',33,'',-8.00,1.00,'EA',1.00,'EA',17,1000.00,'2024-07-13','',2,'D',0,0,'Y','N','2024-09-13 16:14:38','Y',NULL,'2024-07-16 15:15:21','2024-07-17 16:56:02','jade'),(191,'2024-09-01',30,'O240831-00001',-10.00,3.00,'',0.00,'Ea',29,100.00,'2024-08-04','',6,'D',30,0,'N','N',NULL,'Y',NULL,'2024-09-01 02:23:44','2024-09-01 02:37:16','jade'),(192,'2024-09-01',35,'O240831-00001',-300.00,2.00,'',0.00,'EA',8,500.18,'2024-06-21','',3,'D',35,0,'N','N',NULL,'Y',NULL,'2024-09-01 02:23:44','2024-09-01 02:40:31','jade'),(193,'2024-09-01',35,'O240831-00001',-2.00,1.00,'Ea',1.00,'EA',8,500.18,'2024-06-21','',3,'D',119,NULL,'Y','N','2024-09-13 16:15:30','Y',NULL,'2024-09-01 02:39:30','2024-09-01 02:39:30','jade'),(194,'2024-09-01',30,'O240831-00001',-3.00,1.00,'EA',1.00,'Ea',8,325000.00,'2024-05-09','',7,'D',30,0,'Y','Y','2024-09-13 16:14:38','Y',NULL,'2024-09-01 02:39:30','2024-09-13 16:15:20','jade'),(195,'2024-09-04',36,'',2.00,0.00,'',0.00,'',0,45000.00,'2024-11-04','',5,'D',0,48,'N','N',NULL,'Y',NULL,'2024-09-02 11:08:16','2024-09-02 11:19:15','jade'),(196,'2024-09-04',36,'',3.00,1.00,'EA',1.00,'EA',2,43000.00,'2024-11-04','',5,'D',0,49,'Y','N','2024-09-02 11:21:32','Y',NULL,'2024-09-02 11:20:01','2024-09-05 16:09:23','jade'),(197,'2024-09-13',13,'',-10.00,NULL,NULL,0.00,'EA',7,100.00,'2024-09-13','',1,'D',13,NULL,'Y','N','2024-09-13 16:06:38','Y',NULL,'2024-09-13 14:58:50','2024-09-13 14:58:50','jade');
/*!40000 ALTER TABLE `tblProductInOut` ENABLE KEYS */;
UNLOCK TABLES;

--
-- Table structure for table `tblResource`
--

DROP TABLE IF EXISTS `tblResource`;
/*!40101 SET @saved_cs_client     = @@character_set_client */;
/*!40101 SET character_set_client = utf8 */;
CREATE TABLE `tblResource` (
  `resrcCd` int(11) NOT NULL AUTO_INCREMENT COMMENT '자재 코드',
  `resrcNm` varchar(300) DEFAULT '' COMMENT '자재명',
  `resrcType` varchar(5) DEFAULT '' COMMENT '자재분류(원/부)',
  `houseCd` int(11) DEFAULT '0' COMMENT '창고',
  `protectedQty` int(11) DEFAULT NULL COMMENT '안전재고',
  `quality` varchar(50) DEFAULT '0' COMMENT '재질',
  `unit` varchar(5) DEFAULT '' COMMENT '단위',
  `option1` varchar(50) DEFAULT '' COMMENT '규격',
  `option2` varchar(50) DEFAULT '' COMMENT '사양',
  `maker` varchar(50) DEFAULT '' COMMENT '메이커',
  `unitPrice` decimal(18,0) DEFAULT '0' COMMENT '표준단가',
  `compCd` int(11) DEFAULT '0' COMMENT '기본거래처',
  `remark` varchar(3000) DEFAULT '' COMMENT '비고',
  `barcode` varchar(8) DEFAULT '' COMMENT '바코드(R+prodCd, 빈자리 0으로채움)',
  `flagYN` varchar(1) DEFAULT 'Y' COMMENT '삭제여부(Y:유효/N:삭제)',
  `regDate` datetime DEFAULT NULL COMMENT '최초저장일',
  `issueDate` datetime DEFAULT NULL COMMENT '최종저장일',
  `issueID` varchar(20) DEFAULT '' COMMENT '최종저장자',
  PRIMARY KEY (`resrcCd`)
) ENGINE=InnoDB AUTO_INCREMENT=25 DEFAULT CHARSET=utf8 ROW_FORMAT=COMPACT COMMENT='자재관리';
/*!40101 SET character_set_client = @saved_cs_client */;

--
-- Dumping data for table `tblResource`
--

LOCK TABLES `tblResource` WRITE;
/*!40000 ALTER TABLE `tblResource` DISABLE KEYS */;
INSERT INTO `tblResource` VALUES (1,'PLC-K3.0','O',7,10,'좋은재질k','EA','사양 1','사양 2','메이커',350200,0,'반갑습니다','S0000010','Y','2021-04-21 17:53:29','2023-10-17 13:50:24',NULL),(2,'94AH Anvil','S',11,30,'삧갈 고운 외관','문','Silver','','주문형',3500000,0,NULL,'S0000020','Y','2021-04-21 19:34:19','2021-05-21 15:29:54','jade'),(3,'SKD 11','O',12,999999,'보수전용','개','외부크랙','실리콘','주문',352220022,0,'','S0000030','Y','2021-04-26 17:23:24','2023-12-28 09:58:28','jade'),(4,'보쉬 드라이버드릴 헤더 GSR120-LI','O',3,200,'쇠','개','','','메이슨',15000,0,NULL,'S0000040','Y','2021-04-30 14:15:18','2021-05-21 15:29:24','jade'),(5,'알루미늄 케이스 KE-483513 가방','S',2,30,'알루미늄','개','','','메이슨',35000,0,NULL,'','N','2021-04-30 14:58:10','2021-05-11 15:03:11','jade'),(6,'11mm 환봉','S',2,4000,'플라스틱','개','','','닌텐도',150000,0,NULL,'S0000060','Y','2021-04-30 15:00:54','2023-07-11 15:48:49','jade'),(7,'외곽 하드 케이스 커버','S',7,300,'쇠','개','','','메이슨',14000,0,NULL,'S0000070','Y','2021-04-30 15:07:59','2021-05-21 15:30:13','jade'),(8,'쓲쓲메모지','O',9,5500,'종이','장','닥종이','튼튼페이퍼','유한종이',3000,0,NULL,'S0000080','Y','2021-05-11 14:33:11','2021-05-21 15:30:05','jade'),(9,'S Note Pen','O',6,200,'쇠','개','2*2*2','최고','삼성',10000,2,'안녕하세요','S0000090','N','2021-08-18 14:42:30','2021-08-19 10:37:43','jade'),(10,'테스트 자재','',7,0,'','','','','',15000,0,NULL,'S0000100','N','2023-07-11 15:49:29','2023-07-11 15:49:37','jade'),(11,'테스트 자재','',1,0,'','','','','',0,0,NULL,'S0000110','Y','2023-07-13 16:05:06','2023-07-13 16:05:06','jade'),(12,'테스트 자재2','',2,0,'','','','','',0,0,NULL,'S0000120','Y','2023-07-13 16:07:54','2023-07-13 16:07:54','jade'),(13,'딜리코 제품','O',1,99209999,'','대','','플라스틱','딜리코',830000,0,'','S0000130','Y','2023-07-14 11:25:46','2023-12-28 09:59:56','jade'),(14,'딜리코 제품2','',2,10,'플라스틱','대',NULL,NULL,'딜리코',50000,0,NULL,'S0000140','Y','2023-07-14 11:26:35','2023-07-14 11:26:35','jade'),(15,'망치1','O',2,20,'플라스틱','대','EA','대','딜리코',830000,0,NULL,'S0000150','Y','2024-03-04 09:38:20','2024-03-04 09:38:20','jade'),(16,'망치2','O',3,300,'반도체','대','P','중','삼성',1180000,0,NULL,'S0000160','Y','2024-03-04 09:38:20','2024-03-04 09:38:20','jade'),(17,'망치3','S',4,200,'강철','개','CC','소','애클랜드',3900,0,NULL,'S0000170','Y','2024-03-04 09:38:20','2024-03-04 09:38:20','jade'),(18,'망치4','O',2,15,NULL,'대',NULL,NULL,'LG',20000,0,NULL,'S0000180','Y','2024-03-04 09:38:20','2024-03-04 09:38:20','jade'),(19,'망치5','O',3,16,NULL,'대',NULL,NULL,'LG',20000,0,NULL,'S0000190','Y','2024-03-04 09:38:20','2024-03-04 09:38:20','jade'),(20,'망치6','S',4,16,NULL,'개',NULL,NULL,'LG',20000,0,NULL,'S0000200','Y','2024-03-04 09:38:20','2024-03-04 09:38:20','jade'),(21,'망치7','O',2,16,NULL,'대',NULL,NULL,'LG',20000,0,NULL,'S0000210','Y','2024-03-04 09:38:20','2024-03-04 09:38:20','jade'),(22,'망치8','O',3,16,NULL,'대',NULL,NULL,'LG',20000,0,NULL,'S0000220','Y','2024-03-04 09:38:20','2024-03-04 09:38:20','jade'),(23,'망치9','S',4,16,NULL,'개',NULL,NULL,'LG',20000,0,NULL,'S0000230','Y','2024-03-04 09:38:20','2024-03-04 09:38:20','jade'),(24,'망치10','O',2,16,NULL,'개',NULL,NULL,'LG',20000,0,NULL,'S0000240','Y','2024-03-04 09:38:20','2024-03-04 09:38:20','jade');
/*!40000 ALTER TABLE `tblResource` ENABLE KEYS */;
UNLOCK TABLES;

--
-- Table structure for table `tblResourceInOut`
--

DROP TABLE IF EXISTS `tblResourceInOut`;
/*!40101 SET @saved_cs_client     = @@character_set_client */;
/*!40101 SET character_set_client = utf8 */;
CREATE TABLE `tblResourceInOut` (
  `inOutSeq` int(11) unsigned NOT NULL AUTO_INCREMENT COMMENT '입출고 시퀀스',
  `inOutDt` varchar(10) DEFAULT '' COMMENT '일자',
  `resrcCd` int(11) DEFAULT '0' COMMENT '자재 시퀀스',
  `qty` decimal(20,2) DEFAULT NULL COMMENT '수량',
  `houseCd` int(11) DEFAULT '0' COMMENT '창고',
  `unitPrice` decimal(20,2) DEFAULT '0.00' COMMENT '단가',
  `limitDt` varchar(10) DEFAULT '' COMMENT '유통기한',
  `remark` varchar(1000) DEFAULT '' COMMENT '용처',
  `compCd` int(11) DEFAULT '0' COMMENT '거래처 코드',
  `types` varchar(1) DEFAULT 'D' COMMENT '입출고 형식(D:일출고/M:이동)',
  `refSeq` int(11) DEFAULT '0' COMMENT '출고시 관련 입고 시퀀스',
  `flagYN` varchar(1) DEFAULT 'Y' COMMENT '삭제여부(Y:유효/N:삭제)',
  `planYN` varchar(1) DEFAULT 'N' COMMENT '예정여부',
  `regDate` datetime DEFAULT NULL COMMENT '최초저장일',
  `issueDate` datetime DEFAULT NULL COMMENT '최종저장일',
  `issueID` varchar(20) DEFAULT '' COMMENT '최종저장자',
  PRIMARY KEY (`inOutSeq`)
) ENGINE=InnoDB AUTO_INCREMENT=62 DEFAULT CHARSET=utf8 ROW_FORMAT=COMPACT COMMENT='제품입출고관리';
/*!40101 SET character_set_client = @saved_cs_client */;

--
-- Dumping data for table `tblResourceInOut`
--

LOCK TABLES `tblResourceInOut` WRITE;
/*!40000 ALTER TABLE `tblResourceInOut` DISABLE KEYS */;
INSERT INTO `tblResourceInOut` VALUES (1,'2021-04-26',1,5.00,1,350200.00,'','입출고 Test',12,'D',0,'N','N','2021-04-26 16:31:28','2021-04-29 10:09:36','jade'),(2,'2021-04-27',2,5.00,2,200000.00,'','출고',11,'D',0,'Y','N','2021-04-27 10:51:46','2021-04-27 11:21:47','weee2'),(3,'2021-04-15',2,6.00,13,100000.00,'','없음',9,'D',0,'Y','N','2021-04-27 11:14:09','2021-05-04 12:26:11','jade'),(4,'2021-04-08',2,2.00,2,200000.00,'','입고',12,'D',0,'N','N','2021-04-27 11:15:02','2021-04-29 10:12:27','jade'),(5,'2021-04-29',8,-1.00,3,25000.00,'','없음',12,'D',0,'N','N','2021-04-29 17:30:10','2021-05-11 14:20:36','jade'),(6,'2021-04-29',2,2.00,5,3200.00,'',NULL,12,'D',0,'Y','N','2021-04-29 17:30:10','2021-05-03 14:49:10','jade'),(7,'2021-04-29',3,-33.00,5,25000.00,'','연습장비출고',5,'D',0,'Y','N','2021-04-29 17:30:10','2023-12-27 13:11:44','jade'),(8,'2021-04-29',1,4.00,6,3200.00,'','없음',9,'D',0,'Y','N','2021-04-29 17:30:10','2021-05-04 12:26:02','jade'),(9,'2021-04-29',8,5.00,7,3400.00,'','없음',2,'D',0,'N','N','2021-04-29 17:30:10','2021-05-11 14:20:55','jade'),(10,'2021-04-29',3,6.00,8,25000.00,'','없음',3,'D',0,'Y','N','2021-04-29 17:30:10','2021-05-04 16:42:23','jade'),(11,'2021-04-29',3,7.00,9,3200.00,'','없음',4,'D',0,'Y','N','2021-04-29 17:30:10','2021-05-04 16:35:14','jade'),(12,'2021-04-29',3,8.00,10,3200.00,'','없음',5,'D',0,'Y','N','2021-04-29 17:30:10','2021-05-04 16:43:50','jade'),(13,'2021-04-29',3,-9.00,11,22000.00,'','연습장비입고',12,'D',0,'Y','N','2021-04-29 17:30:10','2021-04-29 17:30:10','jade'),(14,'2021-05-10',4,2.00,12,150000.00,'','없음',6,'D',0,'N','N','2021-05-03 14:49:50','2021-05-11 15:02:13','jade'),(15,'2021-05-02',2,2.00,10,150000.00,'','없음',6,'D',0,'Y','N','2021-05-03 15:22:38','2021-05-04 16:35:23','jade'),(16,'2021-04-14',7,5.00,3,15000.00,'','없음',6,'D',0,'Y','N','2021-05-03 15:26:32','2021-05-03 15:26:32','jade'),(17,'2021-04-27',5,5.00,5,200000.00,'','없음',2,'D',0,'Y','N','2021-05-03 15:27:48','2021-05-03 15:27:48','jade'),(18,'2021-04-08',5,2.00,3,350200.00,'','없음',6,'D',0,'Y','N','2021-05-03 15:32:54','2021-05-03 15:32:54','jade'),(19,'2021-04-08',2,7.00,7,150000.00,'','없음',4,'D',0,'N','N','2021-05-03 15:39:21','2021-05-04 16:48:44','jade'),(20,'2021-04-08',7,7.00,8,15000.00,'','없음',7,'D',0,'Y','N','2021-05-03 15:42:47','2021-05-04 12:26:19','jade'),(21,'2021-04-20',6,7.00,9,350200.00,'','없음',9,'D',0,'Y','N','2021-05-04 16:20:57','2023-07-13 16:29:53','jade'),(22,'2021-05-31',2,95.00,6,2000002.00,'2024-03-06','없음',11,'D',0,'Y','N','2021-05-04 16:23:24','2024-05-16 13:27:55','jade'),(23,'2021-05-26',6,8.00,4,3500000.00,'','없음',11,'D',0,'Y','N','2021-05-04 16:29:02','2023-07-13 16:29:44','jade'),(24,'2021-05-25',7,8.00,7,3500000.00,'','없음',12,'D',0,'Y','N','2021-05-04 16:29:58','2021-05-04 16:29:58','jade'),(25,'2021-05-05',2,200.00,7,30000.00,'','없음',12,'D',0,'Y','N','2021-05-05 20:01:45','2021-05-05 20:01:45','jade'),(26,'2021-05-05',3,1000.00,7,400000.00,'2024-02-22','없음',11,'D',0,'Y','N','2021-05-05 20:01:45','2024-02-19 17:56:47','jade'),(27,'2021-05-05',7,13.00,3,10000000.00,'','없음',11,'D',0,'Y','N','2021-05-05 20:01:45','2021-05-05 20:01:45','jade'),(28,'2021-05-05',7,10.00,3,500000.00,'','없음',9,'D',0,'Y','N','2021-05-05 20:37:49','2021-05-05 20:37:49','jade'),(29,'2021-05-05',3,230.00,7,300000.00,'2024-02-01','없음',12,'D',0,'Y','N','2021-05-05 20:37:49','2024-02-19 17:56:32','jade'),(32,'2021-05-07',6,4.00,13,3200.00,'','없음',4,'D',0,'Y','N','2021-05-07 18:13:30','2021-05-07 18:13:30','jade'),(33,'2021-05-07',6,-6.00,11,3200.00,'','없음',4,'D',0,'Y','N','2021-05-07 18:14:55','2023-07-11 15:50:45','jade'),(34,'2021-05-07',8,-6.00,11,100000.00,'','없음',4,'D',0,'N','N','2021-05-07 18:16:46','2021-05-11 14:21:07','jade'),(35,'2021-04-15',7,-8.00,4,100000.00,'','없음',5,'D',0,'N','N','2021-05-07 18:19:54','2021-05-11 15:02:03','jade'),(36,'2021-05-07',2,-7.00,12,100000.00,'','없음',3,'D',0,'Y','N','2021-05-07 18:20:50','2021-05-07 18:20:50','jade'),(37,'2021-05-13',8,4.00,9,3200.00,'','없음',3,'D',0,'N','N','2021-05-11 14:36:14','2021-05-11 14:36:14','jade'),(38,'2021-05-22',8,8.00,13,100000.00,'','없음',3,'D',0,'N','N','2021-05-11 14:38:49','2021-05-11 14:38:49','jade'),(39,'2021-05-01',8,6.00,11,100000.00,'','없음',3,'D',0,'Y','N','2021-05-11 14:43:35','2021-05-11 14:43:35','jade'),(40,'2021-05-08',4,9.00,7,3500000.00,'','없음',4,'D',0,'Y','N','2021-05-11 15:02:51','2021-05-11 15:02:51','jade'),(41,'2021-05-10',4,-192.00,2,10000.00,'','없음',0,'D',0,'Y','N','2021-05-12 15:00:42','2021-05-12 15:00:42','jade'),(42,'2021-05-10',8,-200.00,7,70000.00,'2024-03-20','테스트 샘플',8,'D',0,'Y','N','2021-05-12 16:01:10','2024-03-06 11:22:51','bios'),(43,'2021-05-10',5,-19.00,5,500000.00,'','테스트 샘플',6,'D',0,'Y','N','2021-05-12 16:03:18','2021-05-12 16:03:18','jade'),(44,'2021-05-10',2,-168.00,1,20000.00,'','테스트 샘플',3,'D',0,'Y','N','2021-05-13 14:18:58','2021-05-13 14:18:58','jade'),(45,'2021-06-30',4,-100.00,5,3500000.00,'','없음',11,'D',0,'N','N','2021-06-30 11:04:30','2021-06-30 11:05:56','jade'),(47,'2023-07-11',6,-3.00,1,1500.00,'','없음',1,'D',0,'N','N','2023-07-11 15:51:17','2023-07-11 15:51:34','jade'),(49,'2023-07-12',2,3.00,1,0.00,'','',1,'D',0,'Y','N','2023-07-14 10:44:29','2023-07-14 10:44:29','jade'),(50,'2023-07-12',6,7.00,1,0.00,'','',1,'D',0,'Y','N','2023-07-14 10:44:29','2023-07-14 10:44:29','jade'),(51,'2023-07-12',2,-10.00,1,0.00,'','',1,'D',0,'Y','N','2023-07-14 10:45:39','2023-07-14 10:45:39','jade'),(52,'2023-07-14',0,100.00,7,500.00,'','테스트 샘플',8,'D',0,'Y','N','2023-07-14 10:58:39','2023-07-14 10:58:39','jade'),(53,'2023-07-14',0,1000.00,2,10000.00,'','테스트 샘플',2,'D',0,'Y','N','2023-07-14 11:00:50','2023-07-14 11:00:50','jade'),(54,'2023-07-14',8,100.00,7,500.00,'','테스트 샘플',8,'D',0,'Y','N','2023-07-14 11:03:53','2023-07-14 11:03:53','jade'),(55,'2023-07-14',8,1002.00,7,500.00,'','테스트 샘플',8,'D',0,'Y','N','2023-07-14 11:04:34','2023-07-14 11:04:34','jade'),(59,'2024-03-04',19,20.00,3,2100.00,'2024-04-30','',5,'D',0,'Y','N','2024-03-04 09:39:00','2024-03-04 09:39:00','jade'),(60,'2024-03-04',19,-15.00,3,2100.00,'2024-03-04','',5,'M',0,'Y','N','2024-03-04 09:40:49','2024-03-04 09:40:49','jade'),(61,'2024-03-04',19,15.00,9,2100.00,'2024-03-04','',5,'M',60,'Y','N','2024-03-04 09:40:49','2024-03-04 09:40:49','jade');
/*!40000 ALTER TABLE `tblResourceInOut` ENABLE KEYS */;
UNLOCK TABLES;

--
-- Table structure for table `tblShipItems`
--

DROP TABLE IF EXISTS `tblShipItems`;
/*!40101 SET @saved_cs_client     = @@character_set_client */;
/*!40101 SET character_set_client = utf8 */;
CREATE TABLE `tblShipItems` (
  `shipCd` int(11) unsigned NOT NULL COMMENT '출하코드',
  `inOutSeq` int(11) DEFAULT '0' COMMENT '입출고 시퀀스',
  `flagYN` varchar(1) DEFAULT 'Y' COMMENT '삭제여부(Y:유효/N:삭제)',
  `regDate` datetime DEFAULT NULL COMMENT '최초저장일',
  `issueDate` datetime DEFAULT NULL COMMENT '최종저장일',
  `issueID` varchar(20) DEFAULT '' COMMENT '최종저장자',
  UNIQUE KEY `UNIQUE` (`inOutSeq`,`shipCd`)
) ENGINE=InnoDB DEFAULT CHARSET=utf8 COMMENT='출하관리';
/*!40101 SET character_set_client = @saved_cs_client */;

--
-- Dumping data for table `tblShipItems`
--

LOCK TABLES `tblShipItems` WRITE;
/*!40000 ALTER TABLE `tblShipItems` DISABLE KEYS */;
INSERT INTO `tblShipItems` VALUES (3,12,'Y','2021-06-01 00:15:06','2021-06-01 00:15:06','jade'),(1,37,'Y','2021-06-03 09:44:36',NULL,'jade'),(2,37,'N','2021-06-03 09:45:26','2021-06-04 15:38:37','jade'),(2,38,'Y','2021-06-03 09:45:26','2021-06-07 10:12:19','jade'),(3,37,'Y','2021-06-03 09:47:08',NULL,'jade'),(3,38,'Y','2021-06-03 09:47:08',NULL,'jade'),(4,37,'Y','2021-06-04 11:24:12',NULL,'jade'),(4,38,'Y','2021-06-04 11:24:12',NULL,'jade'),(5,37,'Y','2021-06-04 14:55:35',NULL,'jade'),(6,37,'Y','2021-06-04 14:56:06',NULL,'jade'),(7,37,'Y','2021-06-04 15:01:11','2021-06-04 15:04:12','jad1e'),(8,37,'Y','2021-06-04 15:02:29',NULL,'jad1e'),(9,37,'Y','2021-06-04 15:33:09','2021-06-04 15:33:09','jade'),(10,37,'Y','2021-06-04 15:37:50','2021-06-04 15:37:50','jade'),(11,37,'Y','2021-06-09 18:00:51','2021-06-09 18:00:51','jade'),(12,37,'Y','2021-06-09 18:08:24','2021-06-09 18:08:24','jade'),(13,37,'Y','2021-06-09 18:10:57','2021-06-09 18:10:57','jade'),(14,39,'Y','2021-06-09 18:12:49','2021-06-09 18:12:49','jade'),(15,33,'Y','2021-06-09 18:15:34','2021-06-09 18:15:34','jade'),(15,34,'Y','2021-06-09 18:15:34','2021-06-09 18:15:34','jade'),(15,40,'Y','2021-06-09 18:15:34','2021-06-09 18:15:34','jade'),(15,44,'Y','2021-06-09 18:15:34','2021-06-09 18:15:34','jade'),(16,49,'Y','2021-08-13 16:38:15','2021-08-13 16:38:15','jade'),(16,59,'Y','2021-08-13 16:38:15','2021-08-13 16:38:15','jade'),(16,58,'Y','2021-08-13 16:38:15','2021-08-13 16:38:15','jade'),(17,74,'Y','2023-07-11 15:19:54','2023-07-11 15:19:54','jade'),(18,99,'Y','2024-03-04 11:23:31','2024-03-04 11:23:31','jade');
/*!40000 ALTER TABLE `tblShipItems` ENABLE KEYS */;
UNLOCK TABLES;

--
-- Table structure for table `tblShipPlan`
--

DROP TABLE IF EXISTS `tblShipPlan`;
/*!40101 SET @saved_cs_client     = @@character_set_client */;
/*!40101 SET character_set_client = utf8 */;
CREATE TABLE `tblShipPlan` (
  `shipCd` int(11) unsigned NOT NULL COMMENT '출하코드',
  `inOutSeq` int(11) unsigned DEFAULT '0' COMMENT '입출고 시퀀스',
  `flagYN` varchar(1) DEFAULT 'Y' COMMENT '삭제여부(Y:유효/N:삭제)',
  `issueID` varchar(20) DEFAULT '' COMMENT '최종저장자',
  `regDate` datetime DEFAULT NULL COMMENT '최초저장일',
  `issueDate` datetime DEFAULT NULL COMMENT '최종저장일',
  UNIQUE KEY `UNIQUE` (`inOutSeq`,`shipCd`)
) ENGINE=InnoDB DEFAULT CHARSET=utf8 COMMENT='출하 예정 관리';
/*!40101 SET character_set_client = @saved_cs_client */;

--
-- Dumping data for table `tblShipPlan`
--

LOCK TABLES `tblShipPlan` WRITE;
/*!40000 ALTER TABLE `tblShipPlan` DISABLE KEYS */;
INSERT INTO `tblShipPlan` VALUES (19,99,'N','jade','2024-03-04 11:23:53','2024-03-04 11:23:53');
/*!40000 ALTER TABLE `tblShipPlan` ENABLE KEYS */;
UNLOCK TABLES;

--
-- Table structure for table `tblShipping`
--

DROP TABLE IF EXISTS `tblShipping`;
/*!40101 SET @saved_cs_client     = @@character_set_client */;
/*!40101 SET character_set_client = utf8 */;
CREATE TABLE `tblShipping` (
  `shipCd` int(11) unsigned NOT NULL AUTO_INCREMENT COMMENT '출하코드',
  `compCd` int(11) DEFAULT '0' COMMENT '거래처 코드',
  `toMajor` varchar(50) DEFAULT '' COMMENT '거래처 담당자',
  `toPhone` varchar(20) DEFAULT '' COMMENT '거래처 담당자 연락처',
  `shipDt` varchar(10) DEFAULT '' COMMENT '출하일',
  `shipMajor` varchar(50) DEFAULT '' COMMENT '출하 담당자',
  `planYN` varchar(1) DEFAULT 'N' COMMENT '예정여부',
  `flagYN` varchar(1) DEFAULT 'Y' COMMENT '삭제여부(Y:유효/N:삭제)',
  `regDate` datetime DEFAULT NULL COMMENT '최초저장일',
  `issueDate` datetime DEFAULT NULL COMMENT '최종저장일',
  `issueID` varchar(20) DEFAULT '' COMMENT '최종저장자',
  PRIMARY KEY (`shipCd`)
) ENGINE=InnoDB AUTO_INCREMENT=20 DEFAULT CHARSET=utf8 COMMENT='출고항목 및 출하';
/*!40101 SET character_set_client = @saved_cs_client */;

--
-- Dumping data for table `tblShipping`
--

LOCK TABLES `tblShipping` WRITE;
/*!40000 ALTER TABLE `tblShipping` DISABLE KEYS */;
INSERT INTO `tblShipping` VALUES (1,4,'배갑수','010-1111-1111','2021-05-05','리춘수','N','Y','2021-06-03 09:44:36','2021-06-03 09:44:36','jade'),(2,5,'강석호','010-3456-6789','2021-06-04','이대로','N','Y','2021-06-03 09:45:26','2021-06-07 10:12:19','jade'),(3,5,'김선생','010-3333-3333','2021-06-02','이선생','N','Y','2021-06-03 09:47:08','2021-06-03 09:47:08','jade'),(4,3,'순금자','010-4444-4444','2021-06-04','이말년','N','Y','2021-06-04 11:24:12','2021-06-04 11:24:12','jade'),(5,5,'강석호','010-3456-6789','2021-06-04','이대로','N','Y','2021-06-04 14:55:35','2021-06-04 14:55:35','jade'),(6,5,'강석호','010-3456-6789','2021-06-04','이대로','N','Y','2021-06-04 14:56:06','2021-06-04 14:56:06','jade'),(7,5,'강석호','010-3456-6789','2021-06-04','이대로','N','Y','2021-06-04 15:01:11','2021-06-04 15:04:11','jad1e'),(8,5,'강석호','010-3456-6789','2021-06-04','이대로','N','Y','2021-06-04 15:02:29','2021-06-04 15:02:29','jad1e'),(9,6,'나대로','010-2222-3333','2021-06-04','이대로','N','Y','2021-06-04 15:33:09','2021-06-04 15:33:09','jade'),(10,4,'나대로','010-2222-3333','2021-06-04','이대로','N','Y','2021-06-04 15:37:50','2021-06-04 15:37:50','jade'),(11,4,'김성주','010-3231-5235','2021-06-09','박시용','N','Y','2021-06-09 18:00:51','2021-06-09 18:00:51','jade'),(12,5,'김수경','010-3542-2354','2021-06-09','하준수','N','Y','2021-06-09 18:08:24','2021-06-09 18:08:24','jade'),(13,3,'박수지','010-4422-1515','2023-08-26','왕춘삼','N','Y','2023-08-26 16:38:15','2023-08-27 16:38:15','jade'),(14,3,'김세진','010-6757-4574','2023-08-26','소노야','N','Y','2023-08-26 16:38:15','2023-08-27 16:38:15','jade'),(15,7,'박새로','010-4242-5454','2023-08-26','이미경','N','Y','2023-08-26 16:38:15','2023-08-27 16:38:15','jade'),(16,3,'박새로','010-4242-5454','2023-08-26','이미경','N','Y','2023-08-26 16:38:15','2023-08-27 16:38:15','jade'),(17,11,'거당자','010-0000-0000','2023-08-26','출당자','N','Y','2023-08-26 16:38:15','2023-08-27 16:38:15','jade'),(18,13,'담당자','010-0000-0000','2024-03-04','출하담당자','Y','N','2024-03-04 11:23:31','2024-03-04 11:24:32','jade'),(19,13,'담당자2','010-1234-5678','2024-03-04','출하담당자2','Y','N','2024-03-04 11:23:53','2024-03-04 11:24:24','jade');
/*!40000 ALTER TABLE `tblShipping` ENABLE KEYS */;
UNLOCK TABLES;

--
-- Table structure for table `tblSysMenu`
--

DROP TABLE IF EXISTS `tblSysMenu`;
/*!40101 SET @saved_cs_client     = @@character_set_client */;
/*!40101 SET character_set_client = utf8 */;
CREATE TABLE `tblSysMenu` (
  `menu` varchar(1) DEFAULT '',
  `subMenu` varchar(3) DEFAULT '',
  `parentsMenu` varchar(4) DEFAULT '',
  `pageUrl` varchar(50) DEFAULT '',
  `pageNm` varchar(50) DEFAULT '',
  `pageIcon` varchar(50) DEFAULT '',
  `menuOrder` int(11) DEFAULT '0',
  `menuNo` int(11) DEFAULT '0',
  `flagYN` varchar(1) DEFAULT 'Y',
  `issueID` varchar(20) DEFAULT '',
  `regDate` datetime DEFAULT NULL,
  `issueDate` datetime DEFAULT NULL
) ENGINE=InnoDB DEFAULT CHARSET=utf8 COMMENT='메뉴구성';
/*!40101 SET character_set_client = @saved_cs_client */;

--
-- Dumping data for table `tblSysMenu`
--

LOCK TABLES `tblSysMenu` WRITE;
/*!40000 ALTER TABLE `tblSysMenu` DISABLE KEYS */;
INSERT INTO `tblSysMenu` VALUES ('A','00','','/warehouse/product','제품','fa-calendar-o',100,0,'Y','jade','2023-10-26 14:42:17','2023-10-26 14:42:17'),('A','01','A00','/warehouse/product','제품관리','',101,11,'Y','jade','2023-10-26 14:42:17','2023-10-26 14:42:17'),('A','02','A00','/warehouse/productIn','제품입고관리','',102,12,'Y','jade','2023-10-26 14:42:17','2023-10-25 10:21:40'),('A','03','A00','/warehouse/productOut','제품출고관리','',103,13,'Y','jade','2023-10-26 14:42:17','2023-10-25 10:22:45'),('A','04','A00','/warehouse/productInOutAll','제품입출고관리 (일괄)','',104,14,'Y','jade','2023-10-26 14:42:17','2023-10-26 14:42:17'),('A','05','A00','/warehouse/productXls','제품 Excel Up','',105,15,'Y','jade','2023-10-26 14:42:17','2023-10-26 14:42:17'),('A','06','A00','/warehouse/productInOutXls','제품입출고 Excel Up','',106,16,'Y','jade','2023-10-26 14:42:17','2023-10-26 14:42:17'),('A','07','A00','/warehouse/shipping','제품출고현황 (출하)','',107,17,'Y','jade','2023-10-26 14:42:17','2023-10-26 14:42:17'),('A','08','A00','/warehouse/shipItems','제품출하관리','',108,18,'Y','jade','2023-10-26 14:42:17','2023-10-26 14:42:17'),('B','00','','/warehouse/resource','자재','fa-cubes',200,0,'Y','jade','2023-10-26 14:42:17','2023-10-26 14:42:17'),('B','01','B00','/warehouse/resource','자재관리','',201,21,'Y','jade','2023-10-26 14:42:17','2023-10-26 14:42:17'),('B','02','B00','/warehouse/resourceIn','자재입고관리','',202,22,'Y','jade','2023-10-26 14:42:17','2023-10-26 14:42:18'),('B','03','B00','/warehouse/resourceOut','자재출고관리','',203,23,'Y','jade','2023-10-26 14:42:17','2023-10-26 14:42:17'),('B','04','B00','/warehouse/resourceInOutAll','자재입출고관리 (일괄)','',204,24,'Y','jade','2023-10-26 14:42:17','2023-10-26 14:42:17'),('B','05','B00','/warehouse/resourceXls','자재 Excel Up','',205,25,'Y','jade','2023-10-26 14:42:17','2023-10-26 14:42:17'),('B','06','B00','/warehouse/resourceInOutXls','자재입출고 Excel Up','',206,26,'Y','jade','2023-10-26 14:42:17','2023-10-26 14:42:17'),('D','00','','/warehouse/bom','BOM','fa-code-fork',400,0,'Y','jade','2023-10-26 14:42:17','2023-10-26 14:42:17'),('D','01','D00','/warehouse/bom','BOM','',401,41,'Y','jade','2023-10-26 14:42:17','2023-10-26 14:42:17'),('F','00','','/warehouse/shipPlan','주문관리','fa-cog',600,0,'Y','jade','2023-10-26 14:42:17','2023-10-26 14:42:17'),('F','01','F00','/warehouse/buyOrder','구매발주','',601,61,'Y','jade','2023-10-26 14:42:17','2023-10-26 14:42:17'),('R','00','','/warehouse/report','리포트','fa-signal',800,0,'Y','jade','2023-10-26 14:42:17','2023-10-26 14:42:17'),('R','01','R00','/warehouse/reportStock','연간재고현황','',801,81,'Y','jade','2023-10-26 14:42:17','2023-10-26 14:42:17'),('R','02','R00','/warehouse/reportIn','연간입고현황','',802,82,'Y','jade','2023-10-26 14:42:17','2023-10-26 14:42:17'),('R','03','R00','/warehouse/reportOut','연간출고현황','',803,83,'Y','jade','2023-10-26 14:42:17','2023-10-26 14:42:17'),('Z','00','','/warehouse/commonCd','기준정보','fa-home',900,0,'Y','jade','2023-10-26 14:42:17','2023-10-26 14:42:17'),('Z','01','Z00','/warehouse/commonCd','공통코드','',901,91,'Y','jade','2023-10-26 14:42:17','2023-10-26 14:42:17'),('Z','02','Z00','/warehouse/company','거래처','',902,92,'Y','jade','2023-10-26 14:42:17','2023-10-26 14:42:17'),('Z','03','Z00','/warehouse/user','회원정보','',903,93,'Y','jade','2023-10-26 14:42:17','2023-10-26 14:42:17'),('Z','04','Z00','/warehouse/house','창고관리','',904,94,'Y','jade','2023-10-26 14:42:17','2023-10-26 14:42:17'),('Z','05','Z00','/warehouse/dash','대시보드','',905,95,'Y','jade','2023-10-26 14:42:17','2023-10-26 14:42:17'),('F','04','F00','/warehouse/order','주문 관리','',604,64,'Y','jade','2024-02-26 15:08:26','2024-02-26 15:08:26'),('F','05','F00','/warehouse/orderOut','주문 출고','',605,65,'Y','jade','2024-02-27 15:33:01','2024-02-27 15:33:02'),('A','10','A00','/warehouse/productInPlan','제품입고검수(예정)','',102,20,'N','jade','2024-05-23 16:28:22','2024-05-23 16:28:23'),('A','09','A00','/warehouse/shipPlan','출하계획관리','',109,19,'Y','jade','2024-05-29 09:40:35','2024-05-29 09:40:36'),('F','02','F00','/warehouse/cashVoucher','지출결의','',602,62,'Y','jade','2024-06-05 16:28:16','2024-06-05 16:28:17'),('F','03','F00','/warehouse/sendBillXls','송장 일괄 등록','',606,63,'Y','jade','2024-06-11 16:48:16','2024-06-11 16:48:16'),('R','04','R00','/warehouse/reportExprProduct','유통기한 임박제품현황','',804,84,'Y','jade','2024-06-18 09:51:03','2024-06-18 09:51:03'),('R','05','R00','/warehouse/reportHouse','창고별 재고 현황','',805,85,'Y','','2024-09-04 16:27:49','2024-09-04 16:27:51'),('R','06','R00','/warehouse/reportDateIn','일자별입고현황','',806,86,'Y','','2024-09-04 16:29:37','2024-09-04 16:29:38'),('R','07','R00','/warehouse/reportDateOut','일자별출고현황','',807,87,'Y','','2024-09-04 16:31:22','2024-09-04 16:31:23'),('C','00','','/warehouse/jobOrder','생산관리','fa-wrench',300,0,'Y','jade','2024-09-09 10:23:44','2024-09-09 10:23:46'),('C','01','C00','/warehouse/jobOrder','작업지시','',301,31,'Y','jade','2024-09-09 10:23:45','2024-09-09 10:23:45'),('E','00','','/warehouse/inOutPlan','예정정보','fa-calendar-check-o',500,0,'Y','','2024-09-13 14:52:11','2024-09-13 14:52:13'),('E','01','E00','/warehouse/productInPlanCheck','제품입고검수(예정)','',501,51,'Y','','2024-09-13 14:53:09','2024-09-13 14:53:09'),('E','02','E00','/warehouse/productOutPlanCheck','재품출고검수(예정)','',502,52,'Y','','2024-09-13 14:53:57','2024-09-13 14:53:58'),('C','02','C00','/warehouse/processGroup','공정관리','',302,32,'Y','','2024-09-19 13:19:49','2024-09-19 13:19:49'),('C','03','C00','/warehouse/jobPlan','스케줄링','',303,33,'Y','','2024-09-20 11:20:23','2024-09-20 11:20:23');
/*!40000 ALTER TABLE `tblSysMenu` ENABLE KEYS */;
UNLOCK TABLES;

--
-- Table structure for table `tblSysMsg`
--

DROP TABLE IF EXISTS `tblSysMsg`;
/*!40101 SET @saved_cs_client     = @@character_set_client */;
/*!40101 SET character_set_client = utf8 */;
CREATE TABLE `tblSysMsg` (
  `msgSeq` int(11) NOT NULL AUTO_INCREMENT,
  `msgContent` varchar(1000) DEFAULT '' COMMENT '내용',
  `flagYN` varchar(1) DEFAULT '' COMMENT '삭제여부',
  `regDate` datetime DEFAULT NULL COMMENT '저장시간',
  `issueID` varchar(20) DEFAULT '' COMMENT '저장자',
  PRIMARY KEY (`msgSeq`)
) ENGINE=InnoDB DEFAULT CHARSET=utf8 COMMENT='알림 메시지';
/*!40101 SET character_set_client = @saved_cs_client */;

--
-- Dumping data for table `tblSysMsg`
--

LOCK TABLES `tblSysMsg` WRITE;
/*!40000 ALTER TABLE `tblSysMsg` DISABLE KEYS */;
/*!40000 ALTER TABLE `tblSysMsg` ENABLE KEYS */;
UNLOCK TABLES;

--
-- Table structure for table `tblSysMsgReceive`
--

DROP TABLE IF EXISTS `tblSysMsgReceive`;
/*!40101 SET @saved_cs_client     = @@character_set_client */;
/*!40101 SET character_set_client = utf8 */;
CREATE TABLE `tblSysMsgReceive` (
  `rcvSeq` int(11) NOT NULL AUTO_INCREMENT,
  `rUserID` varchar(20) NOT NULL DEFAULT '' COMMENT '수신자 아이디',
  `readYN` varchar(1) NOT NULL DEFAULT 'N' COMMENT '읽기여부(Y:읽음/N:미확인)',
  `readTm` datetime NOT NULL,
  PRIMARY KEY (`rcvSeq`)
) ENGINE=InnoDB DEFAULT CHARSET=utf8 COMMENT='알람 메시지 수신';
/*!40101 SET character_set_client = @saved_cs_client */;

--
-- Dumping data for table `tblSysMsgReceive`
--

LOCK TABLES `tblSysMsgReceive` WRITE;
/*!40000 ALTER TABLE `tblSysMsgReceive` DISABLE KEYS */;
/*!40000 ALTER TABLE `tblSysMsgReceive` ENABLE KEYS */;
UNLOCK TABLES;

--
-- Table structure for table `tblUser`
--

DROP TABLE IF EXISTS `tblUser`;
/*!40101 SET @saved_cs_client     = @@character_set_client */;
/*!40101 SET character_set_client = utf8 */;
CREATE TABLE `tblUser` (
  `userID` varchar(20) NOT NULL COMMENT '아이디',
  `passwd` varchar(1000) DEFAULT '' COMMENT '비밀번호',
  `userNm` varchar(20) DEFAULT '' COMMENT '이름',
  `phone` varchar(100) DEFAULT '' COMMENT '연락처',
  `email` varchar(100) DEFAULT '' COMMENT 'E-mail',
  `deviceKey` varchar(100) DEFAULT '' COMMENT '안드로이드 키',
  `uLevel` varchar(5) DEFAULT '' COMMENT '회원등급',
  `compCd` int(11) DEFAULT '0' COMMENT '거래처 코드',
  `offCnt` int(11) DEFAULT '15' COMMENT '연간휴무일',
  `uPerm` varchar(1000) DEFAULT '' COMMENT '권한',
  `sysMsgYN` varchar(1) DEFAULT 'N' COMMENT '자동 메시지 수신 여부',
  `flagYN` varchar(1) DEFAULT 'Y' COMMENT '삭제여부(Y:유효/N:삭제)',
  `regDate` datetime DEFAULT NULL COMMENT '최초저장일',
  `issueDate` datetime DEFAULT NULL COMMENT '최종저장일',
  `issueID` varchar(20) DEFAULT '' COMMENT '최종저장자',
  PRIMARY KEY (`userID`)
) ENGINE=InnoDB DEFAULT CHARSET=utf8 COMMENT='회원정보';
/*!40101 SET character_set_client = @saved_cs_client */;

--
-- Dumping data for table `tblUser`
--

LOCK TABLES `tblUser` WRITE;
/*!40000 ALTER TABLE `tblUser` DISABLE KEYS */;
INSERT INTO `tblUser` VALUES ('213','$2a$10$EM4Nod4H3Ku8orRt7diPPuz2KVc8KgElFzYEB7dEi5IepK5C.9doi','123','','','','00100',0,15,'','N','Y','2024-01-02 17:35:30','2024-01-02 17:35:30','bom'),('bios','$2a$10$MLr.ned3t9rf9TXkC/kWguUyxBMU/vUCN6q8As0uIR.u99W5hEvRG','바이오스펙트럼','','','','00900',16,15,'A01,A02,A03,A04,A05,A06,A07,A08,B01,B02,B03,B04,B05,B06,D01,F01,F02,F04,F05,F03,R01,R02,R03,Z01,Z02,Z03,Z04,Z05','N','Y','2024-03-04 11:20:37','2024-09-04 16:32:05','jade'),('bom','$2a$10$YaWlLYSAlPR2xmlshsyMg.Jsqpaqx5zxX8zr0lMvIVAl.5tV7k1Vq','이봄이','222','222','','00100',0,15,'Z01,Z02,Z03','N','Y','2023-07-14 17:46:11','2023-10-10 22:00:51','bom'),('eric','$2a$10$AmGmDl3ZIwWCLBaq/AMaHeqD5v8o7vn4eQdQY8wPFvVd8CkWf0dpm','문정호','111','112','','00100',1,15,'A01,A02,A03,A04,A05,A06,A07,A08,B01,B02,B03,B04,B05,B06,D01,F01,F02,F03,F04,R01,R02,R03,Z01,Z02,Z03,Z04,Z05','N','Y','2023-10-10 14:22:25','2024-06-05 16:30:26','jade'),('jad','$2a$10$ERpVwKYbYhv3RX./Ny7QHehGjIi6PqFBXFl7hIG3gq.JvWvNgdXCi','제이','010-4000-3000','jade@coresinc.co.kr','','00100',1,0,'A01,Z03','Y','Y','2021-05-26 14:53:56','2024-09-06 19:18:44','jade'),('jade','$2a$10$udXfgXYyW1EBy8RZMGK6TugAwN7FRL0drs4VHdDCObhZxzhlOETXW','제이드','010-4000-3001','jade@coresinc.co.kr','ed73706c1f8971a9','00900',1,0,'A01,A02,A03,A04,A05,A06,A07,A08,A09,B01,B02,B03,B04,B05,B06,C01,C02,C03,D01,E01,E02,F01,F02,F04,F05,F03,R01,R02,R03,R04,R05,R06,R07,Z01,Z02,Z03,Z04,Z05','N','Y','2021-04-21 09:56:06','2024-09-26 18:17:14','jade'),('test','$2a$10$o3klVpM.34YeV0L25pNIUu7pFU9eacPCjLZ4mBqp2OVIngORRyiDW','테스트','','','','00100',0,15,'Z03','N','Y','2023-12-27 13:11:04','2023-12-27 16:27:27','test');
/*!40000 ALTER TABLE `tblUser` ENABLE KEYS */;
UNLOCK TABLES;

--
-- Table structure for table `tblUserConfig`
--

DROP TABLE IF EXISTS `tblUserConfig`;
/*!40101 SET @saved_cs_client     = @@character_set_client */;
/*!40101 SET character_set_client = utf8 */;
CREATE TABLE `tblUserConfig` (
  `configSeq` int(11) NOT NULL AUTO_INCREMENT COMMENT '설정 시퀀스',
  `userID` varchar(20) DEFAULT '' COMMENT '유저 아이디',
  `pageNm` varchar(50) DEFAULT '' COMMENT '페이지 이름',
  `gridCd` varchar(10) DEFAULT '' COMMENT '그리드 코드',
  `config` varchar(8000) DEFAULT '' COMMENT '환경설정',
  `flagYN` varchar(1) DEFAULT 'Y' COMMENT '삭제여부(Y:유효/N:삭제)',
  `regDate` datetime DEFAULT NULL COMMENT '최초저장일',
  `issueDate` datetime DEFAULT NULL COMMENT '최종저장일',
  `issueID` varchar(20) DEFAULT '' COMMENT '최종저장자',
  PRIMARY KEY (`configSeq`)
) ENGINE=InnoDB AUTO_INCREMENT=6 DEFAULT CHARSET=utf8 COMMENT='그리드 환경 설정관리';
/*!40101 SET character_set_client = @saved_cs_client */;

--
-- Dumping data for table `tblUserConfig`
--

LOCK TABLES `tblUserConfig` WRITE;
/*!40000 ALTER TABLE `tblUserConfig` DISABLE KEYS */;
INSERT INTO `tblUserConfig` VALUES (1,'jade','tabs','','85@/warehouse/reportHouse,64@/warehouse/order,61@/warehouse/buyOrder,11@/warehouse/product,14@/warehouse/productInOutAll','Y','2021-05-06 18:11:17','2024-09-24 19:54:01','jade'),(3,'eric','tabs','','11@/warehouse/product,12@/warehouse/productIn,13@/warehouse/productOut,14@/warehouse/productInOutAll,15@/warehouse/productXls,16@/warehouse/productInOutXls,17@/warehouse/shipping,18@/warehouse/shipItems','Y','2023-12-27 14:53:25','2023-12-28 12:55:39','eric'),(5,'bios','tabs','','101@/warehouse/product','Y','2024-03-04 11:21:16',NULL,'bios');
/*!40000 ALTER TABLE `tblUserConfig` ENABLE KEYS */;
UNLOCK TABLES;

--
-- Table structure for table `tbmJobItems`
--

DROP TABLE IF EXISTS `tbmJobItems`;
/*!40101 SET @saved_cs_client     = @@character_set_client */;
/*!40101 SET character_set_client = utf8 */;
CREATE TABLE `tbmJobItems` (
  `jobCd` varchar(10) NOT NULL DEFAULT '' COMMENT '작업지시표기코드',
  `prodCd` varchar(3) NOT NULL DEFAULT '' COMMENT '품번',
  `prdNm` varchar(200) DEFAULT '' COMMENT '품목명',
  `partProdCd` varchar(5) DEFAULT '' COMMENT '부품 코드(공통코드)',
  `qomSeq` varchar(5) DEFAULT '' COMMENT '재질(공통코드)',
  `srcOption` varchar(50) DEFAULT '' COMMENT '소재사양',
  `qty` int(10) DEFAULT '0' COMMENT '수량',
  `unitPrice` decimal(18,2) DEFAULT '0.00' COMMENT '단가',
  `totalPrice` decimal(18,3) DEFAULT '0.000' COMMENT '총금액',
  `unit` varchar(20) DEFAULT '' COMMENT '단위',
  `memo` varchar(300) DEFAULT '' COMMENT '비고',
  `flagYN` varchar(1) DEFAULT 'Y' COMMENT '삭제여부(Y:유효/N:삭제)',
  `regDate` datetime DEFAULT NULL COMMENT '최초저장일',
  `issueDate` datetime DEFAULT NULL COMMENT '최종저장일',
  `issueID` varchar(20) DEFAULT '' COMMENT '최종저장자',
  PRIMARY KEY (`jobCd`,`prodCd`)
) ENGINE=InnoDB DEFAULT CHARSET=utf8 COMMENT='작업지시 품목';
/*!40101 SET character_set_client = @saved_cs_client */;

--
-- Dumping data for table `tbmJobItems`
--

LOCK TABLES `tbmJobItems` WRITE;
/*!40000 ALTER TABLE `tbmJobItems` DISABLE KEYS */;
INSERT INTO `tbmJobItems` VALUES ('240911-001','001','딜리코 딜라이트','00100','00200','ㅋ',1,222.00,222.000,'','','Y','2024-10-11 14:45:00','2024-10-11 14:45:00','jade'),('240911-002','001','아이폰','00100','00100','11',0,0.00,0.000,'','','N','2024-09-13 14:26:10','2024-09-13 14:27:52','jade'),('240911-002','002','아이폰 2','00100','00200','ㅁ',0,0.00,0.000,'','','N','2024-09-13 14:26:10','2024-09-13 14:27:52','jade'),('240911-002','003','아이폰 3','00100','00200','11',1,0.00,0.000,'','','N','2024-09-13 14:27:08','2024-09-13 14:27:52','jade'),('240911-004','001','아이폰 12','00100','00300','ㅋㅋ',12,1.00,12.000,'','','Y','2024-09-13 13:25:32','2024-09-13 13:25:32','jade'),('240912-001','001','갤럭시 버즈','00300','00400','ㅋ',11,22.00,32.000,'EAa','비고a','Y','2024-09-12 16:27:02','2024-09-19 16:48:16','jade'),('240912-001','002','보쉬 충전 드라이버드릴 GSR120-LI GSB18V-21외5종+100P소재 이벤트중','00200','00100','엥',1,2.00,1.000,'EA','비고','N','2024-09-12 16:27:02','2024-09-13 11:33:08',NULL),('240912-001','003','딜리코 딜라이트','00100','00200','111',222,1.00,0.000,'','','N','2024-09-13 10:52:17','2024-09-13 11:31:40',NULL),('240912-001','004','아이폰','00100','00300','ㅁㅁ',11,121.00,1331.000,'','','Y','2024-09-13 13:23:22','2024-09-19 16:48:16','jade');
/*!40000 ALTER TABLE `tbmJobItems` ENABLE KEYS */;
UNLOCK TABLES;

--
-- Table structure for table `tbmJobOrder`
--

DROP TABLE IF EXISTS `tbmJobOrder`;
/*!40101 SET @saved_cs_client     = @@character_set_client */;
/*!40101 SET character_set_client = utf8 */;
CREATE TABLE `tbmJobOrder` (
  `jobCd` varchar(10) NOT NULL DEFAULT '' COMMENT '작업지시표기코드',
  `jobNm` varchar(200) DEFAULT '' COMMENT '제품명',
  `mkType` varchar(5) DEFAULT '' COMMENT '제작구분(공통코드)',
  `compCd` int(10) DEFAULT '0' COMMENT '발주처',
  `startDt` varchar(10) DEFAULT '' COMMENT '시작일',
  `dueDt` varchar(10) DEFAULT '' COMMENT '납기일',
  `inDueDt` varchar(10) DEFAULT '' COMMENT '내부납기일',
  `qty` int(10) DEFAULT '0' COMMENT '수량',
  `unitPrice` decimal(18,0) DEFAULT '0' COMMENT '단가',
  `memo` varchar(3000) DEFAULT '' COMMENT '비고',
  `flagYN` varchar(1) DEFAULT 'Y' COMMENT '삭제여부(Y:유효/N:삭제)',
  `regDate` datetime DEFAULT NULL COMMENT '최초저장일',
  `issueDate` datetime DEFAULT NULL COMMENT '최종저장일',
  `issueID` varchar(20) DEFAULT '' COMMENT '최종저장자',
  PRIMARY KEY (`jobCd`) USING BTREE
) ENGINE=InnoDB DEFAULT CHARSET=utf8 COMMENT='작업지시';
/*!40101 SET character_set_client = @saved_cs_client */;

--
-- Dumping data for table `tbmJobOrder`
--

LOCK TABLES `tbmJobOrder` WRITE;
/*!40000 ALTER TABLE `tbmJobOrder` DISABLE KEYS */;
INSERT INTO `tbmJobOrder` VALUES ('0','테스트3','00300',13,'2024-09-11','2024-09-11','2024-09-11',1,200,'메모3','N','2024-09-11 14:41:50','2024-09-11 15:07:23','jade'),('240911-001','프로시저','00100',1,'2024-09-11','2024-09-11','2024-09-11',1,100,'메모','Y','2024-09-11 15:03:51','2024-09-11 17:46:55','jade'),('240911-002','프로시저','00200',13,'2024-09-11','2024-09-12','2024-09-13',2,2000,'메모ㅋ','N','2024-09-11 15:05:24','2024-09-13 14:27:52','jade'),('240911-003','ㅋ','00200',16,'2024-09-11','2024-09-11','2024-09-11',1,0,'','N','2024-09-11 15:19:26','2024-09-11 15:19:33','jade'),('240911-004','테스틍','00100',1,'2024-09-11','2024-09-11','2024-09-11',112,0,'','Y','2024-09-11 17:47:09','2024-09-13 13:28:21','jade'),('240912-001','프로젝트요','00100',13,'2024-09-12','2024-09-12','2024-09-12',111,0,'','Y','2024-09-12 10:20:43','2024-09-19 16:48:07','jade');
/*!40000 ALTER TABLE `tbmJobOrder` ENABLE KEYS */;
UNLOCK TABLES;

--
-- Table structure for table `tbmJobPlan`
--

DROP TABLE IF EXISTS `tbmJobPlan`;
/*!40101 SET @saved_cs_client     = @@character_set_client */;
/*!40101 SET character_set_client = utf8 */;
CREATE TABLE `tbmJobPlan` (
  `planSeq` int(11) NOT NULL AUTO_INCREMENT,
  `jobCd` varchar(10) NOT NULL DEFAULT '' COMMENT '작업지시코드',
  `prodCd` varchar(3) NOT NULL DEFAULT '' COMMENT '품번',
  `unitProcCd` varchar(5) NOT NULL DEFAULT '' COMMENT '단위공정 코드',
  `jobSort` int(11) NOT NULL DEFAULT '1' COMMENT '단위공정 순서',
  `startDt` varchar(10) DEFAULT '' COMMENT '계획시작일',
  `flagYN` varchar(1) DEFAULT 'Y' COMMENT '삭제여부(Y:유효/N:삭제)',
  `regDate` datetime DEFAULT NULL COMMENT '최초저장일',
  `issueDate` datetime DEFAULT NULL COMMENT '최종저장일',
  `issueID` varchar(20) DEFAULT '' COMMENT '최종저장자',
  PRIMARY KEY (`planSeq`)
) ENGINE=InnoDB AUTO_INCREMENT=11 DEFAULT CHARSET=utf8 COMMENT='스케줄링';
/*!40101 SET character_set_client = @saved_cs_client */;

--
-- Dumping data for table `tbmJobPlan`
--

LOCK TABLES `tbmJobPlan` WRITE;
/*!40000 ALTER TABLE `tbmJobPlan` DISABLE KEYS */;
INSERT INTO `tbmJobPlan` VALUES (1,'240911-001','001','00300',2,'2024-10-14','Y','2024-10-11 14:45:14','2024-10-11 14:45:14','jade'),(2,'240911-001','001','00400',1,'2024-10-11','Y','2024-10-11 14:45:14','2024-10-11 14:45:14','jade'),(3,'240911-004','001','00100',2,'2024-10-16','Y','2024-10-11 14:18:59','2024-10-11 14:18:59','jade'),(4,'240911-004','001','00700',1,'2024-10-15','Y','2024-10-11 14:18:59','2024-10-11 14:18:59','jade'),(5,'240912-001','001','00200',2,'2024-10-11','Y','2024-10-10 18:16:21','2024-10-10 18:16:21','jade'),(6,'240912-001','001','00300',1,'2024-10-10','Y','2024-10-10 18:16:21','2024-10-10 18:16:21','jade'),(7,'240912-001','001','00400',3,'2024-10-12','Y','2024-10-10 18:16:21','2024-10-10 18:16:21','jade'),(8,'240912-001','004','00100',3,'2024-10-12','Y','2024-10-10 18:17:42','2024-10-10 18:17:42','jade'),(9,'240912-001','004','00200',2,'2024-10-11','Y','2024-10-10 18:17:42','2024-10-10 18:17:42','jade'),(10,'240912-001','004','00300',1,'2024-10-10','Y','2024-10-10 18:17:42','2024-10-10 18:17:42','jade');
/*!40000 ALTER TABLE `tbmJobPlan` ENABLE KEYS */;
UNLOCK TABLES;

--
-- Temporary table structure for view `viewprodall`
--

DROP TABLE IF EXISTS `viewprodall`;
/*!50001 DROP VIEW IF EXISTS `viewprodall`*/;
SET @saved_cs_client     = @@character_set_client;
SET character_set_client = utf8;
/*!50001 CREATE TABLE `viewprodall` (
  `prodCd` tinyint NOT NULL,
  `prodNm` tinyint NOT NULL,
  `bomType` tinyint NOT NULL
) ENGINE=MyISAM */;
SET character_set_client = @saved_cs_client;

--
-- Dumping routines for database 'warehouse'
--
/*!50003 DROP FUNCTION IF EXISTS `countStr` */;
/*!50003 SET @saved_cs_client      = @@character_set_client */ ;
/*!50003 SET @saved_cs_results     = @@character_set_results */ ;
/*!50003 SET @saved_col_connection = @@collation_connection */ ;
/*!50003 SET character_set_client  = utf8mb4 */ ;
/*!50003 SET character_set_results = utf8mb4 */ ;
/*!50003 SET collation_connection  = utf8mb4_general_ci */ ;
/*!50003 SET @saved_sql_mode       = @@sql_mode */ ;
/*!50003 SET sql_mode              = 'STRICT_TRANS_TABLES,NO_ENGINE_SUBSTITUTION' */ ;
DELIMITER ;;
CREATE  FUNCTION `countStr`(

	`X` VARCHAR(255),

	`DELIM` VARCHAR(12)

) RETURNS int(11)
RETURN (LENGTH(X) - LENGTH(REPLACE(X, DELIM, ''))) / LENGTH(DELIM) ;;
DELIMITER ;
/*!50003 SET sql_mode              = @saved_sql_mode */ ;
/*!50003 SET character_set_client  = @saved_cs_client */ ;
/*!50003 SET character_set_results = @saved_cs_results */ ;
/*!50003 SET collation_connection  = @saved_col_connection */ ;
/*!50003 DROP FUNCTION IF EXISTS `splitToRow` */;
/*!50003 SET @saved_cs_client      = @@character_set_client */ ;
/*!50003 SET @saved_cs_results     = @@character_set_results */ ;
/*!50003 SET @saved_col_connection = @@collation_connection */ ;
/*!50003 SET character_set_client  = utf8mb4 */ ;
/*!50003 SET character_set_results = utf8mb4 */ ;
/*!50003 SET collation_connection  = utf8mb4_general_ci */ ;
/*!50003 SET @saved_sql_mode       = @@sql_mode */ ;
/*!50003 SET sql_mode              = 'NO_AUTO_VALUE_ON_ZERO' */ ;
DELIMITER ;;
CREATE  FUNCTION `splitToRow`(

 `@inStr` TEXT,

 `@split` VARCHAR(1),

 `@pos` INT

) RETURNS text CHARSET utf8
RETURN

 SUBSTRING_INDEX (

  SUBSTRING_INDEX (

   `@inStr`,

   `@split`,

   `@pos`

  ),

 `@split`, -1

); ;;
DELIMITER ;
/*!50003 SET sql_mode              = @saved_sql_mode */ ;
/*!50003 SET character_set_client  = @saved_cs_client */ ;
/*!50003 SET character_set_results = @saved_cs_results */ ;
/*!50003 SET collation_connection  = @saved_col_connection */ ;
/*!50003 DROP PROCEDURE IF EXISTS `sp_Bom` */;
/*!50003 SET @saved_cs_client      = @@character_set_client */ ;
/*!50003 SET @saved_cs_results     = @@character_set_results */ ;
/*!50003 SET @saved_col_connection = @@collation_connection */ ;
/*!50003 SET character_set_client  = utf8mb4 */ ;
/*!50003 SET character_set_results = utf8mb4 */ ;
/*!50003 SET collation_connection  = utf8mb4_general_ci */ ;
/*!50003 SET @saved_sql_mode       = @@sql_mode */ ;
/*!50003 SET sql_mode              = 'NO_AUTO_VALUE_ON_ZERO' */ ;
DELIMITER ;;
CREATE  PROCEDURE `sp_Bom`(

	IN `@prodCd` INT(10),

	IN `@resrcCd` INT(10),

	IN `@bomType` VARCHAR(10),

	IN `@qty` INT(10),

	IN `@unitQty` DECIMAL(5,2),

	IN `@flagYN` VARCHAR(1),

	IN `@issueID` VARCHAR(20)

)
BEGIN

	DECLARE `@isCd` INTEGER DEFAULT 0;



	SELECT COUNT(*) INTO `@isCd`

	FROM tblBom

	WHERE prodCd=`@prodCd` AND resrcCd=`@resrcCd` AND bomType=`@bomType`;



	IF `@isCd`=0 THEN

    INSERT INTO tblBom (

      prodCd,

      resrcCd,

      qty,

      unitQty,

      bomType,

      flagYN,

      issueID,

      regDate,

      issueDate

    )

    VALUES (

      `@prodCd`,

      `@resrcCd`,

      `@qty`,

      `@unitQty`,

      `@bomType`,

      `@flagYN`,

      `@issueID`,

      NOW(),

      NOW()

    );

	ELSE

    UPDATE

      tblBom

    SET

      qty=`@qty`,

      unitQty=`@unitQty`,

      bomType=`@bomType`,

      flagYN=`@flagYN`,

      issueID=`@issueID`,

      issueDate=NOW()

    WHERE

      prodCd=`@prodCd` AND resrcCd=`@resrcCd` AND bomType=`@bomType`;

	END IF;

END ;;
DELIMITER ;
/*!50003 SET sql_mode              = @saved_sql_mode */ ;
/*!50003 SET character_set_client  = @saved_cs_client */ ;
/*!50003 SET character_set_results = @saved_cs_results */ ;
/*!50003 SET collation_connection  = @saved_col_connection */ ;
/*!50003 DROP PROCEDURE IF EXISTS `sp_BuyOrder` */;
/*!50003 SET @saved_cs_client      = @@character_set_client */ ;
/*!50003 SET @saved_cs_results     = @@character_set_results */ ;
/*!50003 SET @saved_col_connection = @@collation_connection */ ;
/*!50003 SET character_set_client  = utf8mb4 */ ;
/*!50003 SET character_set_results = utf8mb4 */ ;
/*!50003 SET collation_connection  = utf8mb4_general_ci */ ;
/*!50003 SET @saved_sql_mode       = @@sql_mode */ ;
/*!50003 SET sql_mode              = 'STRICT_TRANS_TABLES,NO_ENGINE_SUBSTITUTION' */ ;
DELIMITER ;;
CREATE  PROCEDURE `sp_BuyOrder`(

	IN `@BOrderCd` VARCHAR(13),

	IN `@compCd` INT(11),

	IN `@gCompCd` INT(11),

	IN `@buyPhone` VARCHAR(50),

	IN `@buyFax` VARCHAR(50),

	IN `@buyMajor` VARCHAR(20),

	IN `@dueDt` VARCHAR(10),

	IN `@flagYN` VARCHAR(1),

	IN `@issueID` VARCHAR(20),

	OUT `@rsOrderCd` VARCHAR(20)

)
BEGIN

  DECLARE `@isCd` INTEGER DEFAULT 0;

  DECLARE `@curDt` VARCHAR(6) DEFAULT '';

  DECLARE `@isOrder` INTEGER DEFAULT 0;

  DECLARE `@seq` VARCHAR(5) DEFAULT '';

  

  SELECT COUNT(*) INTO `@isCd` FROM tblBuyOrder WHERE BOrderCd=`@BOrderCd`;

  

  IF `@BOrderCd` = '' THEN

		BEGIN

			SELECT DATE_FORMAT(now(), '%y%m%d') INTO `@curDt`;

			

			SELECT (COUNT(*) + 1) INTO `@isOrder` FROM tblBuyOrder 

			WHERE BOrderCd LIKE CONCAT('BO',DATE_FORMAT(now(), '%y%m%d'),'%') AND gCompCd = `@gCompCd`;

			

			SELECT LPAD(`@isOrder`, '4', '0') INTO `@seq`;

			

			SET `@BOrderCd` = CONCAT('BO',`@curDt`,'-',`@seq`);

		END;

	END IF;

	

	IF `@isCd`=0 THEN

    INSERT INTO tblBuyOrder (

      BOrderCd,

      compCd,

      gCompCd,

      buyPhone,

      buyFax,

      buyMajor,

      dueDt,

      flagYN,

      regDate,

      issueDate,

      issueID

    )

    VALUES (

      `@BOrderCd`,

      `@compCd`,

      `@gCompCd`,

      `@buyPhone`,

      `@buyFax`,

      `@buyMajor`,

      `@dueDt`,    

      `@flagYN`,

      NOW(),

      NOW(),

      `@issueID`

    );

	ELSE

    UPDATE

      tblBuyOrder

    SET

      gCompCd=`@gCompCd`,

      buyPhone=`@buyPhone`,

      buyFax=`@buyFax`,

      buyMajor=`@buyMajor`,

      dueDt=`@dueDt`,

      flagYN=`@flagYN`,

      issueDate=NOW(),

      issueID=`@issueID`

    WHERE

      BOrderCd=`@BOrderCd`;

	END IF;

	

   SELECT `@BOrderCd` INTO `@rsOrderCd`;

END ;;
DELIMITER ;
/*!50003 SET sql_mode              = @saved_sql_mode */ ;
/*!50003 SET character_set_client  = @saved_cs_client */ ;
/*!50003 SET character_set_results = @saved_cs_results */ ;
/*!50003 SET collation_connection  = @saved_col_connection */ ;
/*!50003 DROP PROCEDURE IF EXISTS `sp_BuyOrderCheck` */;
/*!50003 SET @saved_cs_client      = @@character_set_client */ ;
/*!50003 SET @saved_cs_results     = @@character_set_results */ ;
/*!50003 SET @saved_col_connection = @@collation_connection */ ;
/*!50003 SET character_set_client  = utf8mb4 */ ;
/*!50003 SET character_set_results = utf8mb4 */ ;
/*!50003 SET collation_connection  = utf8mb4_general_ci */ ;
/*!50003 SET @saved_sql_mode       = @@sql_mode */ ;
/*!50003 SET sql_mode              = 'STRICT_TRANS_TABLES,NO_ENGINE_SUBSTITUTION' */ ;
DELIMITER ;;
CREATE  PROCEDURE `sp_BuyOrderCheck`(

	IN `@BOrderSeq` INT(10)

)
BEGIN

	DECLARE `@BOrderCd` VARCHAR(13) DEFAULT '';

	DECLARE `@isYN` int DEFAULT 0;

	

  	SELECT BOrderCd INTO `@BOrderCd`

  	FROM tblBuyOrderItems

  	WHERE BOrderSeq=`@BOrderSeq`;

  	

	SELECT IFNULL(COUNT(*),0) INTO `@isYN`

	FROM tblBuyOrderItems A

		INNER JOIN (SELECT planYN, BOrderSeq FROM tblProductInOut WHERE flagYN = 'Y') B ON A.BOrderSeq = B.BOrderSeq

	WHERE A.BOrderCd = `@BOrderCd` AND A.flagYN = 'Y' AND B.planYN = 'Y';

  	

  	IF `@isYN`= 0 THEN

	 	UPDATE tblBuyOrder SET enterYN='Y', issueDate=NOW() WHERE BOrderCd = `@BOrderCd`;

	ELSE

		UPDATE tblBuyOrder SET enterYN='N', issueDate=NOW() WHERE BOrderCd = `@BOrderCd`;

	END IF;

	

END ;;
DELIMITER ;
/*!50003 SET sql_mode              = @saved_sql_mode */ ;
/*!50003 SET character_set_client  = @saved_cs_client */ ;
/*!50003 SET character_set_results = @saved_cs_results */ ;
/*!50003 SET collation_connection  = @saved_col_connection */ ;
/*!50003 DROP PROCEDURE IF EXISTS `sp_BuyOrderItems` */;
/*!50003 SET @saved_cs_client      = @@character_set_client */ ;
/*!50003 SET @saved_cs_results     = @@character_set_results */ ;
/*!50003 SET @saved_col_connection = @@collation_connection */ ;
/*!50003 SET character_set_client  = utf8mb4 */ ;
/*!50003 SET character_set_results = utf8mb4 */ ;
/*!50003 SET collation_connection  = utf8mb4_general_ci */ ;
/*!50003 SET @saved_sql_mode       = @@sql_mode */ ;
/*!50003 SET sql_mode              = 'STRICT_TRANS_TABLES,NO_ENGINE_SUBSTITUTION' */ ;
DELIMITER ;;
CREATE  PROCEDURE `sp_BuyOrderItems`(

	IN `@BOrderSeq` INT(10),

	IN `@prodCd` INT(10),

	IN `@BOrderCd` VARCHAR(13),

	IN `@qty` DECIMAL(20,2),

	IN `@unitPrice` NUMERIC(20,2),

	IN `@remark` VARCHAR(4000),

	IN `@inOutDt` VARCHAR(10),

	IN `@limitDt` VARCHAR(10),

	IN `@compCd` INT(10),

	IN `@flagYN` VARCHAR(1),

	IN `@issueID` VARCHAR(20),

	OUT `@rsSeq` VARCHAR(20)

)
BEGIN

  DECLARE `@isCd` INTEGER DEFAULT 0;

  DECLARE `@isYN` VARCHAR(1) DEFAULT '';

  DECLARE `@viewUnit` VARCHAR(5) DEFAULT '';

  DECLARE `@viewValue`INT(11) DEFAULT '0';

  

  SELECT unit INTO `@viewUnit` FROM tblProduct WHERE prodCd=`@prodCd`;  

  SELECT CAST(itemMemo AS INT) INTO `@viewValue` FROM tblCommonCd WHERE groupCd='0009' AND itemCd=`@viewUnit`;

  

  SELECT COUNT(*) INTO `@isCd`

  FROM tblBuyOrderItems

  WHERE BOrderSeq=`@BOrderSeq`;

  

  IF `@isCd`=0 THEN

    INSERT INTO tblBuyOrderItems (

    	prodCd,

      BOrderCd,

      qty,

      unitPrice,

      remark,

      flagYN,

      regDate,

      issueDate,

      issueID

    )

    VALUES (

    	`@prodCd`,

      `@BOrderCd`,

      `@qty`,

      `@unitPrice`,

      `@remark`,

      `@flagYN`,

      NOW(),

      NOW(),

      `@issueID`

    );

	 ELSE

    UPDATE

      tblBuyOrderItems

    SET

    	prodCd=`@prodCd`,

      BOrderCd=`@BOrderCd`,

      qty=`@qty`,

      unitPrice=`@unitPrice`,

      remark=`@remark`,

      flagYN=`@flagYN`,

      issueDate=NOW(),

      issueID=`@issueID`

    WHERE

      BOrderSeq=`@BOrderSeq`;

	END IF;

	

	SELECT LAST_INSERT_ID() INTO `@rsSeq`;

	

	IF `@isCd`=0 THEN

		 CALL sp_ProductInOut(0, `@inOutDt`, `@prodCd`, `@BOrderCd`, `@qty`,`@viewValue`, `@viewUnit`, 0, `@unitPrice`, `@limitDt`, '', `@compCd`, 'D', 0, `@rsSeq`, 'Y', 'Y', '');

	ELSE

	

		SELECT planYN INTO `@isYN`

  		FROM tblProductInOut

  		WHERE BOrderSeq=`@BOrderSeq`;

  		

	  	IF `@isYN`='Y' THEN		  	

		UPDATE 

			tblProductInOut 

		SET 

			inOutDt=`@inOutDt`,

			prodCd=`@prodCd`, 

			qty=`@qty`, 

			unitPrice=`@unitPrice`, 

			limitDt=`@limitDt`,

			compCd=`@compCd`,

			issueDate=NOW(), 

			issueID=`@issueID` 

		WHERE 

			BOrderSeq=`@BOrderSeq`;

		END IF;

			

	END IF;

		

END ;;
DELIMITER ;
/*!50003 SET sql_mode              = @saved_sql_mode */ ;
/*!50003 SET character_set_client  = @saved_cs_client */ ;
/*!50003 SET character_set_results = @saved_cs_results */ ;
/*!50003 SET collation_connection  = @saved_col_connection */ ;
/*!50003 DROP PROCEDURE IF EXISTS `sp_CashVoucher` */;
/*!50003 SET @saved_cs_client      = @@character_set_client */ ;
/*!50003 SET @saved_cs_results     = @@character_set_results */ ;
/*!50003 SET @saved_col_connection = @@collation_connection */ ;
/*!50003 SET character_set_client  = utf8mb4 */ ;
/*!50003 SET character_set_results = utf8mb4 */ ;
/*!50003 SET collation_connection  = utf8mb4_general_ci */ ;
/*!50003 SET @saved_sql_mode       = @@sql_mode */ ;
/*!50003 SET sql_mode              = 'STRICT_TRANS_TABLES,NO_ENGINE_SUBSTITUTION' */ ;
DELIMITER ;;
CREATE  PROCEDURE `sp_CashVoucher`(

	IN `@voucherCd` VARCHAR(13),

	IN `@voucherSeq` INT(11),

	IN `@BOrderCd` VARCHAR(13),

	IN `@openDt` VARCHAR(10),

	IN `@cashYN` VARCHAR(1),

	IN `@completeYN` VARCHAR(1),

	IN `@completeID` VARCHAR(20),

	IN `@memo` VARCHAR(10),

	IN `@flagYN` VARCHAR(1),

	IN `@issueID` VARCHAR(20)

)
BEGIN

  DECLARE `@isCd` INTEGER DEFAULT 0;

  

  IF `@voucherSeq` = 0 THEN

  	SELECT COUNT(*) + 1 INTO `@voucherSeq` FROM tblCashVoucher WHERE voucherCd = `@voucherCd`;

  END IF;

  

  SELECT COUNT(*) INTO `@isCd` 

  FROM tblCashVoucher 

  WHERE voucherCd = `@voucherCd` AND voucherSeq = `@voucherSeq`;

  

  IF `@isCd`=0 THEN

    INSERT INTO tblCashVoucher (

      voucherCd,

      voucherSeq,

      BOrderCd,

      openDt,

      cashYN,

      completeYN,

      completeID,

      memo,

      flagYN,

      regDate,

      issueDate,

      issueID

    )

    VALUES (

      `@voucherCd`,

      `@voucherSeq`,

      `@BOrderCd`,

      `@openDt`,

      `@cashYN`,

      `@completeYN`,

      `@completeID`,

      `@memo`,   

      `@flagYN`,

      NOW(),

      NOW(),

      `@issueID`

    );

	 ELSE

    UPDATE

      tblCashVoucher

    SET

      BOrderCd=`@BOrderCd`,

      openDt=`@openDt`,

      cashYN=`@cashYN`,

      completeYN=`@completeYN`,

      completeID=`@completeID`,

      memo=`@memo`,

      flagYN=`@flagYN`,

      issueDate=NOW(),

      issueID=`@issueID`

    WHERE

      voucherCd=`@voucherCd` AND voucherSeq=`@voucherSeq`;

	END IF;

END ;;
DELIMITER ;
/*!50003 SET sql_mode              = @saved_sql_mode */ ;
/*!50003 SET character_set_client  = @saved_cs_client */ ;
/*!50003 SET character_set_results = @saved_cs_results */ ;
/*!50003 SET collation_connection  = @saved_col_connection */ ;
/*!50003 DROP PROCEDURE IF EXISTS `sp_CashVoucherComplete` */;
/*!50003 SET @saved_cs_client      = @@character_set_client */ ;
/*!50003 SET @saved_cs_results     = @@character_set_results */ ;
/*!50003 SET @saved_col_connection = @@collation_connection */ ;
/*!50003 SET character_set_client  = utf8mb4 */ ;
/*!50003 SET character_set_results = utf8mb4 */ ;
/*!50003 SET collation_connection  = utf8mb4_general_ci */ ;
/*!50003 SET @saved_sql_mode       = @@sql_mode */ ;
/*!50003 SET sql_mode              = 'STRICT_TRANS_TABLES,NO_ENGINE_SUBSTITUTION' */ ;
DELIMITER ;;
CREATE  PROCEDURE `sp_CashVoucherComplete`(

	IN `@voucherCd` VARCHAR(13),

	IN `@voucherSeq` INT(11),

	IN `@completeYN` VARCHAR(1),

	IN `@issueID` VARCHAR(20)

)
BEGIN

	

  	IF `@completeYN` = 'N' THEN

  		UPDATE tblCashVoucher SET completeYN=`@completeYN`, completeID='', issueDate=NOW(), issueID=`@issueID`

		WHERE completeID=`@issueID` AND voucherCd=`@voucherCd` AND voucherSeq=`@voucherSeq`;ELSE

  		UPDATE tblCashVoucher SET completeYN=`@completeYN`, completeID=`@issueID`, issueDate=NOW(), issueID=`@issueID` 

		WHERE voucherCd=`@voucherCd` AND voucherSeq=`@voucherSeq`;END IF;END ;;
DELIMITER ;
/*!50003 SET sql_mode              = @saved_sql_mode */ ;
/*!50003 SET character_set_client  = @saved_cs_client */ ;
/*!50003 SET character_set_results = @saved_cs_results */ ;
/*!50003 SET collation_connection  = @saved_col_connection */ ;
/*!50003 DROP PROCEDURE IF EXISTS `sp_Category` */;
/*!50003 SET @saved_cs_client      = @@character_set_client */ ;
/*!50003 SET @saved_cs_results     = @@character_set_results */ ;
/*!50003 SET @saved_col_connection = @@collation_connection */ ;
/*!50003 SET character_set_client  = utf8mb4 */ ;
/*!50003 SET character_set_results = utf8mb4 */ ;
/*!50003 SET collation_connection  = utf8mb4_general_ci */ ;
/*!50003 SET @saved_sql_mode       = @@sql_mode */ ;
/*!50003 SET sql_mode              = 'NO_AUTO_VALUE_ON_ZERO' */ ;
DELIMITER ;;
CREATE  PROCEDURE `sp_Category`(

  IN `@catSeq` INT(11),

  IN `@catNm` VARCHAR(100),

  IN `@parentsCatSeq` INT(11),

  IN `@catOrder` INT(11),

  IN `@flagYN` VARCHAR(1),

  IN `@issueID` VARCHAR(20)

)
BEGIN

DECLARE `@isCd` INTEGER DEFAULT 0;

DECLARE `@step` INTEGER DEFAULT 0;



SELECT COUNT(*) INTO `@isCd`

FROM tblCategory

WHERE catSeq=`@catSeq`;



SELECT (step + 1) INTO `@step`

FROM tblCategory

WHERE catSeq=`@parentsCatSeq`;



IF `@parentsCatSeq`=0 THEN

SET `@step`=0;

END IF;



IF `@isCd`=0 THEN

INSERT INTO tblCategory (

  catNm,

  parentsCatSeq,

  catOrder,

  step,

  flagYN,

  regDate,

  issueDate,

  issueID

)

VALUES (

`@catNm`,

`@parentsCatSeq`,

`@catOrder`,

`@step`,

`@flagYN`,

  NOW(),

  NOW(),

`@issueID`

);

ELSE

UPDATE tblCategory

SET

catNm=`@catNm`,

step=`@step`,

parentsCatSeq=`@parentsCatSeq`,

catOrder=`@catOrder`,

flagYN=`@flagYN`,

issueDate=NOW(),

issueID=`@issueID`

WHERE catSeq=`@catSeq`;

END IF;

END ;;
DELIMITER ;
/*!50003 SET sql_mode              = @saved_sql_mode */ ;
/*!50003 SET character_set_client  = @saved_cs_client */ ;
/*!50003 SET character_set_results = @saved_cs_results */ ;
/*!50003 SET collation_connection  = @saved_col_connection */ ;
/*!50003 DROP PROCEDURE IF EXISTS `sp_CommonCd` */;
/*!50003 SET @saved_cs_client      = @@character_set_client */ ;
/*!50003 SET @saved_cs_results     = @@character_set_results */ ;
/*!50003 SET @saved_col_connection = @@collation_connection */ ;
/*!50003 SET character_set_client  = utf8mb4 */ ;
/*!50003 SET character_set_results = utf8mb4 */ ;
/*!50003 SET collation_connection  = utf8mb4_general_ci */ ;
/*!50003 SET @saved_sql_mode       = @@sql_mode */ ;
/*!50003 SET sql_mode              = 'NO_AUTO_VALUE_ON_ZERO' */ ;
DELIMITER ;;
CREATE  PROCEDURE `sp_CommonCd`(

  IN `@groupCd` VARCHAR(4),

  IN `@itemCd` VARCHAR(5),

  IN `@groupNm` VARCHAR(50),

  IN `@itemNm` VARCHAR(50),

  IN `@itemMemo` VARCHAR(400),

  IN `@itemSeq` INT,

  IN `@flagYN` VARCHAR(1),

  IN `@issueID` VARCHAR(20)

)
BEGIN

DECLARE `@isCd` INTEGER DEFAULT 0;



SELECT COUNT(*) INTO `@isCd`

FROM tblCommonCd

WHERE groupCd=`@groupCd` AND itemCd=`@itemCd`;



IF `@groupNm`='' THEN

SELECT groupNm INTO `@groupNm`

FROM tblCommonCd

WHERE groupCd=`@groupCd` LIMIT 1;

END IF;



IF `@isCd`=0 THEN

INSERT INTO tblCommonCd (

  groupCd,

  itemCd,

  groupNm,

  itemNm,

  itemMemo,

  itemSeq,

  flagYN,

  regDate,

  issueDate,

  issueID

)

VALUES (

`@groupCd`,

`@itemCd`,

`@groupNm`,

`@itemNm`,

`@itemMemo`,

`@itemSeq`,

`@flagYN`,

  NOW(),

  NOW(),

`@issueID`

);

ELSE

UPDATE tblCommonCd

SET

groupNm=`@groupNm`,

itemNm=`@itemNm`,

itemMemo=`@itemMemo`,

itemSeq=`@itemSeq`,

flagYN=`@flagYN`,

issueDate=NOW(),

issueID=`@issueID`

WHERE groupCd=`@groupCd` AND itemCd=`@itemCd`;

END IF;

END ;;
DELIMITER ;
/*!50003 SET sql_mode              = @saved_sql_mode */ ;
/*!50003 SET character_set_client  = @saved_cs_client */ ;
/*!50003 SET character_set_results = @saved_cs_results */ ;
/*!50003 SET collation_connection  = @saved_col_connection */ ;
/*!50003 DROP PROCEDURE IF EXISTS `sp_Company` */;
/*!50003 SET @saved_cs_client      = @@character_set_client */ ;
/*!50003 SET @saved_cs_results     = @@character_set_results */ ;
/*!50003 SET @saved_col_connection = @@collation_connection */ ;
/*!50003 SET character_set_client  = utf8mb4 */ ;
/*!50003 SET character_set_results = utf8mb4 */ ;
/*!50003 SET collation_connection  = utf8mb4_general_ci */ ;
/*!50003 SET @saved_sql_mode       = @@sql_mode */ ;
/*!50003 SET sql_mode              = 'STRICT_TRANS_TABLES,NO_ENGINE_SUBSTITUTION' */ ;
DELIMITER ;;
CREATE  PROCEDURE `sp_Company`(

	IN `@compCd` INT(10),

	IN `@gCompCd` INT(11),

	IN `@compNm` VARCHAR(100),

	IN `@compNo` VARCHAR(20),

	IN `@owner` VARCHAR(20),

	IN `@major` VARCHAR(20),

	IN `@phone` VARCHAR(100),

	IN `@taxEmail` VARCHAR(100),

	IN `@address` VARCHAR(100),

	IN `@compType` VARCHAR(1000),

	IN `@compPart` VARCHAR(1000),

	IN `@remarks` VARCHAR(4000),

	IN `@flagYN` VARCHAR(1),

	IN `@issueID` VARCHAR(20)

)
BEGIN

  DECLARE `@isCd` INTEGER DEFAULT 0;SELECT COUNT(*) INTO `@isCd`

  FROM tblCompany

  WHERE compCd=`@compCd`;IF `@isCd`=0 THEN

    INSERT INTO tblCompany (

    	gCompCd,

      compNm,

      compNo,

      owner,

      major,

      phone,

      taxEmail,

      address,

      compType,

      compPart,

      remarks,

      flagYN,

      regDate,

      issueDate,

      issueID

    )

    VALUES (

    	`@gCompCd`,

      `@compNm`,

      `@compNo`,

      `@owner`,

      `@major`,

      `@phone`,

      `@taxEmail`,

      `@address`,

      `@compType`,

      `@compPart`,

      `@remarks`,

      `@flagYN`,

      NOW(),

      NOW(),

      `@issueID`

    );ELSE

    UPDATE

      tblCompany

    SET

    	gCompCd=`@gCompCd`,

      compNm=`@compNm`,

      compNo=`@compNo`,

      owner=`@owner`,

      major=`@major`,

      phone=`@phone`,

      taxEmail=`@taxEmail`,

      address=`@address`,

      compType=`@compType`,

      compPart=`@compPart`,

      remarks=`@remarks`,

      flagYN=`@flagYN`,

      issueDate=NOW(),

      issueID=`@issueID`

    WHERE

      compCd=`@compCd`;END IF;IF `@compCd`=0 THEN

    SET `@compCd`=LAST_INSERT_ID();-- 신규등록시 파일 저장

    UPDATE tblFiles

    SET tableKey=`@compCd`

    WHERE tableNm='tblCompany' AND tableKey=0;END IF;END ;;
DELIMITER ;
/*!50003 SET sql_mode              = @saved_sql_mode */ ;
/*!50003 SET character_set_client  = @saved_cs_client */ ;
/*!50003 SET character_set_results = @saved_cs_results */ ;
/*!50003 SET collation_connection  = @saved_col_connection */ ;
/*!50003 DROP PROCEDURE IF EXISTS `sp_DayOff` */;
/*!50003 SET @saved_cs_client      = @@character_set_client */ ;
/*!50003 SET @saved_cs_results     = @@character_set_results */ ;
/*!50003 SET @saved_col_connection = @@collation_connection */ ;
/*!50003 SET character_set_client  = utf8mb4 */ ;
/*!50003 SET character_set_results = utf8mb4 */ ;
/*!50003 SET collation_connection  = utf8mb4_general_ci */ ;
/*!50003 SET @saved_sql_mode       = @@sql_mode */ ;
/*!50003 SET sql_mode              = 'NO_AUTO_VALUE_ON_ZERO' */ ;
DELIMITER ;;
CREATE  PROCEDURE `sp_DayOff`(

  IN `@offSeq` INT(11),

  IN `@userID` VARCHAR(20),

  IN `@offDate` VARCHAR(500),

  IN `@restCnt` INT(11),

  IN `@flagYN` VARCHAR(1),

  IN `@issueID` VARCHAR(20)

)
BEGIN

DECLARE `@isCd` INTEGER DEFAULT 0;



SELECT COUNT(*) INTO `@isCd`

FROM tblDayOff

WHERE offSeq=`@offSeq`;



IF `@isCd`=0 THEN

INSERT INTO tblDayOff (

  userID,

  offDate,

  unitQty,

  restCnt,

  flagYN,

  regDate,

  issueDate,

  issueID

)

VALUES (

`@userID`,

`@offDate`,

`@unitQty`,

`@restCnt`,

`@flagYN`,

  NOW(),

  NOW(),

`@issueID`

);

ELSE

UPDATE tblDayOff

SET

userID=`@userID`,

offDate=`@offDate`,

unitQty=`@unitQty`,

restCnt=`@restCnt`,

flagYN=`@flagYN`,

issueDate=NOW(),

issueID=`@issueID`

WHERE offSeq=`@offSeq`;

END IF;

END ;;
DELIMITER ;
/*!50003 SET sql_mode              = @saved_sql_mode */ ;
/*!50003 SET character_set_client  = @saved_cs_client */ ;
/*!50003 SET character_set_results = @saved_cs_results */ ;
/*!50003 SET collation_connection  = @saved_col_connection */ ;
/*!50003 DROP PROCEDURE IF EXISTS `sp_Files` */;
/*!50003 SET @saved_cs_client      = @@character_set_client */ ;
/*!50003 SET @saved_cs_results     = @@character_set_results */ ;
/*!50003 SET @saved_col_connection = @@collation_connection */ ;
/*!50003 SET character_set_client  = utf8mb4 */ ;
/*!50003 SET character_set_results = utf8mb4 */ ;
/*!50003 SET collation_connection  = utf8mb4_general_ci */ ;
/*!50003 SET @saved_sql_mode       = @@sql_mode */ ;
/*!50003 SET sql_mode              = 'NO_AUTO_VALUE_ON_ZERO' */ ;
DELIMITER ;;
CREATE  PROCEDURE `sp_Files`(

	IN `@fileSeq` INT(20),

	IN `@tableNm` VARCHAR(20),

	IN `@tableKey` VARCHAR(20),

	IN `@fileUrl` VARCHAR(1000),

	IN `@fileNm` VARCHAR(50),

	IN `@flagYN` VARCHAR(1),

	IN `@issueID` VARCHAR(20)

)
BEGIN

  DECLARE `@isCd` INTEGER DEFAULT 0;



  SELECT COUNT(*) INTO `@isCd`

  FROM tblFiles

  WHERE fileSeq=`@fileSeq`;



  IF `@isCd`=0 THEN

    INSERT INTO tblFiles (

      tableNm,

      tableKey,

      fileUrl,

      fileNm,

      flagYN,

      regDate,

      issueDate,

      issueID

    )

    VALUES (

      `@tableNm`,

      `@tableKey`,

      `@fileUrl`,

      `@fileNm`,

      `@flagYN`,

      NOW(),

      NOW(),

      `@issueID`

    );

  ELSE

    UPDATE tblFiles

    SET

      tableNm=`@tableNm`,

      tableKey=`@tableKey`,

      fileUrl=`@fileUrl`,

      fileNm=`@fileNm`,

      flagYN=`@flagYN`,

      issueDate=NOW(),

      issueID=`@issueID`

    WHERE fileSeq=`@fileSeq`;

  END IF;

END ;;
DELIMITER ;
/*!50003 SET sql_mode              = @saved_sql_mode */ ;
/*!50003 SET character_set_client  = @saved_cs_client */ ;
/*!50003 SET character_set_results = @saved_cs_results */ ;
/*!50003 SET collation_connection  = @saved_col_connection */ ;
/*!50003 DROP PROCEDURE IF EXISTS `sp_House` */;
/*!50003 SET @saved_cs_client      = @@character_set_client */ ;
/*!50003 SET @saved_cs_results     = @@character_set_results */ ;
/*!50003 SET @saved_col_connection = @@collation_connection */ ;
/*!50003 SET character_set_client  = utf8mb4 */ ;
/*!50003 SET character_set_results = utf8mb4 */ ;
/*!50003 SET collation_connection  = utf8mb4_general_ci */ ;
/*!50003 SET @saved_sql_mode       = @@sql_mode */ ;
/*!50003 SET sql_mode              = 'STRICT_TRANS_TABLES,NO_ENGINE_SUBSTITUTION' */ ;
DELIMITER ;;
CREATE  PROCEDURE `sp_House`(

	IN `@houseCd` INT(11),

	IN `@houseNm` VARCHAR(100),

	IN `@parentsHCd` INT(11),

	IN `@houseOrder` INT(11),

	IN `@flagYN` VARCHAR(1),

	IN `@issueID` VARCHAR(20)

)
BEGIN

  DECLARE `@isCd` INTEGER DEFAULT 0;

  DECLARE `@step` INTEGER DEFAULT 0;

  DECLARE `@hStructure` VARCHAR(1000) DEFAULT '';

  

  SELECT COUNT(*) INTO `@isCd`

  FROM tblHouse 

  WHERE houseCd=`@houseCd`;

  

  SELECT (step + 1), CONCAT(hStructure,'-',`@parentsHCd`) INTO `@step`, `@hStructure`

  FROM tblHouse

  WHERE houseCd=`@parentsHCd`;

  

  IF `@parentsHCd`=0 THEN

	 SET `@step`=0;

	 SET `@hStructure` = 0;

  END IF;



	IF `@isCd`=0 THEN

    INSERT INTO tblHouse (

      houseNm,

      parentsHCd,

      hStructure,

      houseOrder,

      step,

      flagYN,

      regDate,

      issueDate,

      issueID

   )

   VALUES (

      `@houseNm`,

      `@parentsHCd`,

		`@hStructure`,

      `@houseOrder`,

      `@step`,

      `@flagYN`,

      NOW(),

      NOW(),

      `@issueID`

   );

  ELSE



    UPDATE tblHouse

    SET

      houseNm=`@houseNm`,

      step=`@step`,

      parentsHCd=`@parentsHCd`,

      hStructure=`@hStructure`,

      houseOrder=`@houseOrder`,

      flagYN=`@flagYN`,

      issueDate=NOW(),

      issueID=`@issueID`

    WHERE houseCd=`@houseCd`;

  END IF;

END ;;
DELIMITER ;
/*!50003 SET sql_mode              = @saved_sql_mode */ ;
/*!50003 SET character_set_client  = @saved_cs_client */ ;
/*!50003 SET character_set_results = @saved_cs_results */ ;
/*!50003 SET collation_connection  = @saved_col_connection */ ;
/*!50003 DROP PROCEDURE IF EXISTS `sp_JobItems` */;
/*!50003 SET @saved_cs_client      = @@character_set_client */ ;
/*!50003 SET @saved_cs_results     = @@character_set_results */ ;
/*!50003 SET @saved_col_connection = @@collation_connection */ ;
/*!50003 SET character_set_client  = utf8mb4 */ ;
/*!50003 SET character_set_results = utf8mb4 */ ;
/*!50003 SET collation_connection  = utf8mb4_general_ci */ ;
/*!50003 SET @saved_sql_mode       = @@sql_mode */ ;
/*!50003 SET sql_mode              = 'STRICT_TRANS_TABLES,NO_ENGINE_SUBSTITUTION' */ ;
DELIMITER ;;
CREATE  PROCEDURE `sp_JobItems`(

	IN `@jobCd` varchar(10),

	IN `@prodCd` varchar(3),

	IN `@prdNm` varchar(200),

	IN `@partProdCd` VARCHAR(5),

	IN `@qomSeq` varchar(5),

	IN `@srcOption` varchar(50),

	IN `@qty` int(10),

	IN `@unitPrice` numeric(18,2),

	IN `@totalPrice` numeric(18,2),

	IN `@unit` varchar(20),

	IN `@memo` varchar(300),

	IN `@flagYN` VARCHAR(1),

	IN `@issueID` VARCHAR(20),

	OUT `@rsProdCd` VARCHAR(3)

)
BEGIN

  DECLARE `@isCd` INTEGER DEFAULT 0;

  DECLARE `@isProdCd` INTEGER DEFAULT 0;

  

  SELECT COUNT(*) INTO `@isCd` 

  FROM tbmJobItems 

  WHERE jobCd=`@jobCd` AND prodCd=`@prodCd`;

  

  IF `@prodCd` = '' THEN

		BEGIN

			

			SELECT (COUNT(*) + 1) INTO `@isProdCd` FROM tbmJobItems 

			WHERE jobCd=`@jobCd`;

			

			SELECT LPAD(`@isProdCd`, '3', '0') INTO `@prodCd`;

			

		END;

	END IF;

	

	IF `@isCd`=0 THEN

    INSERT INTO tbmJobItems (

      jobCd,

      prodCd,

      prdNm,

      partProdCd,

      qomSeq,

      srcOption,

      qty,

      unitPrice,

      totalPrice,

      unit,

      memo,    

      flagYN,

      regDate,

      issueDate,

      issueID

    )

    VALUES (

      `@jobCd`,

      `@prodCd`,

      `@prdNm`,

      `@partProdCd`,

      `@qomSeq`,

      `@srcOption`,

      `@qty`,

      `@unitPrice`,

      `@totalPrice`,

      `@unit`,

      `@memo`,		    

      `@flagYN`,

      NOW(),

      NOW(),

      `@issueID`

    );ELSE

    UPDATE

      tbmJobItems

    SET

      prdNm=`@prdNm`,

      partProdCd=`@partProdCd`,

      qomSeq=`@qomSeq`,

      srcOption=`@srcOption`,

      qty=`@qty`,

      unitPrice=`@unitPrice`,

      totalPrice=`@totalPrice`,

      unit=`@unit`,

      memo=`@memo`,  

      flagYN=`@flagYN`,

      issueDate=NOW(),

      issueID=`@issueID`

    WHERE

      jobCd=`@jobCd` AND prodCd=`@prodCd`;

		

	END IF;

	

	SELECT `@prodCd` INTO `@rsProdCd`;

	

END ;;
DELIMITER ;
/*!50003 SET sql_mode              = @saved_sql_mode */ ;
/*!50003 SET character_set_client  = @saved_cs_client */ ;
/*!50003 SET character_set_results = @saved_cs_results */ ;
/*!50003 SET collation_connection  = @saved_col_connection */ ;
/*!50003 DROP PROCEDURE IF EXISTS `sp_JobOrder` */;
/*!50003 SET @saved_cs_client      = @@character_set_client */ ;
/*!50003 SET @saved_cs_results     = @@character_set_results */ ;
/*!50003 SET @saved_col_connection = @@collation_connection */ ;
/*!50003 SET character_set_client  = utf8mb4 */ ;
/*!50003 SET character_set_results = utf8mb4 */ ;
/*!50003 SET collation_connection  = utf8mb4_general_ci */ ;
/*!50003 SET @saved_sql_mode       = @@sql_mode */ ;
/*!50003 SET sql_mode              = 'STRICT_TRANS_TABLES,NO_ENGINE_SUBSTITUTION' */ ;
DELIMITER ;;
CREATE  PROCEDURE `sp_JobOrder`(

	IN `@jobCd` VARCHAR(10),

	IN `@jobNm` VARCHAR(200),

	IN `@mkType` VARCHAR(5),

	IN `@compCd` INT(10),

	IN `@startDt` VARCHAR(10),

	IN `@dueDt` VARCHAR(10),

	IN `@inDueDt` VARCHAR(10),

	IN `@qty` INT(10),

	IN `@unitPrice` NUMERIC(18,0),

	IN `@memo` VARCHAR(3000),

	IN `@flagYN` VARCHAR(1),

	IN `@issueID` VARCHAR(20),

	OUT `@rsJobCd` VARCHAR(10)

)
BEGIN

  DECLARE `@isCd` INTEGER DEFAULT 0;

  DECLARE `@curDt` VARCHAR(6) DEFAULT '';

  DECLARE `@isJobCd` INTEGER DEFAULT 0;

  DECLARE `@seq` VARCHAR(5) DEFAULT '';

  

  SELECT COUNT(*) INTO `@isCd` FROM tbmJobOrder WHERE jobCd=`@jobCd`;

  

  IF `@jobCd` = '' THEN

		BEGIN

		

			SELECT DATE_FORMAT(now(), '%y%m%d') INTO `@curDt`;

			

			SELECT (COUNT(*) + 1) INTO `@isJobCd` FROM tbmJobOrder 

			WHERE jobCd LIKE CONCAT(DATE_FORMAT(now(), '%y%m%d'),'%');

			

			SELECT LPAD(`@isJobCd`, '3', '0') INTO `@seq`;

			

			SET `@jobCd` = CONCAT(`@curDt`,'-',`@seq`);

			

		END;

	END IF;

	

	IF `@isCd`=0 THEN

    INSERT INTO tbmJobOrder (

      jobCd,

      jobNm,

      mkType,

      compCd,

      startDt,

      dueDt,

      inDueDt,

      qty,

      unitPrice,

      memo,    

      flagYN,

      regDate,

      issueDate,

      issueID

    )

    VALUES (

      `@jobCd`,

      `@jobNm`,

      `@mkType`,

      `@compCd`,

      `@startDt`,

      `@dueDt`,

      `@inDueDt`,

      `@qty`,

      `@unitPrice`,

      `@memo`,		    

      `@flagYN`,

      NOW(),

      NOW(),

      `@issueID`

    );ELSE

    UPDATE

      tbmJobOrder

    SET

      jobNm=`@jobNm`,

      mkType=`@mkType`,

      compCd=`@compCd`,

      startDt=`@startDt`,

      dueDt=`@dueDt`,

      inDueDt=`@inDueDt`,

      qty=`@qty`,

      unitPrice=`@unitPrice`,

      memo=`@memo`,   

      flagYN=`@flagYN`,

      issueDate=NOW(),

      issueID=`@issueID`

    WHERE

      jobCd=`@jobCd`;

	END IF;

	

	IF `@flagYN` = 'N' THEN

		BEGIN

			UPDATE tbmJobItems SET flagYN = 'N', issueID =  `@issueID`, issueDate = NOW() WHERE jobCd = `@jobCd`;

		END;

	END IF;

	

	SELECT `@jobCd` INTO `@rsJobCd`;



END ;;
DELIMITER ;
/*!50003 SET sql_mode              = @saved_sql_mode */ ;
/*!50003 SET character_set_client  = @saved_cs_client */ ;
/*!50003 SET character_set_results = @saved_cs_results */ ;
/*!50003 SET collation_connection  = @saved_col_connection */ ;
/*!50003 DROP PROCEDURE IF EXISTS `sp_JobPlan` */;
/*!50003 SET @saved_cs_client      = @@character_set_client */ ;
/*!50003 SET @saved_cs_results     = @@character_set_results */ ;
/*!50003 SET @saved_col_connection = @@collation_connection */ ;
/*!50003 SET character_set_client  = utf8mb4 */ ;
/*!50003 SET character_set_results = utf8mb4 */ ;
/*!50003 SET collation_connection  = utf8mb4_general_ci */ ;
/*!50003 SET @saved_sql_mode       = @@sql_mode */ ;
/*!50003 SET sql_mode              = 'STRICT_TRANS_TABLES,NO_ENGINE_SUBSTITUTION' */ ;
DELIMITER ;;
CREATE  PROCEDURE `sp_JobPlan`(

	IN `@jobCd` varchar(10),

	IN `@prodCd` varchar(3),

	IN `@unitProcCd` varchar(5),

	IN `@jobSort` int(11),

	IN `@startDt` varchar(10),

	IN `@flagYN` varchar(1),

	IN `@issueID` varchar(20)



)
BEGIN



    INSERT INTO tblJobPlan (

		jobCd,

		prodCd,

		unitProcCd,

		jobSort,

		startDt,

      flagYN,

      regDate,

      issueDate,

      issueID

    )

    VALUES (

      `@jobCd`,

      `@prodCd`,

      `@unitProcCd`,	

		`@jobSort`,

      `@startDt`, 

      `@flagYN`,

       NOW(),

       NOW(),

      `@issueID`

    );END ;;
DELIMITER ;
/*!50003 SET sql_mode              = @saved_sql_mode */ ;
/*!50003 SET character_set_client  = @saved_cs_client */ ;
/*!50003 SET character_set_results = @saved_cs_results */ ;
/*!50003 SET collation_connection  = @saved_col_connection */ ;
/*!50003 DROP PROCEDURE IF EXISTS `sp_LoginLog` */;
/*!50003 SET @saved_cs_client      = @@character_set_client */ ;
/*!50003 SET @saved_cs_results     = @@character_set_results */ ;
/*!50003 SET @saved_col_connection = @@collation_connection */ ;
/*!50003 SET character_set_client  = utf8mb4 */ ;
/*!50003 SET character_set_results = utf8mb4 */ ;
/*!50003 SET collation_connection  = utf8mb4_general_ci */ ;
/*!50003 SET @saved_sql_mode       = @@sql_mode */ ;
/*!50003 SET sql_mode              = 'NO_AUTO_VALUE_ON_ZERO' */ ;
DELIMITER ;;
CREATE  PROCEDURE `sp_LoginLog`(

	IN `@userID` VARCHAR(20),

	IN `@ipAddr` VARCHAR(20),

	IN `@compCd` int

)
BEGIN

	

	INSERT INTO tblLoginLog(userID, ipAddr, compCd) VALUES(`@userID`, `@ipAddr`, `@compCd`);

END ;;
DELIMITER ;
/*!50003 SET sql_mode              = @saved_sql_mode */ ;
/*!50003 SET character_set_client  = @saved_cs_client */ ;
/*!50003 SET character_set_results = @saved_cs_results */ ;
/*!50003 SET collation_connection  = @saved_col_connection */ ;
/*!50003 DROP PROCEDURE IF EXISTS `sp_Order` */;
/*!50003 SET @saved_cs_client      = @@character_set_client */ ;
/*!50003 SET @saved_cs_results     = @@character_set_results */ ;
/*!50003 SET @saved_col_connection = @@collation_connection */ ;
/*!50003 SET character_set_client  = utf8mb4 */ ;
/*!50003 SET character_set_results = utf8mb4 */ ;
/*!50003 SET collation_connection  = utf8mb4_general_ci */ ;
/*!50003 SET @saved_sql_mode       = @@sql_mode */ ;
/*!50003 SET sql_mode              = 'STRICT_TRANS_TABLES,NO_ENGINE_SUBSTITUTION' */ ;
DELIMITER ;;
CREATE  PROCEDURE `sp_Order`(

	IN `@compCd` int(11),

	IN `@orderCd` VARCHAR(20),

	IN `@buyOrderCd` varchar(50),

	IN `@buyerNm` varchar(50),

	IN `@buyerPhone` varchar(50),

	IN `@buyerAddr` varchar(200),

	IN `@orderDt` varchar(10),

	IN `@deliveryDt` varchar(10),

	IN `@deliveryCd` varchar(50),

	IN `@deliveryCompany` varchar(5),

	IN `@deliveryStatus` varchar(5),

	IN `@remarks` varchar(4000),

	IN `@flagYN` varchar(1),

	IN `@issueID` varchar(20),

	OUT `@rsSeq` VARCHAR(20)

)
BEGIN

	DECLARE `@isCd` INTEGER DEFAULT 0;

	DECLARE `@curDt` VARCHAR(6) DEFAULT '';

	DECLARE `@isOrder` INTEGER DEFAULT 0;

	DECLARE `@seq` VARCHAR(5) DEFAULT '';

	

	/*

	SELECT CONCAT('O',DATE_FORMAT(now(), '%y%m%d'))

	DECLARE `@aa` INTEGER DEFAULT = 5;

	SELECT LPAD(`@aa`, '4' , '0');

	*/

	

	SELECT IFNULL(COUNT(*),0) INTO `@isCd` 

	FROM tblOrder 

	WHERE orderCd=`@orderCd` AND compCd=`@compCd`;

	

	IF `@orderCd` = '' THEN

		BEGIN

			SELECT DATE_FORMAT(now(), '%y%m%d') INTO `@curDt`;

			

			SELECT (COUNT(*) + 1) INTO `@isOrder` FROM tblOrder WHERE orderCd LIKE CONCAT('O',DATE_FORMAT(now(), '%y%m%d'),'%');

			

			SELECT LPAD(`@isOrder`, '5', '0') INTO `@seq`;

			

			SET `@orderCd` = CONCAT('O',`@curDt`,'-',`@seq`);

		END;

	END IF;

		

	IF `@isCd`=0 THEN

    INSERT INTO tblOrder (

      compCd

		, orderCd

		, buyOrderCd

		, buyerNm

		, buyerPhone		

		, buyerAddr

		, orderDt

		, deliveryDt

		, deliveryCd

		, deliveryCompany		

		, deliveryStatus

		, remarks

		, flagYN		

		, regDate

      , issueDate

      , issueID

    )

    VALUES (

      `@compCd`

		, `@orderCd`

		, `@buyOrderCd`

		, `@buyerNm`

		, `@buyerPhone`

		, `@buyerAddr`

		, `@orderDt`

		, `@deliveryDt`

		, `@deliveryCd`

		, `@deliveryCompany`

		, `@deliveryStatus`

		, `@remarks`

		, `@flagYN`

		, NOW()

		, NOW()

      , `@issueID`     

    );

    	 

	 ELSE

    UPDATE

      tblOrder

    SET

      buyOrderCd=`@buyOrderCd`

		, buyerNm=`@buyerNm`

		, buyerPhone=`@buyerPhone`

		, buyerAddr=`@buyerAddr`

		, orderDt=`@orderDt`

		, deliveryDt=`@deliveryDt`

		, deliveryCd=`@deliveryCd`

		, deliveryCompany=`@deliveryCompany`

		, deliveryStatus=`@deliveryStatus`

		, remarks=`@remarks`

		, flagYN=`@flagYN`

      , issueDate=NOW()

		, issueID=`@issueID`

    WHERE compCd=`@compCd` AND orderCd=`@orderCd`;



	 END IF;

	 

    SELECT `@orderCd` INTO `@rsSeq`;

	 

END ;;
DELIMITER ;
/*!50003 SET sql_mode              = @saved_sql_mode */ ;
/*!50003 SET character_set_client  = @saved_cs_client */ ;
/*!50003 SET character_set_results = @saved_cs_results */ ;
/*!50003 SET collation_connection  = @saved_col_connection */ ;
/*!50003 DROP PROCEDURE IF EXISTS `sp_OrderItems` */;
/*!50003 SET @saved_cs_client      = @@character_set_client */ ;
/*!50003 SET @saved_cs_results     = @@character_set_results */ ;
/*!50003 SET @saved_col_connection = @@collation_connection */ ;
/*!50003 SET character_set_client  = utf8mb4 */ ;
/*!50003 SET character_set_results = utf8mb4 */ ;
/*!50003 SET collation_connection  = utf8mb4_general_ci */ ;
/*!50003 SET @saved_sql_mode       = @@sql_mode */ ;
/*!50003 SET sql_mode              = 'NO_AUTO_VALUE_ON_ZERO' */ ;
DELIMITER ;;
CREATE  PROCEDURE `sp_OrderItems`(

	IN `@compCd` int(11),

	IN `@orderCd` VARCHAR(20),

	IN `@itemSeq` int(11),

	IN `@prodNm` varchar(50),

	IN `@prodCd` varchar(50),

	IN `@qty` int(11),

	IN `@flagYN` varchar(1),

	IN `@issueID` varchar(20),

	OUT `@rsSeq` VARCHAR(20)

)
BEGIN

	DECLARE `@isCd` INTEGER DEFAULT 0;

	SELECT COUNT(*) INTO `@isCd` 

	FROM tblOrderItems 

	WHERE orderCd=`@orderCd` AND compCd=`@compCd` AND itemSeq=`@itemSeq`;

	

	IF `@itemSeq` = 0 THEN

		BEGIN			

			SELECT IFNULL(MAX(itemSeq),0)+1 INTO `@itemSeq` 

			FROM tblOrderItems 

			WHERE orderCd=`@orderCd` AND compCd=`@compCd`;

			END;

		END IF;

		

	IF `@isCd`=0 THEN

    INSERT INTO tblOrderItems (

      compCd

		, orderCd

		, itemSeq

		, prodNm

		, prodCd

		, qty

		, flagYN

		, regDate

		, issueDate

		, issueID



    )

    VALUES (

      `@compCd`

		, `@orderCd`

		, `@itemSeq`

		, `@prodNm`

		, `@prodCd`

		, `@qty`

		, `@flagYN`

		, NOW()

		, NOW()

      , `@issueID`

    );

	 

	 SELECT LAST_INSERT_ID() INTO `@rsSeq`;

	 

	ELSE

    UPDATE

      tblOrderItems

    SET

      prodNm=`@prodNm`

		, prodCd=`@prodCd`

		, qty=`@qty`

		, flagYN=`@flagYN`

      , issueDate=NOW()

		, issueID=`@issueID`

    WHERE

      compCd=`@compCd` AND orderCd=`@orderCd` AND itemSeq=`@itemSeq`;

		

	END IF;

	

			SELECT `@orderCd` INTO `@rsSeq`;

	

END ;;
DELIMITER ;
/*!50003 SET sql_mode              = @saved_sql_mode */ ;
/*!50003 SET character_set_client  = @saved_cs_client */ ;
/*!50003 SET character_set_results = @saved_cs_results */ ;
/*!50003 SET collation_connection  = @saved_col_connection */ ;
/*!50003 DROP PROCEDURE IF EXISTS `sp_ProcessGroup` */;
/*!50003 SET @saved_cs_client      = @@character_set_client */ ;
/*!50003 SET @saved_cs_results     = @@character_set_results */ ;
/*!50003 SET @saved_col_connection = @@collation_connection */ ;
/*!50003 SET character_set_client  = utf8mb4 */ ;
/*!50003 SET character_set_results = utf8mb4 */ ;
/*!50003 SET collation_connection  = utf8mb4_general_ci */ ;
/*!50003 SET @saved_sql_mode       = @@sql_mode */ ;
/*!50003 SET sql_mode              = 'STRICT_TRANS_TABLES,NO_ENGINE_SUBSTITUTION' */ ;
DELIMITER ;;
CREATE  PROCEDURE `sp_ProcessGroup`(

	IN `@procTypeCd` int(11),

	IN `@procTypeNm` varchar(50),

	IN `@processCds` varchar(200),

	IN `@processNms` varchar(1000),

	IN `@flagYN` varchar(1),

	OUT `@rsProcCd` int(11)

)
BEGIN



  DECLARE `@isCd` INTEGER DEFAULT 0;

  

  SELECT COUNT(*) INTO `@isCd` FROM tblProcessGroup 

  WHERE procTypeCd=`@procTypeCd`;

  

  IF `@isCd`=0 THEN

    INSERT INTO tblProcessGroup (

		procTypeNm,

		processCds,

		processNms,

      flagYN,

      issueDate

    )

    VALUES (

      `@procTypeNm`,

      `@processCds`,

      `@processNms`,	    

      `@flagYN`,

      NOW()

    );

	 ELSE

    UPDATE

      tblProcessGroup

    SET 

      flagYN=`@flagYN`,

      issueDate=NOW()

    WHERE

      procTypeCd=`@procTypeCd`;

		

	END IF;



	SELECT `@procTypeCd` INTO `@rsProcCd`;END ;;
DELIMITER ;
/*!50003 SET sql_mode              = @saved_sql_mode */ ;
/*!50003 SET character_set_client  = @saved_cs_client */ ;
/*!50003 SET character_set_results = @saved_cs_results */ ;
/*!50003 SET collation_connection  = @saved_col_connection */ ;
/*!50003 DROP PROCEDURE IF EXISTS `sp_Product` */;
/*!50003 SET @saved_cs_client      = @@character_set_client */ ;
/*!50003 SET @saved_cs_results     = @@character_set_results */ ;
/*!50003 SET @saved_col_connection = @@collation_connection */ ;
/*!50003 SET character_set_client  = utf8mb4 */ ;
/*!50003 SET character_set_results = utf8mb4 */ ;
/*!50003 SET collation_connection  = utf8mb4_general_ci */ ;
/*!50003 SET @saved_sql_mode       = @@sql_mode */ ;
/*!50003 SET sql_mode              = 'STRICT_TRANS_TABLES,NO_ENGINE_SUBSTITUTION' */ ;
DELIMITER ;;
CREATE  PROCEDURE `sp_Product`(

	IN `@prodCd` INT(10),

	IN `@prodNm` VARCHAR(300),

	IN `@erpCd` VARCHAR(20),

	IN `@prodType` VARCHAR(5),

	IN `@houseCd` INT(10),

	IN `@protectedQty` INT(10),

	IN `@quality` VARCHAR(50),

	IN `@unit` VARCHAR(5),

	IN `@option1` VARCHAR(50),

	IN `@option2` VARCHAR(50),

	IN `@maker` VARCHAR(50),

	IN `@unitPrice` NUMERIC(18,0),

	IN `@compCd` INT(10),

	IN `@remark` VARCHAR(3000),

	IN `@taxYN` VARCHAR(1),

	IN `@limitDays` INT(11),

	IN `@flagYN` VARCHAR(1),

	IN `@issueID` VARCHAR(20)

)
BEGIN

  DECLARE `@isCd` INTEGER DEFAULT 0;

  

  DECLARE `@barcode` VARCHAR(8) DEFAULT '0';SELECT COUNT(*) INTO `@isCd`

  FROM tblProduct

  WHERE prodCd=`@prodCd`;

  

  IF `@isCd`=0 THEN

    INSERT INTO tblProduct (

      prodNm,

      erpCd,

      prodType,

      houseCd,

      protectedQty,

      quality,

      unit,

      option1,

      option2,

      maker,

      unitPrice,

      compCd,

      remark,

      taxYN,

      limitDays,

      flagYN,

      regDate,

      issueDate,

      issueID

    )

    VALUES (

      `@prodNm`,

      `@erpCd`,

      `@prodType`,

      `@houseCd`,

      `@protectedQty`,

      `@quality`,

      `@unit`,

      `@option1`,

      `@option2`,

      `@maker`,

      `@unitPrice`,

      `@compCd`,

      `@remark`,

      `@taxYN`,

      `@limitDays`,

      `@flagYN`,

      NOW(),

      NOW(),

      `@issueID`

    );

  ELSE

    UPDATE

      tblProduct

    SET

      prodNm=`@prodNm`,

      erpCd=`@erpCd`,

      prodType=`@prodType`,

      houseCd=`@houseCd`,

      protectedQty=`@protectedQty`,

      quality=`@quality`,

      unit=`@unit`,

      option1=`@option1`,

      option2=`@option2`,

      maker=`@maker`,

      unitPrice=`@unitPrice`,

      compCd=`@compCd`,

      remark=`@remark`,

      taxYN=`@taxYN`,

      limitDays=`@limitDays`,

      flagYN=`@flagYN`,

      issueDate=NOW(),

      issueID=`@issueID`

    WHERE

      prodCd=`@prodCd`;

	END IF;

	

	IF `@prodCd`=0 THEN

    SET `@prodCd`=LAST_INSERT_ID();-- 신규등록시 파일 저장

    UPDATE tblFiles

    SET tableKey=`@prodCd`

    WHERE tableNm='tblProduct' AND tableKey=0;

	END IF;

	

	SET `@barcode`=LPAD(`@prodCd`, 6, '0');

	SET `@barcode`=CONCAT('W', `@barcode`, '0');

	

	UPDATE tblProduct SET barcode=`@barcode` WHERE prodCd=`@prodCd` AND barcode='';



END ;;
DELIMITER ;
/*!50003 SET sql_mode              = @saved_sql_mode */ ;
/*!50003 SET character_set_client  = @saved_cs_client */ ;
/*!50003 SET character_set_results = @saved_cs_results */ ;
/*!50003 SET collation_connection  = @saved_col_connection */ ;
/*!50003 DROP PROCEDURE IF EXISTS `sp_ProductInOut` */;
/*!50003 SET @saved_cs_client      = @@character_set_client */ ;
/*!50003 SET @saved_cs_results     = @@character_set_results */ ;
/*!50003 SET @saved_col_connection = @@collation_connection */ ;
/*!50003 SET character_set_client  = utf8mb4 */ ;
/*!50003 SET character_set_results = utf8mb4 */ ;
/*!50003 SET collation_connection  = utf8mb4_general_ci */ ;
/*!50003 SET @saved_sql_mode       = @@sql_mode */ ;
/*!50003 SET sql_mode              = 'STRICT_TRANS_TABLES,NO_ENGINE_SUBSTITUTION' */ ;
DELIMITER ;;
CREATE  PROCEDURE `sp_ProductInOut`(

	IN `@inOutSeq` INT(10),

	IN `@inOutDt` VARCHAR(10),

	IN `@prodCd` INT(10),

	IN `@orderCd` varchar(13),

	IN `@qty` DECIMAL(20,2),

	IN `@viewValue` DECIMAL(20,2),

	IN `@viewUnit` VARCHAR(5),

	IN `@houseCd` INT(10),

	IN `@unitPrice` NUMERIC(20,2),

	IN `@limitDt` VARCHAR(10),

	IN `@remark` VARCHAR(1000),

	IN `@compCd` INT(10),

	IN `@types` VARCHAR(1),

	IN `@refSeq` INT(10),

	IN `@BOrderSeq` INT(10),

	IN `@flagYN` VARCHAR(1),

	IN `@planYN` VARCHAR(1),

	IN `@issueID` VARCHAR(20)

)
BEGIN

   DECLARE `@isCd` INTEGER DEFAULT 0;

	DECLARE `@sysValue` DECIMAL(20,2) DEFAULT 0;

	DECLARE `@sysUnit` VARCHAR(5) DEFAULT '';

	

	SELECT COUNT(*) INTO `@isCd`

	FROM tblProductInOut

	WHERE inOutSeq=`@inOutSeq`;

	

	SELECT itemMemo*`@viewValue` INTO `@sysValue`

	FROM tblCommonCd 

	WHERE flagYN = 'Y' AND groupCd = '0009' AND itemCd = `@viewUnit`;

	

	SELECT unit INTO `@sysUnit`

	FROM tblProduct 

	WHERE flagYN = 'Y' AND prodCd = `@prodCd`;

	

	IF `@isCd`=0 THEN

		INSERT INTO tblProductInOut (

			inOutDt,

			prodCd,

			orderCd,

			qty,

			viewValue,

			viewUnit,

			sysValue,

			sysUnit,

			houseCd,

			unitPrice,

			limitDt,

			remark,

			compCd,

			types,

			refSeq,

			BOrderSeq,

			flagYN,

			planYN,

			regDate,

			issueDate,

			issueID

		)

		VALUES (

			`@inOutDt`,

			`@prodCd`,

			`@orderCd`,

			`@qty`,

			`@viewValue`,

			`@viewUnit`,

			`@sysValue`,

			`@sysUnit`,

			`@houseCd`,

			`@unitPrice`,

			`@limitDt`,

			`@remark`,

			`@compCd`,

			`@types`,

			`@refSeq`,

			`@BOrderSeq`,            

			`@flagYN`,

			`@planYN`,

			NOW(),

			NOW(),

			`@issueID`

		);ELSE

		UPDATE

			tblProductInOut

		SET

			inOutDt=`@inOutDt`,

			prodCd=`@prodCd`,

			orderCd=`@orderCd`,

			qty=`@qty`,

			viewValue=`@viewValue`,

			viewUnit=`@viewUnit`,

			sysValue=`@sysValue`,

			sysUnit=`@sysUnit`,

			houseCd=`@houseCd`,

			unitPrice=`@unitPrice`,

			limitDt=`@limitDt`,

			remark=`@remark`,

			compCd=`@compCd`,

			types=`@types`,

			refSeq=`@refSeq`,

			BOrderSeq=`@BOrderSeq`,

			flagYN=`@flagYN`,

			planYN=`@planYN`,

			issueDate=NOW(),

			issueID=`@issueID`

		WHERE

			inOutSeq=`@inOutSeq`;

	END IF;

	CALL sp_BuyOrderCheck(`@BOrderSeq`);

END ;;
DELIMITER ;
/*!50003 SET sql_mode              = @saved_sql_mode */ ;
/*!50003 SET character_set_client  = @saved_cs_client */ ;
/*!50003 SET character_set_results = @saved_cs_results */ ;
/*!50003 SET collation_connection  = @saved_col_connection */ ;
/*!50003 DROP PROCEDURE IF EXISTS `sp_ProductInOutXls` */;
/*!50003 SET @saved_cs_client      = @@character_set_client */ ;
/*!50003 SET @saved_cs_results     = @@character_set_results */ ;
/*!50003 SET @saved_col_connection = @@collation_connection */ ;
/*!50003 SET character_set_client  = utf8mb4 */ ;
/*!50003 SET character_set_results = utf8mb4 */ ;
/*!50003 SET collation_connection  = utf8mb4_general_ci */ ;
/*!50003 SET @saved_sql_mode       = @@sql_mode */ ;
/*!50003 SET sql_mode              = 'NO_AUTO_VALUE_ON_ZERO' */ ;
DELIMITER ;;
CREATE  PROCEDURE `sp_ProductInOutXls`(

	IN `@inOutDt` VARCHAR(50),

	IN `@prodCd` INT(11),

	IN `@qty` DECIMAL(20,2),

	IN `@compCd` INT(11),

	IN `@houseCd` INT(11),

	IN `@unitPrice` NUMERIC(20,2),

	IN `@remark` VARCHAR(1000),

	IN `@flagYN` VARCHAR(1),

	IN `@planYN` VARCHAR(1),

	IN `@issueID` VARCHAR(20)

)
BEGIN

	INSERT INTO tblProductInOut (

    inOutDt,

    prodCd,

    qty,

    compCd,

	 houseCd,

    unitPrice,

    remark,

    flagYN,

    planYN,

    issueID,

    regDate,

    issueDate

  )

	VALUES (

    `@inOutDt`,

    `@prodCd`,

    `@qty`,

    `@compCd`,

	 `@houseCd`,

    `@unitPrice`,

    `@remark`,

    `@flagYN`,

    `@planYN`,

    `@issueID`,

    NOW(),

    NOW()

  );END ;;
DELIMITER ;
/*!50003 SET sql_mode              = @saved_sql_mode */ ;
/*!50003 SET character_set_client  = @saved_cs_client */ ;
/*!50003 SET character_set_results = @saved_cs_results */ ;
/*!50003 SET collation_connection  = @saved_col_connection */ ;
/*!50003 DROP PROCEDURE IF EXISTS `sp_ProductMove` */;
/*!50003 SET @saved_cs_client      = @@character_set_client */ ;
/*!50003 SET @saved_cs_results     = @@character_set_results */ ;
/*!50003 SET @saved_col_connection = @@collation_connection */ ;
/*!50003 SET character_set_client  = utf8mb4 */ ;
/*!50003 SET character_set_results = utf8mb4 */ ;
/*!50003 SET collation_connection  = utf8mb4_general_ci */ ;
/*!50003 SET @saved_sql_mode       = @@sql_mode */ ;
/*!50003 SET sql_mode              = 'STRICT_TRANS_TABLES,NO_ENGINE_SUBSTITUTION' */ ;
DELIMITER ;;
CREATE  PROCEDURE `sp_ProductMove`(

	IN `@inOutSeq` INT(10),

	IN `@inOutDt` VARCHAR(10),

	IN `@prodCd` INT(10),

	IN `@qty` INT(10),

	IN `@viewValue` DECIMAL(20,2),

	IN `@viewUnit` VARCHAR(5),

	IN `@houseCd` INT(10),

	IN `@toHouseCd` INT(10),

	IN `@unitPrice` NUMERIC(15,0),

	IN `@limitDt` VARCHAR(10),

	IN `@remark` VARCHAR(1000),

	IN `@compCd` INT(10),

	IN `@refSeq` INT(10),

	IN `@issueID` VARCHAR(20)

)
BEGIN



	DECLARE `@sysValue` DECIMAL(20,2) DEFAULT 0;DECLARE `@sysUnit` VARCHAR(5) DEFAULT '';SELECT itemMemo*`@viewValue` INTO `@sysValue`

	FROM tblCommonCd 

	WHERE flagYN = 'Y' AND groupCd = '0009' AND itemCd = `@viewUnit`;SELECT unit INTO `@sysUnit`

	FROM tblProduct 

	WHERE flagYN = 'Y' AND prodCd = `@prodCd`;-- SET `@qty` = -1*`@qty`;

	-- ## 이동 출고	

	INSERT INTO tblProductInOut (

		inOutDt,

		prodCd,

		qty,

		viewValue,

		viewUnit,

		sysValue,

		sysUnit,

		houseCd,

		unitPrice,

		limitDt,

		remark,

		compCd,

		types,

		refSeq,

		flagYN,

		planYN,

		regDate,

		issueDate,

		issueID

	)

	VALUES (

		`@inOutDt`,

		`@prodCd`,

		`@qty`,

		`@viewValue`,

		`@viewUnit`,

		`@sysValue`,

		`@sysUnit`,

		`@houseCd`,

		`@unitPrice`,

		`@limitDt`,

		`@remark`,

		`@compCd`,

		'M',

		`@refSeq`,      

		'Y',

		'N',

		NOW(),

		NOW(),

		`@issueID`

	);-- ## 연관된 이동 출고 확인을 위한 RefSeq

	SET `@refSeq`=LAST_INSERT_ID();SET `@qty` = -1*`@qty`;-- ## 이동 입고		

	INSERT INTO tblProductInOut (

		inOutDt,

		prodCd,

		qty,

		viewValue,

		viewUnit,

		sysValue,

		sysUnit,

		houseCd,

		unitPrice,

		limitDt,

		remark,

		compCd,

		types,

		refSeq,

		flagYN,

		planYN,

		regDate,

		issueDate,

		issueID

	)

	VALUES (

		`@inOutDt`,

		`@prodCd`,

		`@qty`,

		`@viewValue`,

		`@viewUnit`,

		`@sysValue`,

		`@sysUnit`,

		`@toHouseCd`,

		`@unitPrice`,

		`@limitDt`,

		`@remark`,

		`@compCd`,

		'M',

		`@refSeq`,      

		'Y',

		'N',

		NOW(),

		NOW(),

		`@issueID`

	);END ;;
DELIMITER ;
/*!50003 SET sql_mode              = @saved_sql_mode */ ;
/*!50003 SET character_set_client  = @saved_cs_client */ ;
/*!50003 SET character_set_results = @saved_cs_results */ ;
/*!50003 SET collation_connection  = @saved_col_connection */ ;
/*!50003 DROP PROCEDURE IF EXISTS `sp_ProductXls` */;
/*!50003 SET @saved_cs_client      = @@character_set_client */ ;
/*!50003 SET @saved_cs_results     = @@character_set_results */ ;
/*!50003 SET @saved_col_connection = @@collation_connection */ ;
/*!50003 SET character_set_client  = utf8mb4 */ ;
/*!50003 SET character_set_results = utf8mb4 */ ;
/*!50003 SET collation_connection  = utf8mb4_general_ci */ ;
/*!50003 SET @saved_sql_mode       = @@sql_mode */ ;
/*!50003 SET sql_mode              = 'NO_AUTO_VALUE_ON_ZERO' */ ;
DELIMITER ;;
CREATE  PROCEDURE `sp_ProductXls`(

	IN `@prodNm` VARCHAR(300),

	IN `@prodTypeNm` VARCHAR(50),

	IN `@houseCd` INT(10),

	IN `@protectedQty` INT(10),

	IN `@quality` VARCHAR(50),

	IN `@unit` VARCHAR(5),

	IN `@option1` VARCHAR(50),

	IN `@option2` VARCHAR(50),

	IN `@maker` VARCHAR(50),

	IN `@unitPrice` NUMERIC(18,0),

	IN `@compNm` VARCHAR(50),

	IN `@remark` VARCHAR(3000),

	IN `@flagYN` VARCHAR(1),

	IN `@issueID` VARCHAR(20)

)
BEGIN

  DECLARE `@isCd` INTEGER DEFAULT 0;

	DECLARE `@barcode` VARCHAR(8) DEFAULT '0';

	DECLARE `@prodType` VARCHAR(5) DEFAULT '';

	DECLARE `@compCd` INTEGER DEFAULT 0;

	DECLARE `@prodCd` INTEGER DEFAULT 0;



	SELECT itemCd INTO `@prodType`

  FROM tblCommonCd

  WHERE groupCd='0002' AND itemNm=`@prodTypeNm`;



	SELECT compCd INTO `@compCd`

  FROM tblCompany

  WHERE compNm=`@compNm`;



	SELECT COUNT(*) INTO `@isCd`

  FROM tblProduct

  WHERE prodCd=`@prodCd`;



	INSERT INTO tblProduct (

		prodNm,

    prodType,

    houseCd,

    protectedQty,

    quality,

    unit,

    option1,

    option2,

    maker,

    unitPrice,

    compCd,

    remark,

    flagYN,

    regDate,

    issueDate,

    issueID

	)

	VALUES (

	  `@prodNm`,

    `@prodType`,

    `@houseCd`,

    `@protectedQty`,

    `@quality`,

    `@unit`,

    `@option1`,

    `@option2`,

    `@maker`,

    `@unitPrice`,

    `@compCd`,

    `@remark`,

    `@flagYN`,

    NOW(),

    NOW(),

    `@issueID`

  );



	SET `@prodCd`=LAST_INSERT_ID();

	SET `@barcode`=LPAD(`@prodCd`, 6, '0');

	SET `@barcode`=CONCAT('W', `@barcode`, '0');



	UPDATE tblProduct

  SET barcode=`@barcode`

  WHERE prodCd=`@prodCd` AND barcode='';



END ;;
DELIMITER ;
/*!50003 SET sql_mode              = @saved_sql_mode */ ;
/*!50003 SET character_set_client  = @saved_cs_client */ ;
/*!50003 SET character_set_results = @saved_cs_results */ ;
/*!50003 SET collation_connection  = @saved_col_connection */ ;
/*!50003 DROP PROCEDURE IF EXISTS `sp_Resource` */;
/*!50003 SET @saved_cs_client      = @@character_set_client */ ;
/*!50003 SET @saved_cs_results     = @@character_set_results */ ;
/*!50003 SET @saved_col_connection = @@collation_connection */ ;
/*!50003 SET character_set_client  = utf8mb4 */ ;
/*!50003 SET character_set_results = utf8mb4 */ ;
/*!50003 SET collation_connection  = utf8mb4_general_ci */ ;
/*!50003 SET @saved_sql_mode       = @@sql_mode */ ;
/*!50003 SET sql_mode              = 'NO_AUTO_VALUE_ON_ZERO' */ ;
DELIMITER ;;
CREATE  PROCEDURE `sp_Resource`(

  IN `@resrcCd` INT(10),

	IN `@resrcNm` VARCHAR(300),

	IN `@resrcType` VARCHAR(5),

	IN `@houseCd` INT(10),

	IN `@protectedQty` INT(10),

	IN `@quality` VARCHAR(50),

	IN `@unit` VARCHAR(5),

	IN `@option1` VARCHAR(50),

	IN `@option2` VARCHAR(50),

	IN `@maker` VARCHAR(50),

	IN `@unitPrice` NUMERIC(18,0),

	IN `@compCd` INT(10),

	IN `@remark` VARCHAR(3000),

	IN `@flagYN` VARCHAR(1),

	IN `@issueID` VARCHAR(20)

)
BEGIN

  DECLARE `@isCd` INTEGER DEFAULT 0;

	DECLARE `@barcode` VARCHAR(8) DEFAULT '0';



	SELECT COUNT(*) INTO `@isCd`

  FROM tblResource

  WHERE resrcCd=`@resrcCd`;



	IF `@isCd`=0 THEN

    INSERT INTO tblResource (

      resrcNm,

      resrcType,

      houseCd,

      protectedQty,

      quality,

      unit,

      option1,

      option2,

      maker,

      unitPrice,

      compCd,

      remark,

      flagYN,

      regDate,

      issueDate,

      issueID

    )

    VALUES (

      `@resrcNm`,

      `@resrcType`,

      `@houseCd`,

      `@protectedQty`,

      `@quality`,

      `@unit`,

      `@option1`,

      `@option2`,

      `@maker`,

      `@unitPrice`,

      `@compCd`,

      `@remark`,

      `@flagYN`,

      NOW(),

      NOW(),

      `@issueID`

    );

  ELSE

    UPDATE

      tblResource

    SET

      resrcNm=`@resrcNm`,

      resrcType=`@resrcType`,

      houseCd=`@houseCd`,

      protectedQty=`@protectedQty`,

      quality=`@quality`,

      unit=`@unit`,

      option1=`@option1`,

      option2=`@option2`,

      maker=`@maker`,

      unitPrice=`@unitPrice`,

      compCd=`@compCd`,

      remark=`@remark`,

      flagYN=`@flagYN`,

      issueDate=NOW(),

      issueID=`@issueID`

    WHERE

      resrcCd=`@resrcCd`;

  END IF;



	IF `@resrcCd`=0 THEN

		SET `@resrcCd`=LAST_INSERT_ID();

    -- 신규등록시 파일 저장

    UPDATE tblFiles

    SET tableKey=`@resrcCd`

    WHERE tableNm='tblResource' AND tableKey=0;

	END IF;



	SET `@barcode`=LPAD(`@resrcCd`, 6, '0');

	SET `@barcode`=CONCAT('S', `@barcode`, '0');



	UPDATE tblResource

  SET barcode=`@barcode`

  WHERE resrcCd=`@resrcCd` AND barcode='';



END ;;
DELIMITER ;
/*!50003 SET sql_mode              = @saved_sql_mode */ ;
/*!50003 SET character_set_client  = @saved_cs_client */ ;
/*!50003 SET character_set_results = @saved_cs_results */ ;
/*!50003 SET collation_connection  = @saved_col_connection */ ;
/*!50003 DROP PROCEDURE IF EXISTS `sp_ResourceInOut` */;
/*!50003 SET @saved_cs_client      = @@character_set_client */ ;
/*!50003 SET @saved_cs_results     = @@character_set_results */ ;
/*!50003 SET @saved_col_connection = @@collation_connection */ ;
/*!50003 SET character_set_client  = utf8mb4 */ ;
/*!50003 SET character_set_results = utf8mb4 */ ;
/*!50003 SET collation_connection  = utf8mb4_general_ci */ ;
/*!50003 SET @saved_sql_mode       = @@sql_mode */ ;
/*!50003 SET sql_mode              = 'NO_AUTO_VALUE_ON_ZERO' */ ;
DELIMITER ;;
CREATE  PROCEDURE `sp_ResourceInOut`(

	IN `@inOutSeq` INT(10),

	IN `@inOutDt` VARCHAR(10),

	IN `@resrcCd` INT(10),

	IN `@qty` DECIMAL(20,2),

	IN `@houseCd` INT(10),

	IN `@unitPrice` NUMERIC(20,2),

	IN `@limitDt` VARCHAR(10),

	IN `@remark` VARCHAR(1000),

	IN `@compCd` INT(10),

	IN `@types` VARCHAR(1),

	IN `@refSeq` INT(10),

	IN `@flagYN` VARCHAR(1),

	IN `@planYN` VARCHAR(1),

	IN `@issueID` VARCHAR(20)

)
BEGIN

  	DECLARE `@isCd` INTEGER DEFAULT 0;

  	

	SELECT COUNT(*) INTO `@isCd`

	FROM tblResourceInOut

	WHERE inOutSeq=`@inOutSeq`;

	

	IF `@isCd`=0 THEN

		INSERT INTO tblResourceInOut (

			inOutDt,

			resrcCd,

			qty,

			houseCd,

			unitPrice,

			limitDt,

			remark,

			compCd,

			types,

			refSeq,

			flagYN,

			planYN,

			regDate,

			issueDate,

			issueID

		)

		VALUES (

			`@inOutDt`,

			`@resrcCd`,

			`@qty`,

			`@houseCd`,

			`@unitPrice`,

			`@limitDt`,

			`@remark`,

			`@compCd`,

			`@types`,

			`@refSeq`,

			`@flagYN`,

			`@planYN`,

			NOW(),

			NOW(),

			`@issueID`

		);

	ELSE

		UPDATE

			tblResourceInOut

		SET

			inOutDt=`@inOutDt`,

			resrcCd=`@resrcCd`,

			qty=`@qty`,

			houseCd=`@houseCd`,

			unitPrice=`@unitPrice`,

			limitDt=`@limitDt`,

			remark=`@remark`,

			compCd=`@compCd`,

			types=`@types`,

			refSeq=`@refSeq`,

			flagYN=`@flagYN`,

			planYN=`@planYN`,

			issueDate=NOW(),

			issueID=`@issueID`

		WHERE

			inOutSeq=`@inOutSeq`;

	END IF;

END ;;
DELIMITER ;
/*!50003 SET sql_mode              = @saved_sql_mode */ ;
/*!50003 SET character_set_client  = @saved_cs_client */ ;
/*!50003 SET character_set_results = @saved_cs_results */ ;
/*!50003 SET collation_connection  = @saved_col_connection */ ;
/*!50003 DROP PROCEDURE IF EXISTS `sp_ResourceInOutXls` */;
/*!50003 SET @saved_cs_client      = @@character_set_client */ ;
/*!50003 SET @saved_cs_results     = @@character_set_results */ ;
/*!50003 SET @saved_col_connection = @@collation_connection */ ;
/*!50003 SET character_set_client  = utf8mb4 */ ;
/*!50003 SET character_set_results = utf8mb4 */ ;
/*!50003 SET collation_connection  = utf8mb4_general_ci */ ;
/*!50003 SET @saved_sql_mode       = @@sql_mode */ ;
/*!50003 SET sql_mode              = 'NO_AUTO_VALUE_ON_ZERO' */ ;
DELIMITER ;;
CREATE  PROCEDURE `sp_ResourceInOutXls`(

	IN `@inOutDt` VARCHAR(50),

	IN `@resrcCd` INT(11),

	IN `@qty` DECIMAL(20,2),

	IN `@compCd` INT(11),

	IN `@houseCd` INT(11),

	IN `@unitPrice` NUMERIC(20,2),

	IN `@remark` VARCHAR(1000),

	IN `@flagYN` VARCHAR(1),

	IN `@issueID` VARCHAR(20)

)
BEGIN

	INSERT INTO tblResourceInOut (

    inOutDt,

    resrcCd,

    qty,

    compCd,

	  houseCd,

    unitPrice,

    remark,

    flagYN,

    issueID,

    regDate,

    issueDate

  )

	VALUES (

    `@inOutDt`,

    `@resrcCd`,

    `@qty`,

    `@compCd`,

	  `@houseCd`,

    `@unitPrice`,

    `@remark`,

    `@flagYN`,

    `@issueID`,

    NOW(),

    NOW()

  );

END ;;
DELIMITER ;
/*!50003 SET sql_mode              = @saved_sql_mode */ ;
/*!50003 SET character_set_client  = @saved_cs_client */ ;
/*!50003 SET character_set_results = @saved_cs_results */ ;
/*!50003 SET collation_connection  = @saved_col_connection */ ;
/*!50003 DROP PROCEDURE IF EXISTS `sp_ResourceMove` */;
/*!50003 SET @saved_cs_client      = @@character_set_client */ ;
/*!50003 SET @saved_cs_results     = @@character_set_results */ ;
/*!50003 SET @saved_col_connection = @@collation_connection */ ;
/*!50003 SET character_set_client  = utf8mb4 */ ;
/*!50003 SET character_set_results = utf8mb4 */ ;
/*!50003 SET collation_connection  = utf8mb4_general_ci */ ;
/*!50003 SET @saved_sql_mode       = @@sql_mode */ ;
/*!50003 SET sql_mode              = 'NO_AUTO_VALUE_ON_ZERO' */ ;
DELIMITER ;;
CREATE  PROCEDURE `sp_ResourceMove`(

	IN `@inOutSeq` INT(10),

	IN `@inOutDt` VARCHAR(10),

	IN `@resrcCd` INT(10),

	IN `@qty` INT(10),

	IN `@houseCd` INT(10),

	IN `@toHouseCd` INT(10),

	IN `@unitPrice` NUMERIC(15,0),

	IN `@limitDt` VARCHAR(10),

	IN `@remark` VARCHAR(1000),

	IN `@compCd` INT(10),

	IN `@refSeq` INT(10),

	IN `@issueID` VARCHAR(20)

)
BEGIN



	-- SET `@qty` = -1*`@qty`;

	-- ## 이동 출고	

	INSERT INTO tblResourceInOut (

		inOutDt,

		resrcCd,

		qty,

		houseCd,

		unitPrice,

		limitDt,

		remark,

		compCd,

		types,

		refSeq,

		flagYN,

		planYN,

		regDate,

		issueDate,

		issueID

	)

	VALUES (

		`@inOutDt`,

		`@resrcCd`,

		`@qty`,

		`@houseCd`,

		`@unitPrice`,

		`@limitDt`,

		`@remark`,

		`@compCd`,

		'M',

		`@refSeq`,      

		'Y',

		'N',

		NOW(),

		NOW(),

		`@issueID`

	);

	

	-- ## 연관된 이동 출고 확인을 위한 RefSeq

	SET `@refSeq`=LAST_INSERT_ID();

	SET `@qty` = -1*`@qty`;

		

	-- ## 이동 입고		

	INSERT INTO tblResourceInOut (

		inOutDt,

		resrcCd,

		qty,

		houseCd,

		unitPrice,

		limitDt,

		remark,

		compCd,

		types,

		refSeq,

		flagYN,

		planYN,

		regDate,

		issueDate,

		issueID

	)

	VALUES (

		`@inOutDt`,

		`@resrcCd`,

		`@qty`,

		`@toHouseCd`,

		`@unitPrice`,

		`@limitDt`,

		`@remark`,

		`@compCd`,

		'M',

		`@refSeq`,      

		'Y',

		'N',

		NOW(),

		NOW(),

		`@issueID`

	);

END ;;
DELIMITER ;
/*!50003 SET sql_mode              = @saved_sql_mode */ ;
/*!50003 SET character_set_client  = @saved_cs_client */ ;
/*!50003 SET character_set_results = @saved_cs_results */ ;
/*!50003 SET collation_connection  = @saved_col_connection */ ;
/*!50003 DROP PROCEDURE IF EXISTS `sp_ResourceXls` */;
/*!50003 SET @saved_cs_client      = @@character_set_client */ ;
/*!50003 SET @saved_cs_results     = @@character_set_results */ ;
/*!50003 SET @saved_col_connection = @@collation_connection */ ;
/*!50003 SET character_set_client  = utf8mb4 */ ;
/*!50003 SET character_set_results = utf8mb4 */ ;
/*!50003 SET collation_connection  = utf8mb4_general_ci */ ;
/*!50003 SET @saved_sql_mode       = @@sql_mode */ ;
/*!50003 SET sql_mode              = 'NO_AUTO_VALUE_ON_ZERO' */ ;
DELIMITER ;;
CREATE  PROCEDURE `sp_ResourceXls`(

	IN `@resrcNm` VARCHAR(300),

	IN `@resrcTypeNm` VARCHAR(50),

	IN `@houseCd` INT(10),

	IN `@protectedQty` INT(10),

	IN `@quality` VARCHAR(50),

	IN `@unit` VARCHAR(5),

  IN `@option1` VARCHAR(50),

  IN `@option2` VARCHAR(50),

	IN `@maker` VARCHAR(50),

	IN `@unitPrice` NUMERIC(18,0),

	IN `@compNm` VARCHAR(50),

	IN `@remark` VARCHAR(3000),

	IN `@flagYN` VARCHAR(1),

	IN `@issueID` VARCHAR(20)

)
BEGIN

 	DECLARE `@isCd` INTEGER DEFAULT 0;

	DECLARE `@barcode` VARCHAR(8) DEFAULT '0';

	DECLARE `@resrcType` VARCHAR(5) DEFAULT '';

	DECLARE `@compCd` INTEGER DEFAULT 0;

	DECLARE `@resrcCd` INTEGER DEFAULT 0;



	SELECT itemCd INTO `@resrcType`

  FROM tblCommonCd

  WHERE groupCd='0003' AND itemNm=`@resrcTypeNm`;



	SELECT compCd INTO `@compCd`

  FROM tblCompany

  WHERE compNm=`@compNm`;



	SELECT COUNT(*) INTO `@isCd`

  FROM tblResource

  WHERE resrcCd=`@resrcCd`;



	INSERT INTO tblResource (

		resrcNm,

    resrcType,

    houseCd,

    protectedQty,

    quality,

    unit,

    option1,

    option2,

    maker,

    unitPrice,

    compCd,

    remark,

    flagYN,

    regDate,

    issueDate,

    issueID

	)

	VALUES (

	  `@resrcNm`,

    `@resrcType`,

    `@houseCd`,

    `@protectedQty`,

    `@quality`,

    `@unit`,

    `@option1`,

    `@option2`,

    `@maker`,

    `@unitPrice`,

    `@compCd`,

    `@remark`,

    `@flagYN`,

    NOW(),

    NOW(),

    `@issueID`

  );



	SET `@resrcCd`=LAST_INSERT_ID();

	SET `@barcode`=LPAD(`@resrcCd`, 6, '0');

	SET `@barcode`=CONCAT('S', `@barcode`, '0');



	UPDATE tblResource

  SET barcode=`@barcode`

  WHERE resrcCd=`@resrcCd` AND barcode='';



END ;;
DELIMITER ;
/*!50003 SET sql_mode              = @saved_sql_mode */ ;
/*!50003 SET character_set_client  = @saved_cs_client */ ;
/*!50003 SET character_set_results = @saved_cs_results */ ;
/*!50003 SET collation_connection  = @saved_col_connection */ ;
/*!50003 DROP PROCEDURE IF EXISTS `sp_ShipItems` */;
/*!50003 SET @saved_cs_client      = @@character_set_client */ ;
/*!50003 SET @saved_cs_results     = @@character_set_results */ ;
/*!50003 SET @saved_col_connection = @@collation_connection */ ;
/*!50003 SET character_set_client  = utf8mb4 */ ;
/*!50003 SET character_set_results = utf8mb4 */ ;
/*!50003 SET collation_connection  = utf8mb4_general_ci */ ;
/*!50003 SET @saved_sql_mode       = @@sql_mode */ ;
/*!50003 SET sql_mode              = 'NO_AUTO_VALUE_ON_ZERO' */ ;
DELIMITER ;;
CREATE  PROCEDURE `sp_ShipItems`(

	IN `@shipCd` INT(10),

	IN `@inOutSeqs` VARCHAR(4000),

	IN `@issueID` VARCHAR(20)

)
BEGIN

  DECLARE `@pos` INT(10) DEFAULT 1;

	DECLARE `@inOutSeq` VARCHAR(10) DEFAULT '';

	DECLARE `@seq` INT(10) DEFAULT 0;

	DECLARE `@flagYN` VARCHAR(1) DEFAULT 'Y';

	DECLARE `@now` DATETIME;

	DECLARE `@seqs` VARCHAR(4000) DEFAULT '';



	SET `@now`=NOW();



	UPDATE tblShipItems

  SET flagYN = 'N'

  WHERE shipCd = `@shipCd`;



	WHILE `@pos`!=0 DO

    SET `@inOutSeq`=SUBSTRING_INDEX(SUBSTRING_INDEX(`@inOutSeqs`, ',', `@pos`), ',' , -1);

    IF `@seqs`!=`@inOutSeqs` THEN

      SET `@seq` = CAST(`@inOutSeq` AS UNSIGNED);

      INSERT INTO tblShipItems (

        shipCd,

        inOutSeq,

        flagYN,

        regDate,

        issueDate,

        issueID

      )

      VALUES (

        `@shipCd`,

        `@seq`,

        `@flagYN`,

        `@now`,

        `@now`,

        `@issueID`

      )

      ON DUPLICATE KEY UPDATE

        flagYN=VALUES (`flagYN`),

        issueDate=VALUES (`regDate`),

        issueID=VALUES (`issueID`)

      ;



      SET `@pos`=`@pos` + 1;



      IF `@seqs`!='' THEN

        SET `@seqs`=CONCAT(`@seqs`, ',');

      END IF;



      SET `@seqs`=CONCAT(`@seqs`, `@inOutSeq`);



    ELSE

      SET `@pos`=0;

    END IF;

	END WHILE;

END ;;
DELIMITER ;
/*!50003 SET sql_mode              = @saved_sql_mode */ ;
/*!50003 SET character_set_client  = @saved_cs_client */ ;
/*!50003 SET character_set_results = @saved_cs_results */ ;
/*!50003 SET collation_connection  = @saved_col_connection */ ;
/*!50003 DROP PROCEDURE IF EXISTS `sp_Shipping` */;
/*!50003 SET @saved_cs_client      = @@character_set_client */ ;
/*!50003 SET @saved_cs_results     = @@character_set_results */ ;
/*!50003 SET @saved_col_connection = @@collation_connection */ ;
/*!50003 SET character_set_client  = utf8mb4 */ ;
/*!50003 SET character_set_results = utf8mb4 */ ;
/*!50003 SET collation_connection  = utf8mb4_general_ci */ ;
/*!50003 SET @saved_sql_mode       = @@sql_mode */ ;
/*!50003 SET sql_mode              = 'NO_AUTO_VALUE_ON_ZERO' */ ;
DELIMITER ;;
CREATE  PROCEDURE `sp_Shipping`(

  IN `@shipCd` INT(10),

	IN `@compCd` INT(10),

	IN `@toMajor` VARCHAR(50),

  IN `@toPhone` VARCHAR(20),

  IN `@shipDt` VARCHAR(10),

	IN `@shipMajor` VARCHAR(50),

  IN `@inOutSeqs` VARCHAR(4000),

  IN `@flagYN` VARCHAR(1),

  IN `@planYN` VARCHAR(1),

  IN `@issueID` VARCHAR(20)

)
BEGIN

  DECLARE `@isCd` INTEGER DEFAULT 0;



  SELECT COUNT(*) INTO `@isCd`

  FROM tblShipping

  WHERE shipCd = `@shipCd`;



  IF `@isCd` = 0 THEN

    INSERT INTO tblShipping (

      compCd,

      toMajor,

      toPhone,

      shipDt,

      shipMajor,

      flagYN,

      planYN,

      regDate,

      issueDate,

      issueID

    )

    VALUES (

      `@compCd`,

      `@toMajor`,

      `@toPhone`,

      `@shipDt`,

      `@shipMajor`,

      `@flagYN`,

      `@planYN`,

      NOW(),

      NOW(),

      `@issueID`

    );

  ELSE

    UPDATE

      tblShipping

    SET

      compCd=`@compCd`,

      toMajor=`@toMajor`,

      toPhone=`@toPhone`,

      shipDt=`@shipDt`,

      shipMajor=`@shipMajor`,

      flagYN=`@flagYN`,

      planYN = `@planYN`,

      issueDate=NOW(),

      issueID=`@issueID`

    WHERE

      shipCd = `@shipCd`;

  END IF;



 	IF `@shipCd` = 0 THEN

    SET `@shipCd` = LAST_INSERT_ID();

  END IF;



  IF `@planYN` = 'Y' THEN

    CALL sp_ShipPlan (`@shipCd`, `@inOutSeqs`, `@issueID`);

  ELSE

    CALL sp_ShipItems (`@shipCd`, `@inOutSeqs`, `@issueID`);

  END IF;



END ;;
DELIMITER ;
/*!50003 SET sql_mode              = @saved_sql_mode */ ;
/*!50003 SET character_set_client  = @saved_cs_client */ ;
/*!50003 SET character_set_results = @saved_cs_results */ ;
/*!50003 SET collation_connection  = @saved_col_connection */ ;
/*!50003 DROP PROCEDURE IF EXISTS `sp_ShippingCheckout` */;
/*!50003 SET @saved_cs_client      = @@character_set_client */ ;
/*!50003 SET @saved_cs_results     = @@character_set_results */ ;
/*!50003 SET @saved_col_connection = @@collation_connection */ ;
/*!50003 SET character_set_client  = utf8mb4 */ ;
/*!50003 SET character_set_results = utf8mb4 */ ;
/*!50003 SET collation_connection  = utf8mb4_general_ci */ ;
/*!50003 SET @saved_sql_mode       = @@sql_mode */ ;
/*!50003 SET sql_mode              = 'STRICT_TRANS_TABLES,NO_ENGINE_SUBSTITUTION' */ ;
DELIMITER ;;
CREATE  PROCEDURE `sp_ShippingCheckout`(

	IN `@compCd` INT(11),

	IN `@orderCd` VARCHAR(20),

	IN `@sendYN` VARCHAR(1),

	IN `@gate` VARCHAR(5),

	IN `@deliveryCd` VARCHAR(50),

	IN `@issueID` VARCHAR(20)

)
BEGIN



	DECLARE `@planYN` VARCHAR(1) DEFAULT 'N';

	

	IF `@sendYN` = 'N' THEN

		SET `@planYN` = 'Y';

	END IF;

	

	IF `@orderCd` = NULL THEN

		SELECT orderCd INTO `@orderCd` FROM tblOrder WHERE deliveryCd=`@deliveryCd` AND compCd = `@compCd`;

	END IF;

	

	

	-- 주문서 출고 확인	

	UPDATE tblOrder 

	SET sendCheckYN=`@sendYN`

		, gate=`@gate`

		, sendCheckDt=now()

		, sendCheckID=`@issueID`

	WHERE orderCd=`@orderCd` AND compCd = `@compCd`;



	-- 제품 입출고 출고예정 -> 출고  확인

	UPDATE tblProductInOut

	SET planYN=`@planYN`

		, issueDate=now()

		, issueID=`@issueID`

	WHERE orderCd=`@orderCd` AND compCd = `@compCd` AND planYN=`@sendYN`;

END ;;
DELIMITER ;
/*!50003 SET sql_mode              = @saved_sql_mode */ ;
/*!50003 SET character_set_client  = @saved_cs_client */ ;
/*!50003 SET character_set_results = @saved_cs_results */ ;
/*!50003 SET collation_connection  = @saved_col_connection */ ;
/*!50003 DROP PROCEDURE IF EXISTS `sp_ShipPlan` */;
/*!50003 SET @saved_cs_client      = @@character_set_client */ ;
/*!50003 SET @saved_cs_results     = @@character_set_results */ ;
/*!50003 SET @saved_col_connection = @@collation_connection */ ;
/*!50003 SET character_set_client  = utf8mb4 */ ;
/*!50003 SET character_set_results = utf8mb4 */ ;
/*!50003 SET collation_connection  = utf8mb4_general_ci */ ;
/*!50003 SET @saved_sql_mode       = @@sql_mode */ ;
/*!50003 SET sql_mode              = 'NO_AUTO_VALUE_ON_ZERO' */ ;
DELIMITER ;;
CREATE  PROCEDURE `sp_ShipPlan`(

  IN `@shipCd` INT(10),

	IN `@inOutSeqs` VARCHAR(4000),

	IN `@issueID` VARCHAR(20)

)
BEGIN

  DECLARE `@pos` INT(10) DEFAULT 1;

	DECLARE `@inOutSeq` VARCHAR(10) DEFAULT '';

	DECLARE `@seq` INT(10) DEFAULT 0;

	DECLARE `@flagYN` VARCHAR(1) DEFAULT 'Y';

	DECLARE `@now` DATETIME;

	DECLARE `@seqs` VARCHAR(4000) DEFAULT '';



	SET `@now`=NOW();



	UPDATE tblShipPlan

  SET flagYN = 'N'

  WHERE shipCd = `@shipCd`;



	WHILE `@pos`!=0 DO

    SET `@inOutSeq`=SUBSTRING_INDEX(SUBSTRING_INDEX(`@inOutSeqs`, ',', `@pos`), ',' , -1);

    IF `@seqs`!=`@inOutSeqs` THEN

      SET `@seq` = CAST(`@inOutSeq` AS UNSIGNED);

      INSERT INTO tblShipPlan (

        shipCd,

        inOutSeq,

        flagYN,

        regDate,

        issueDate,

        issueID

      )

      VALUES (

        `@shipCd`,

        `@seq`,

        `@flagYN`,

        `@now`,

        `@now`,

        `@issueID`

      )

      ON DUPLICATE KEY UPDATE

        flagYN=VALUES (`flagYN`),

        issueDate=VALUES (`regDate`),

        issueID=VALUES (`issueID`)

      ;



      SET `@pos`=`@pos` + 1;



      IF `@seqs`!='' THEN

        SET `@seqs`=CONCAT(`@seqs`, ',');

      END IF;



      SET `@seqs`=CONCAT(`@seqs`, `@inOutSeq`);



    ELSE

      SET `@pos`=0;

    END IF;

	END WHILE;

END ;;
DELIMITER ;
/*!50003 SET sql_mode              = @saved_sql_mode */ ;
/*!50003 SET character_set_client  = @saved_cs_client */ ;
/*!50003 SET character_set_results = @saved_cs_results */ ;
/*!50003 SET collation_connection  = @saved_col_connection */ ;
/*!50003 DROP PROCEDURE IF EXISTS `sp_Split` */;
/*!50003 SET @saved_cs_client      = @@character_set_client */ ;
/*!50003 SET @saved_cs_results     = @@character_set_results */ ;
/*!50003 SET @saved_col_connection = @@collation_connection */ ;
/*!50003 SET character_set_client  = utf8mb4 */ ;
/*!50003 SET character_set_results = utf8mb4 */ ;
/*!50003 SET collation_connection  = utf8mb4_general_ci */ ;
/*!50003 SET @saved_sql_mode       = @@sql_mode */ ;
/*!50003 SET sql_mode              = 'STRICT_TRANS_TABLES,NO_ENGINE_SUBSTITUTION' */ ;
DELIMITER ;;
CREATE  PROCEDURE `sp_Split`(

	IN `@itemMemo` VARCHAR(4000),

	IN `@splitechar` CHAR(1)

)
BEGIN

	

	DECLARE `@seq` INT DEFAULT 1;

	DECLARE `@strCnt` INT DEFAULT 0;

	DECLARE `@splitMemo` VARCHAR(255) DEFAULT 0;

	

	CREATE TEMPORARY TABLE IF NOT EXISTS temp_table (

  		splitestr VARCHAR(255)

	);

	

	SELECT countStr(`@itemMemo`,`@splitechar`)+1 INTO @strCnt FROM DUAL;

	WHILE `@seq` <= @strCnt DO

		

		SELECT splitToRow(`@itemMemo`, `@splitechar`, `@seq`) INTO `@splitMemo` FROM DUAL;

		INSERT INTO temp_table (splitestr) VALUES (`@splitMemo`);

		SET `@seq` = `@seq`+1;

		

	END WHILE;

	

SELECT * FROM temp_table;

DROP TEMPORARY TABLE temp_table;

END ;;
DELIMITER ;
/*!50003 SET sql_mode              = @saved_sql_mode */ ;
/*!50003 SET character_set_client  = @saved_cs_client */ ;
/*!50003 SET character_set_results = @saved_cs_results */ ;
/*!50003 SET collation_connection  = @saved_col_connection */ ;
/*!50003 DROP PROCEDURE IF EXISTS `sp_SplitToRow` */;
/*!50003 SET @saved_cs_client      = @@character_set_client */ ;
/*!50003 SET @saved_cs_results     = @@character_set_results */ ;
/*!50003 SET @saved_col_connection = @@collation_connection */ ;
/*!50003 SET character_set_client  = utf8mb4 */ ;
/*!50003 SET character_set_results = utf8mb4 */ ;
/*!50003 SET collation_connection  = utf8mb4_general_ci */ ;
/*!50003 SET @saved_sql_mode       = @@sql_mode */ ;
/*!50003 SET sql_mode              = 'STRICT_TRANS_TABLES,NO_ENGINE_SUBSTITUTION' */ ;
DELIMITER ;;
CREATE  PROCEDURE `sp_SplitToRow`(

	IN `tempchar` LONGTEXT,

	IN `splitechar` CHAR(1)

)
BEGIN

DECLARE spliti INTEGER DEFAULT 1;

DECLARE tempresult CHAR(255) DEFAULT '';



CREATE TEMPORARY TABLE IF NOT EXISTS temp_table (

  splitestr VARCHAR(255)

);



SET spliti=1;



WHILE spliti!=0 DO

  SET tempresult=SUBSTRING_INDEX (SUBSTRING_INDEX (tempchar, splitechar, spliti),

    splitechar, -1);

  SELECT  tempresult;

  IF tempresult!='' THEN

   INSERT INTO temp_table (splitestr) VALUES (tempresult);

  	SET spliti=spliti + 1;

  	

  ELSE

  	SET spliti=0;

  END IF;

END WHILE;



SELECT * FROM temp_table;

DROP TEMPORARY TABLE temp_table;

END ;;
DELIMITER ;
/*!50003 SET sql_mode              = @saved_sql_mode */ ;
/*!50003 SET character_set_client  = @saved_cs_client */ ;
/*!50003 SET character_set_results = @saved_cs_results */ ;
/*!50003 SET collation_connection  = @saved_col_connection */ ;
/*!50003 DROP PROCEDURE IF EXISTS `sp_SplitUnit` */;
/*!50003 SET @saved_cs_client      = @@character_set_client */ ;
/*!50003 SET @saved_cs_results     = @@character_set_results */ ;
/*!50003 SET @saved_col_connection = @@collation_connection */ ;
/*!50003 SET character_set_client  = utf8mb4 */ ;
/*!50003 SET character_set_results = utf8mb4 */ ;
/*!50003 SET collation_connection  = utf8mb4_general_ci */ ;
/*!50003 SET @saved_sql_mode       = @@sql_mode */ ;
/*!50003 SET sql_mode              = 'STRICT_TRANS_TABLES,NO_ENGINE_SUBSTITUTION' */ ;
DELIMITER ;;
CREATE  PROCEDURE `sp_SplitUnit`(

	IN `@unit` VARCHAR(5),

	IN `@viewUnit` VARCHAR(5)

)
BEGIN

	

	DECLARE `@seq` INT DEFAULT 1;

	DECLARE `@strCnt` INT DEFAULT 0;

	DECLARE `@splitMemo` VARCHAR(255) DEFAULT 0;

	DECLARE `@itemMemo` VARCHAR(400) DEFAULT 0;

	

	SELECT itemMemo INTO `@itemMemo` 

	FROM tblCommonCd

	WHERE flagYN = 'Y' AND groupCd = '0008' AND itemCd = `@unit`;

	

	CREATE TEMPORARY TABLE IF NOT EXISTS temp_table (

  		itemCd VARCHAR(255)

	);

	

	SELECT countStr(`@itemMemo`,'/')+1 INTO @strCnt FROM DUAL;

	WHILE `@seq` <= @strCnt DO

		

		SELECT splitToRow(`@itemMemo`, '/', `@seq`) INTO `@splitMemo` FROM DUAL;

		INSERT INTO temp_table (itemCd) VALUES (`@splitMemo`);

		SET `@seq` = `@seq`+1;

		

	END WHILE;

	

SELECT * FROM temp_table WHERE itemCd = `@viewUnit`;

DROP TEMPORARY TABLE temp_table;

END ;;
DELIMITER ;
/*!50003 SET sql_mode              = @saved_sql_mode */ ;
/*!50003 SET character_set_client  = @saved_cs_client */ ;
/*!50003 SET character_set_results = @saved_cs_results */ ;
/*!50003 SET collation_connection  = @saved_col_connection */ ;
/*!50003 DROP PROCEDURE IF EXISTS `sp_User` */;
/*!50003 SET @saved_cs_client      = @@character_set_client */ ;
/*!50003 SET @saved_cs_results     = @@character_set_results */ ;
/*!50003 SET @saved_col_connection = @@collation_connection */ ;
/*!50003 SET character_set_client  = utf8mb4 */ ;
/*!50003 SET character_set_results = utf8mb4 */ ;
/*!50003 SET collation_connection  = utf8mb4_general_ci */ ;
/*!50003 SET @saved_sql_mode       = @@sql_mode */ ;
/*!50003 SET sql_mode              = 'STRICT_TRANS_TABLES,NO_ENGINE_SUBSTITUTION' */ ;
DELIMITER ;;
CREATE  PROCEDURE `sp_User`(

	IN `@userID` VARCHAR(20),

	IN `@passwd` VARCHAR(1000),

	IN `@userNm` VARCHAR(20),

	IN `@phone` VARCHAR(100),

	IN `@email` VARCHAR(100),

	IN `@uLevel` VARCHAR(5),

	IN `@compCd` INT(11),

	IN `@uPerm` VARCHAR(1000),

	IN `@sysMsgYN` VARCHAR(1),

	IN `@flagYN` VARCHAR(1),

	IN `@issueID` VARCHAR(20)

)
BEGIN



	DECLARE `@isCd` INTEGER DEFAULT 0;

	

	IF `@uLevel`='' THEN

	SELECT '00100' INTO `@uLevel`;

	END IF;

	

	SELECT COUNT(*) INTO `@isCd`

	FROM tblUser

	WHERE userID=`@userID`;

	

	IF `@isCd`=0 THEN

	INSERT INTO tblUser (

	  userID,

	  passwd,

	  userNm,

	  phone,

	  email,

	  uLevel,

	  compCd,

	  uPerm,

	  sysMsgYN,

	  flagYN,

	  regDate,

	  issueDate,

	  issueID

	)

	VALUES (

		`@userID`,

		`@passwd`,

		`@userNm`,

		`@phone`,

		`@email`,

		`@uLevel`,

		`@compCd`,

		`@uPerm`,

		`@sysMsgYN`,

		`@flagYN`,

		  NOW(),

		  NOW(),

		`@issueID`

	);

	ELSE

	UPDATE tblUser

	SET

	userNm=`@userNm`,

	phone=`@phone`,

	email=`@email`,

	uLevel=`@uLevel`,

	compCd=`@compCd`,

	uPerm=`@uPerm`,

	sysMsgYN=`@sysMsgYN`,

	flagYN=`@flagYN`,

	issueDate=NOW(),

	issueID=`@issueID`

	WHERE userID=`@userID`;

	END IF;

END ;;
DELIMITER ;
/*!50003 SET sql_mode              = @saved_sql_mode */ ;
/*!50003 SET character_set_client  = @saved_cs_client */ ;
/*!50003 SET character_set_results = @saved_cs_results */ ;
/*!50003 SET collation_connection  = @saved_col_connection */ ;
/*!50003 DROP PROCEDURE IF EXISTS `sp_UserConfig` */;
/*!50003 SET @saved_cs_client      = @@character_set_client */ ;
/*!50003 SET @saved_cs_results     = @@character_set_results */ ;
/*!50003 SET @saved_col_connection = @@collation_connection */ ;
/*!50003 SET character_set_client  = utf8mb4 */ ;
/*!50003 SET character_set_results = utf8mb4 */ ;
/*!50003 SET collation_connection  = utf8mb4_general_ci */ ;
/*!50003 SET @saved_sql_mode       = @@sql_mode */ ;
/*!50003 SET sql_mode              = 'NO_AUTO_VALUE_ON_ZERO' */ ;
DELIMITER ;;
CREATE  PROCEDURE `sp_UserConfig`(

	IN `@configSeq` INT(11),

	IN `@userID` VARCHAR(20),

	IN `@pageNm` VARCHAR(50),

	IN `@gridCd` VARCHAR(10),

	IN `@config` VARCHAR(8000),

	IN `@flagYN` VARCHAR(1),

	IN `@issueID` VARCHAR(20)

)
BEGIN

	DECLARE `@isCd` INTEGER DEFAULT 0;



	SELECT COUNT(*) INTO `@isCd`

  FROM tblUserConfig

  WHERE userID=`@userID` AND pageNm=`@pageNm` AND gridCd=`@gridCd`;



	IF `@isCd`=0 THEN

    INSERT INTO tblUserConfig (

      userID,

      pageNm,

      gridCd,

      config,

      flagYN,

      issueID,

      regDate

    )

    VALUES (

      `@userID`,

      `@pageNm`,

      `@gridCd`,

      `@config`,

      `@flagYN`,

      `@issueID`,

      NOW()

    );

  ELSE

    UPDATE

      tblUserConfig

    SET

      config=`@config`,

      flagYN=`@flagYN`,

      issueID=`@issueID`,

      issueDate=NOW()

    WHERE

      userID=`@userID`;

  END IF;

END ;;
DELIMITER ;
/*!50003 SET sql_mode              = @saved_sql_mode */ ;
/*!50003 SET character_set_client  = @saved_cs_client */ ;
/*!50003 SET character_set_results = @saved_cs_results */ ;
/*!50003 SET collation_connection  = @saved_col_connection */ ;
/*!50003 DROP PROCEDURE IF EXISTS `sp_UseUpdate` */;
/*!50003 SET @saved_cs_client      = @@character_set_client */ ;
/*!50003 SET @saved_cs_results     = @@character_set_results */ ;
/*!50003 SET @saved_col_connection = @@collation_connection */ ;
/*!50003 SET character_set_client  = utf8mb4 */ ;
/*!50003 SET character_set_results = utf8mb4 */ ;
/*!50003 SET collation_connection  = utf8mb4_general_ci */ ;
/*!50003 SET @saved_sql_mode       = @@sql_mode */ ;
/*!50003 SET sql_mode              = 'STRICT_TRANS_TABLES,NO_ENGINE_SUBSTITUTION' */ ;
DELIMITER ;;
CREATE  PROCEDURE `sp_UseUpdate`()
BEGIN

	

	UPDATE tblProductInOut SET useYN = 'N', useYDate=NOW(), issueDate=NOW() WHERE inOutSeq 

	IN(SELECT A.inOutSeq

		FROM (SELECT * FROM tblProductInOut WHERE planYN = 'N' AND qty>0 AND flagYN='Y') A

		     LEFT JOIN (SELECT refSeq, SUM(qty) outQty FROM tblProductInOut 

		                  WHERE planYN = 'N' AND qty<0 AND flagYN='Y'

		                  GROUP BY refSeq

		                  ) R ON A.inOutSeq=R.refSeq

		     LEFT JOIN tblProduct B ON A.prodCd = B.prodCd

		WHERE A.qty+IFNULL(R.outQty,0) > 0 AND A.limitDt != "" AND A.limitDt <= CURDATE()) AND useYN != 'N';

		

END ;;
DELIMITER ;
/*!50003 SET sql_mode              = @saved_sql_mode */ ;
/*!50003 SET character_set_client  = @saved_cs_client */ ;
/*!50003 SET character_set_results = @saved_cs_results */ ;
/*!50003 SET collation_connection  = @saved_col_connection */ ;
/*!50003 DROP PROCEDURE IF EXISTS `sp_VoucherCd` */;
/*!50003 SET @saved_cs_client      = @@character_set_client */ ;
/*!50003 SET @saved_cs_results     = @@character_set_results */ ;
/*!50003 SET @saved_col_connection = @@collation_connection */ ;
/*!50003 SET character_set_client  = utf8mb4 */ ;
/*!50003 SET character_set_results = utf8mb4 */ ;
/*!50003 SET collation_connection  = utf8mb4_general_ci */ ;
/*!50003 SET @saved_sql_mode       = @@sql_mode */ ;
/*!50003 SET sql_mode              = 'STRICT_TRANS_TABLES,NO_ENGINE_SUBSTITUTION' */ ;
DELIMITER ;;
CREATE  PROCEDURE `sp_VoucherCd`(

	OUT `@rsSeq` VARCHAR(13)

)
BEGIN

	DECLARE `@curDt` VARCHAR(6) DEFAULT '';

	DECLARE `@voucherCd` VARCHAR(13) DEFAULT '';

	DECLARE `@isOrder` INTEGER DEFAULT 0;

	DECLARE `@seq` VARCHAR(5) DEFAULT '';

	

	SELECT DATE_FORMAT(now(), '%y%m%d') INTO `@curDt`;

	

	SELECT (COUNT(*) + 1) INTO `@isOrder` FROM tblCashVoucher 

	WHERE voucherCd LIKE CONCAT('CV',DATE_FORMAT(now(), '%y%m%d'),'%');

	

	SELECT LPAD(`@isOrder`, '4', '0') INTO `@seq`;

	

	SET `@voucherCd` = CONCAT('CV',`@curDt`,'-',`@seq`);

	

	SELECT `@voucherCd` INTO `@rsSeq`;

END ;;
DELIMITER ;
/*!50003 SET sql_mode              = @saved_sql_mode */ ;
/*!50003 SET character_set_client  = @saved_cs_client */ ;
/*!50003 SET character_set_results = @saved_cs_results */ ;
/*!50003 SET collation_connection  = @saved_col_connection */ ;

--
-- Final view structure for view `viewprodall`
--

/*!50001 DROP TABLE IF EXISTS `viewprodall`*/;
/*!50001 DROP VIEW IF EXISTS `viewprodall`*/;
/*!50001 SET @saved_cs_client          = @@character_set_client */;
/*!50001 SET @saved_cs_results         = @@character_set_results */;
/*!50001 SET @saved_col_connection     = @@collation_connection */;
/*!50001 SET character_set_client      = utf8mb4 */;
/*!50001 SET character_set_results     = utf8mb4 */;
/*!50001 SET collation_connection      = utf8mb4_general_ci */;
/*!50001 CREATE ALGORITHM=UNDEFINED */
/*!50013  SQL SECURITY DEFINER */
/*!50001 VIEW `viewprodall` AS select `tblproduct`.`prodCd` AS `prodCd`,`tblproduct`.`prodNm` AS `prodNm`,'prod' AS `bomType` from `tblproduct` where (`tblproduct`.`flagYN` = 'Y') union all select `tblresource`.`resrcCd` AS `prodCd`,`tblresource`.`resrcNm` AS `prodNm`,'resrc' AS `bomType` from `tblresource` where (`tblresource`.`flagYN` = 'Y') */;
/*!50001 SET character_set_client      = @saved_cs_client */;
/*!50001 SET character_set_results     = @saved_cs_results */;
/*!50001 SET collation_connection      = @saved_col_connection */;
/*!40103 SET TIME_ZONE=@OLD_TIME_ZONE */;

/*!40101 SET SQL_MODE=@OLD_SQL_MODE */;
/*!40014 SET FOREIGN_KEY_CHECKS=@OLD_FOREIGN_KEY_CHECKS */;
/*!40014 SET UNIQUE_CHECKS=@OLD_UNIQUE_CHECKS */;
/*!40101 SET CHARACTER_SET_CLIENT=@OLD_CHARACTER_SET_CLIENT */;
/*!40101 SET CHARACTER_SET_RESULTS=@OLD_CHARACTER_SET_RESULTS */;
/*!40101 SET COLLATION_CONNECTION=@OLD_COLLATION_CONNECTION */;
/*!40111 SET SQL_NOTES=@OLD_SQL_NOTES */;

-- Dump completed on 2024-11-03 20:06:34
