/**************************************************************************************************/DROP TABLE IF EXISTS `tblBom`;
/*!40101 SET @saved_cs_client     = @@character_set_client */ ;
/*!40101 SET character_set_client = utf8 */ ;
CREATE TABLE `tblBom` (
  `prodCd` int(11) unsigned NOT NULL COMMENT '제품코드',
  `resrcCd` int(11) NOT NULL COMMENT '자재코드',
  `bomType` varchar(5) NOT NULL COMMENT '제품/자재구분',
  `unitQty` decimal(5,2) DEFAULT '0.00' COMMENT '단위 수량',
  `flagYN` varchar(1) DEFAULT 'Y' COMMENT '삭제여부(Y:유효/N:삭제)',
  `regDate` datetime DEFAULT NULL COMMENT '최초저장일',
  `issueDate` datetime DEFAULT NULL COMMENT '최종저장일',
  `issueID` varchar(20) DEFAULT '' COMMENT '최종저장자',
  UNIQUE KEY `UNIQUE` (`bomType`,`resrcCd`,`prodCd`) USING BTREE
) ENGINE=InnoDB DEFAULT CHARSET=utf8 COMMENT='BOM관리';
/*!40101 SET character_set_client = @saved_cs_client */ ;

--
-- Dumping data for table `tblBom`
--

LOCK TABLES `tblBom` WRITE;
/*!40000 ALTER TABLE `tblBom` DISABLE KEYS */ ;
INSERT INTO `tblBom` VALUES (1,1,'prod',2.00,'Y','2021-05-25 15:59:44','2023-10-16 04:10:27','jade'),(5,1,'prod',23.00,'N','2021-06-04 10:35:29','2023-10-15 13:55:20','jade'),(8,1,'prod',1.00,'Y','2021-06-03 17:12:06','2023-10-16 00:44:54','jade'),(11,1,'prod',56.00,'N','2021-06-11 15:38:55','2023-10-11 22:09:01','jade'),(12,1,'prod',2.00,'N','2021-06-11 15:38:22','2023-10-15 16:33:24','jade'),(13,1,'prod',2.00,'Y','2023-07-11 16:02:22','2023-10-15 20:10:54','jade'),(1,2,'prod',1.00,'Y','2021-06-02 17:23:25','2023-10-16 04:10:27','jade'),(5,2,'prod',56.00,'N','2021-06-04 10:35:29','2021-06-04 10:39:10','jade'),(8,2,'prod',2.00,'Y','2021-06-03 18:14:36','2023-10-16 00:44:54','jade'),(11,2,'prod',34.00,'N','2021-06-11 15:38:55','2023-10-15 13:55:29','jade'),(12,2,'prod',0.00,'N','2021-06-11 15:38:22','2023-10-18 20:23:49','jade'),(13,2,'prod',3.00,'Y','2023-07-11 16:02:21','2023-10-15 20:10:54','jade'),(1,3,'prod',13.00,'N','2021-05-25 15:59:44','2021-06-03 18:25:42','jade'),(8,3,'prod',2.00,'Y','2021-06-03 17:16:53','2023-10-17 16:33:00','jade'),(12,3,'prod',1.00,'Y','2023-10-14 14:32:54','2023-10-15 20:57:16','jade'),(1,4,'prod',35.00,'N','2021-06-04 10:39:50','2023-10-15 16:17:19','jade'),(5,4,'prod',3.00,'N','2021-06-04 10:35:29','2021-06-04 10:39:37','jade'),(8,4,'prod',3.00,'N','2021-05-25 11:40:00','2023-10-15 15:58:13','jade'),(13,4,'prod',34.00,'N','2023-07-11 16:02:22','2023-10-15 16:10:24','jade'),(1,6,'prod',1.00,'Y','2021-05-25 15:59:44','2023-10-16 04:10:27','jade'),(8,6,'prod',0.00,'N','2021-06-03 17:12:06','2023-10-18 20:23:54','jade'),(11,6,'prod',98.00,'N','2021-06-11 15:38:55','2023-10-15 20:43:04','jade'),(12,6,'prod',4.00,'N','2021-06-11 15:38:22','2023-10-15 16:00:48','jade'),(13,6,'prod',4.00,'N','2023-07-11 16:02:21','2023-10-15 16:02:25','jade'),(8,7,'prod',3.00,'Y','2021-06-03 17:16:53','2023-10-17 16:33:00','jade'),(9,7,'prod',453.00,'Y','2021-06-04 18:26:37','2021-06-04 18:26:37','jade'),(19,7,'prod',3.00,'Y','2023-07-11 16:02:55','2023-07-11 16:02:55','jade'),(1,8,'prod',2.00,'N','2021-06-02 17:23:25','2023-10-15 16:16:03','jade'),(8,8,'prod',2.00,'Y','2023-07-11 16:08:38','2023-10-17 16:33:00','jade'),(9,8,'prod',323.00,'Y','2021-06-04 18:26:37','2021-06-04 18:26:37','jade'),(13,8,'prod',0.00,'N','2023-07-11 16:02:22','2023-10-15 22:27:54','jade'),(19,8,'prod',2.00,'Y','2023-07-11 16:02:55','2023-07-11 16:02:55','jade'),(1,13,'prod',3.00,'Y','2023-10-15 20:07:49','2023-10-16 04:10:27','jade'),(8,13,'prod',0.00,'N','2023-10-15 16:36:15','2023-10-16 00:45:04','jade'),(12,13,'prod',1.00,'N','2023-10-15 16:21:40','2023-10-15 20:43:24','jade'),(13,14,'prod',0.00,'N','2023-10-15 16:02:34','2023-10-15 16:02:34','jade'),(1,1,'resrc',5.00,'N','2021-06-03 12:40:40','2021-06-03 17:55:44','jade'),(8,1,'resrc',1.00,'N','2021-06-03 16:31:53','2021-06-03 17:44:18','jade'),(1,2,'resrc',6.00,'N','2021-06-03 12:40:40','2021-06-03 18:25:54','jade'),(1,3,'resrc',4.00,'N','2021-06-03 12:40:40','2021-06-03 17:52:16','jade'),(1,4,'resrc',3.00,'N','2021-06-03 11:38:23','2021-06-03 17:44:04','jade'),(8,4,'resrc',22.50,'N','2021-06-03 16:31:53','2021-06-03 16:59:15','jade'),(1,6,'resrc',11.00,'N','2021-06-03 12:40:40','2021-06-03 17:46:49','jade'),(8,6,'resrc',75.54,'N','2021-06-03 16:31:53','2021-06-03 16:57:47','jade'),(1,7,'resrc',1.00,'N','2021-06-03 11:23:59','2021-06-03 18:19:21','jade'),(8,7,'resrc',3.00,'Y','2021-06-03 17:01:21','2021-06-03 17:01:21','jade'),(1,8,'resrc',2.00,'N','2021-06-03 17:00:53','2021-06-03 18:15:25','jade'),(8,8,'resrc',2.00,'Y','2021-06-03 17:01:21','2021-06-03 17:01:21','jade');
/*!40000 ALTER TABLE `tblBom` ENABLE KEYS */ ;
UNLOCK TABLES;

/**************************************************************************************************/
DROP TABLE IF EXISTS `tblCommonCd`;
/*!40101 SET @saved_cs_client     = @@character_set_client */ ;
/*!40101 SET character_set_client = utf8 */ ;
CREATE TABLE `tblCommonCd` (
  `groupCd` varchar(4) NOT NULL COMMENT '그룹코드',
  `itemCd` varchar(5) NOT NULL COMMENT '공통코드',
  `groupNm` varchar(50) DEFAULT '' COMMENT '그룹 이름',
  `itemNm` varchar(50) DEFAULT '' COMMENT '공통코드 이름',
  `itemMemo` varchar(400) DEFAULT '' COMMENT '공통코드 Memo',
  `itemSeq` int(11) DEFAULT '1' COMMENT '공통코드 순서',
  `flagYN` varchar(1) DEFAULT 'Y' COMMENT '삭제여부(Y:유효/N:삭제)',
  `regDate` datetime DEFAULT NULL COMMENT '최초저장일',
  `issueDate` datetime DEFAULT NULL COMMENT '최종저장일',
  `issueID` varchar(20) DEFAULT '' COMMENT '최종저장자',
  PRIMARY KEY (`groupCd`,`itemCd`)
) ENGINE=InnoDB DEFAULT CHARSET=utf8 COMMENT='공통코드';
/*!40101 SET character_set_client = @saved_cs_client */ ;

--
-- Dumping data for table `tblCommonCd`
--

LOCK TABLES `tblCommonCd` WRITE;
/*!40000 ALTER TABLE `tblCommonCd` DISABLE KEYS */ ;
INSERT INTO `tblCommonCd` VALUES ('0001','00100','사용자등급','일반','',1,'Y',NULL,'2023-07-14 16:20:02','jade'),('0001','00900','사용자등급','관리자','',2,'Y','2021-04-12 10:52:19','2021-04-12 10:52:19','1'),('0001','01000','사용자등급','슈퍼관리자','',3,'N','2023-07-11 16:37:17','2023-07-14 16:27:02','jade'),('0002','01000','분류','내수용','',1,'Y','2021-04-21 16:30:00','2023-07-14 16:20:18','jade'),('0002','02000','분류','수출용','',2,'Y','2021-04-21 16:30:22','2021-04-21 16:30:22','s'),('0003','O','자재분류','원자재','',1,'Y','2021-05-10 15:15:02','2023-07-14 16:23:10','jade'),('0003','S','자재분류','부자재','',2,'Y','2021-05-10 15:15:24','2021-05-10 15:15:24','jade'),('0004','prod','BOM 타입','제품','',1,'Y','2021-05-19 20:11:03','2021-05-19 20:11:03','jade'),('0004','resrc','BOM 타입','자재','12',2,'Y','2021-05-19 20:11:23','2023-10-10 23:47:51','eric4757');
/*!40000 ALTER TABLE `tblCommonCd` ENABLE KEYS */ ;
UNLOCK TABLES;

/**************************************************************************************************/
DROP TABLE IF EXISTS `tblCompany`;
/*!40101 SET @saved_cs_client     = @@character_set_client */ ;
/*!40101 SET character_set_client = utf8 */ ;
CREATE TABLE `tblCompany` (
  `compCd` int(10) NOT NULL AUTO_INCREMENT COMMENT '거래처 코드',
  `compNm` varchar(100) DEFAULT '' COMMENT '거래처 이름',
  `compNo` varchar(20) DEFAULT '' COMMENT '사업자 번호',
  `owner` varchar(20) DEFAULT '' COMMENT '대표자',
  `major` varchar(20) DEFAULT '' COMMENT '담당자',
  `phone` varchar(100) DEFAULT '' COMMENT '연락처',
  `taxEmail` varchar(100) DEFAULT '' COMMENT '세금계산서 Email',
  `address` varchar(100) DEFAULT '' COMMENT '주소',
  `compType` varchar(1000) DEFAULT '' COMMENT '업태',
  `compPart` varchar(1000) DEFAULT '' COMMENT '종목',
  `remarks` varchar(4000) DEFAULT '' COMMENT '메모',
  `flagYN` varchar(1) DEFAULT 'Y' COMMENT '삭제여부(Y:유효/N:삭제)',
  `regDate` datetime DEFAULT NULL COMMENT '최초저장일',
  `issueDate` datetime DEFAULT NULL COMMENT '최종저장일',
  `issueID` varchar(20) DEFAULT '' COMMENT '최종저장자',
  PRIMARY KEY (`compCd`)
) ENGINE=InnoDB AUTO_INCREMENT=15 DEFAULT CHARSET=utf8 COMMENT='거래처';
/*!40101 SET character_set_client = @saved_cs_client */ ;

--
-- Dumping data for table `tblCompany`
--

LOCK TABLES `tblCompany` WRITE;
/*!40000 ALTER TABLE `tblCompany` DISABLE KEYS */ ;
INSERT INTO `tblCompany` VALUES (1,'주식회사 비던','110111-7268562','박진호','담당자','010-4102-3796','tax@bedone.co.kr','서울특별시 영등포구 당산로 41번길 11, W동 609호','서비스','소프트웨어','','Y',NULL,'2023-10-10 21:45:40',NULL),(2,'일번지 상사','123-25-56933','일번지','담당자','연락처','Email','','','','','Y','2021-04-12 16:06:20','2021-05-06 14:36:02','jade'),(3,'이대로 무역','230-63-20026','대표자','담당자','연락처','Email','','','','','Y','2021-04-12 16:06:21','2021-05-06 14:36:25','jade'),(4,'깡통 로봇','120-55-23650','대표자','담당자','연락처','Email','','','','','Y','2021-04-12 16:06:21','2021-05-06 14:36:52','jade'),(5,'무지개 통상','236-55-96320','대표자','담당자','연락처','Email','','','','','Y','2021-04-12 16:06:21','2021-05-06 14:37:11','jade'),(6,'활활타 무역','263-56-96320','대표자','담당자','연락처','Email','','','','','Y','2021-04-12 16:06:22','2021-05-06 14:37:33','jade'),(7,'새로나 컴퍼니','236-66-02653','대표자','담당자','연락처','Email','','','','','Y','2021-04-12 16:06:22','2021-05-06 14:38:09','jade'),(8,'럭키 세븐','200-23-66930','대표자','담당자','연락처','Email','','','','','Y','2021-04-12 16:06:22','2021-05-06 15:50:48',NULL),(9,'머시기 상사','사업자번호','대표자','담당자','연락처','Email','','','','','Y','2021-04-12 16:06:22','2021-05-05 20:00:31','jade'),(10,'클라우드 나인','326-33-96321','대표자','담당자','연락처','Email','','','','','Y','2021-04-12 16:06:22','2021-05-06 15:51:04',NULL),(11,'거래처','사업자번호','대표자','담당자','연락처','Email','','','','','Y','2021-04-12 16:06:22','2023-07-11 16:41:46','jade'),(12,'카이 컴퍼니','0001','권용훈','김용훈','010','wkzkfmxksi@gmail.com','강남구','업태','종목','메모','Y','2021-04-12 16:15:25','2021-04-21 11:30:38','s'),(13,'비스도리','000-1234-123114','요동동','동동이','010-1234-0000','dong@dong.com','논산','서비스','소프트웨어','맴맴','Y','2021-08-06 17:29:40','2021-08-06 18:00:05','jade'),(14,'거래처 테스트','','','','','','','','','','Y','2023-07-14 17:18:57','2023-07-14 17:18:57','jade');
/*!40000 ALTER TABLE `tblCompany` ENABLE KEYS */ ;
UNLOCK TABLES;

/**************************************************************************************************/
DROP TABLE IF EXISTS `tblDayOff`;
/*!40101 SET @saved_cs_client     = @@character_set_client */ ;
/*!40101 SET character_set_client = utf8 */ ;
CREATE TABLE `tblDayOff` (
  `offSeq` int(11) unsigned NOT NULL AUTO_INCREMENT COMMENT '휴무시퀀스',
  `userID` varchar(20) DEFAULT NULL COMMENT '사용자 아이디',
  `offDate` varchar(500) DEFAULT NULL COMMENT '휴무일',
  `restCnt` int(11) DEFAULT '0' COMMENT '잔여일',
  `flagYN` varchar(1) DEFAULT 'Y' COMMENT '유효여부',
  `regDate` datetime DEFAULT NULL COMMENT '등록일시',
  `issueDate` datetime DEFAULT NULL COMMENT '최종수정일시',
  `issueID` varchar(20) DEFAULT NULL COMMENT '작성자',
  PRIMARY KEY (`offSeq`)
) ENGINE=InnoDB DEFAULT CHARSET=utf8 COMMENT='휴무관리';
/*!40101 SET character_set_client = @saved_cs_client */ ;

--
-- Dumping data for table `tblDayOff`
--

LOCK TABLES `tblDayOff` WRITE;
/*!40000 ALTER TABLE `tblDayOff` DISABLE KEYS */ ;
/*!40000 ALTER TABLE `tblDayOff` ENABLE KEYS */ ;
UNLOCK TABLES;

/**************************************************************************************************/
DROP TABLE IF EXISTS `tblFiles`;
/*!40101 SET @saved_cs_client     = @@character_set_client */ ;
/*!40101 SET character_set_client = utf8 */ ;
CREATE TABLE `tblFiles` (
  `fileSeq` int(10) NOT NULL AUTO_INCREMENT COMMENT '파일시퀀스',
  `tableNm` varchar(20) DEFAULT '' COMMENT '테이블 이름',
  `tableKey` varchar(50) DEFAULT '' COMMENT '테이블 PRI 값',
  `fileUrl` varchar(1000) DEFAULT '' COMMENT '파일위치',
  `fileNm` varchar(200) DEFAULT '' COMMENT '파일이름',
  `flagYN` varchar(1) DEFAULT 'Y' COMMENT '삭제여부(Y:유효/N:삭제)',
  `regDate` datetime DEFAULT NULL COMMENT '최초저장일',
  `issueDate` datetime DEFAULT NULL COMMENT '최종저장일',
  `issueID` varchar(20) DEFAULT '' COMMENT '최종저장자',
  PRIMARY KEY (`fileSeq`) USING BTREE
) ENGINE=InnoDB AUTO_INCREMENT=175 DEFAULT CHARSET=utf8 COMMENT='파일관리';
/*!40101 SET character_set_client = @saved_cs_client */ ;

--
-- Dumping data for table `tblFiles`
--

LOCK TABLES `tblFiles` WRITE;
/*!40000 ALTER TABLE `tblFiles` DISABLE KEYS */ ;
INSERT INTO `tblFiles` VALUES (114,'tblResource','6','20230925103908.jpg','12.jpg','N','2023-09-25 10:39:08','2023-10-16 00:27:16',NULL),(120,'tblResource','1','20230925143246.jpg','12.jpg','Y','2023-09-25 14:32:45','2023-09-25 14:32:45',NULL),(121,'tblResource','1','20230925143251.jpg','24283C3858F778CA2E.jpg','Y','2023-09-25 14:32:50','2023-09-25 14:32:50',NULL),(122,'tblResource','1','20230925143303.png','cores-logo-white.png','Y','2023-09-25 14:33:03','2023-09-25 14:33:03',NULL),(123,'tblResource','1','20230925143837_tblResource.jpg','12.jpg','N','2023-09-25 14:38:37','2023-10-14 15:23:42',NULL),(131,'tblProduct','6','20230927172323_product.jpg','12.jpg','Y','2023-09-27 17:23:23','2023-09-27 17:23:23',NULL),(132,'tblProduct','8','20230927172542_product.jpg','24283C3858F778CA2E.jpg','Y','2023-09-27 17:25:42','2023-09-27 17:25:42',NULL),(144,'tblCompany','4','20231004141853.jpg','12.jpg','Y','2023-10-04 14:18:52','2023-10-04 14:18:52',NULL),(146,'tblCompany','5','20231005124123.jpg','12.jpg','Y','2023-10-05 12:41:22','2023-10-05 12:41:22',NULL),(152,'tblProduct','2','20231005144927.PNG','cleanRobot.PNG','N','2023-10-05 14:49:24','2023-10-15 23:24:36',NULL),(153,'tblProduct','13','20231005145153.png','??-2.png','N','2023-10-05 14:51:50','2023-10-15 23:28:30',NULL),(157,'tblCompany','1','20231010214534_company.png','noImage.png','N','2023-10-10 21:45:34','2023-10-14 15:23:58',NULL),(158,'tblProduct','2','20231011013018_product.png','logo.png','N','2023-10-11 01:30:18','2023-10-14 15:23:24',NULL),(159,'tblProduct','1','20231011215139.png','no-image.png','N','2023-10-11 21:51:39','2023-10-14 15:14:01',NULL),(160,'tblProduct','1','20231014035150.png','logo.png','Y','2023-10-14 03:51:50','2023-10-14 03:51:50',NULL),(161,'tblProduct','1','20231014055357.png','logo.png','Y','2023-10-14 05:53:57','2023-10-14 05:53:57',NULL),(163,'tblProduct','13','20231014055803.png','noImage.png','Y','2023-10-14 05:58:03','2023-10-14 05:58:03',NULL),(164,'tblProduct','1','20231014150034.png','name.png','Y','2023-10-14 15:00:34','2023-10-14 15:00:34',NULL),(165,'tblProduct','1','20231014152108.png','logo.png','Y','2023-10-14 15:21:08','2023-10-14 15:21:08',NULL),(166,'tblProduct','2','20231015232444.png','main2.png','Y','2023-10-15 23:24:44','2023-10-15 23:24:44',NULL),(167,'tblResource','6','20231016002713.png','logo.png','N','2023-10-16 00:27:13','2023-10-16 00:30:11',NULL),(168,'tblResource','6','20231016003008.png','logo.png','Y','2023-10-16 00:30:08','2023-10-16 00:30:08',NULL),(169,'tblProduct','1','20231017134735.jpg','12.jpg','Y','2023-10-17 13:47:35','2023-10-17 13:47:35','jade'),(170,'tblProduct','1','20231019100455.jpg','1.jpg','Y','2023-10-19 10:04:52','2023-10-19 10:04:52','jade'),(171,'tblProduct','24','20231019100520.jpg','1.jpg','Y','2023-10-19 10:05:17','2023-10-19 10:05:17','jade'),(172,'tblProduct','24','20231019100537.PNG','?? ???.PNG','Y','2023-10-19 10:05:34','2023-10-19 10:05:34','jade'),(173,'tblProduct','23','20231019101157.jpg','1.jpg','Y','2023-10-19 10:11:57','2023-10-19 10:11:57','jade'),(174,'tblProduct','25','20231025095214-2e817c78.png','logo.png','Y','2023-10-25 09:52:11','2023-10-25 09:52:11','jade');
/*!40000 ALTER TABLE `tblFiles` ENABLE KEYS */ ;
UNLOCK TABLES;

/**************************************************************************************************/
DROP TABLE IF EXISTS `tblHouse`;
/*!40101 SET @saved_cs_client     = @@character_set_client */ ;
/*!40101 SET character_set_client = utf8 */ ;
CREATE TABLE `tblHouse` (
  `houseCd` int(11) unsigned NOT NULL AUTO_INCREMENT COMMENT '창고코드',
  `houseNm` varchar(100) DEFAULT '' COMMENT '창고 섹션 이름',
  `parentsHCd` int(11) DEFAULT '0' COMMENT '부모 창고',
  `houseOrder` int(11) DEFAULT '1' COMMENT '순서',
  `step` int(11) DEFAULT '0' COMMENT '단계',
  `flagYN` varchar(1) DEFAULT 'Y' COMMENT '삭제여부(Y:유효/N:삭제)',
  `regDate` datetime DEFAULT NULL COMMENT '최초저장일',
  `issueDate` datetime DEFAULT NULL COMMENT '최종저장일',
  `issueID` varchar(20) DEFAULT '' COMMENT '최종저장자',
  PRIMARY KEY (`houseCd`)
) ENGINE=InnoDB AUTO_INCREMENT=22 DEFAULT CHARSET=utf8 COMMENT='창고관리';
/*!40101 SET character_set_client = @saved_cs_client */ ;

--
-- Dumping data for table `tblHouse`
--

LOCK TABLES `tblHouse` WRITE;
/*!40000 ALTER TABLE `tblHouse` DISABLE KEYS */ ;
INSERT INTO `tblHouse` VALUES (1,'창고',0,1,1,'Y','2021-04-29 10:08:18','2021-04-30 20:44:31','jade'),(2,'A동',1,1,2,'Y','2021-05-01 20:14:32','2021-05-01 20:14:32','jade'),(3,'B동',1,2,2,'Y','2021-05-01 20:15:15','2021-05-01 20:15:15','jade'),(4,'C동',1,3,2,'Y','2021-05-01 20:15:32','2021-05-01 20:15:32','jade'),(5,'A동 1-1',2,1,3,'Y','2021-05-01 20:15:56','2023-07-11 16:45:52','jade'),(6,'A동 1-2',2,99,3,'Y','2021-05-01 20:16:12','2021-05-01 20:16:12','jade'),(7,'B동 2-1',3,1,3,'Y','2021-05-01 20:16:39','2021-05-01 20:17:02','jade'),(8,'B동 2-2',3,2,3,'Y','2021-05-01 20:16:53','2021-05-01 20:16:53','jade'),(9,'C동 3-1',4,1,3,'Y','2021-05-01 20:17:16','2021-05-01 20:17:16','jade'),(10,'C동 3-2',4,2,3,'Y','2021-05-01 20:17:31','2021-05-01 20:17:31','jade'),(11,'검사실',1,9,2,'Y','2021-05-01 20:18:00','2021-05-01 20:18:00','jade'),(12,'검사실 E동',11,1,3,'Y','2021-05-01 20:18:36','2021-05-01 20:19:12','jade'),(13,'검사실 W동',11,2,3,'Y','2021-05-01 20:18:54','2021-05-01 20:19:07','jade'),(14,'검사실 W-1동',13,99,4,'Y','2021-06-30 11:15:08','2021-06-30 11:15:08','jade'),(15,'테스트창고',13,99,0,'N','2021-07-01 15:25:25','2021-07-01 15:25:25','jade'),(16,'A동 1-3',1,99,2,'N','2023-07-11 16:46:18','2023-07-11 16:47:34','jade'),(17,'A동 1-2-1',6,99,4,'Y','2023-07-11 16:46:40','2023-07-11 16:46:56','jade'),(18,'A동 1-3',1,99,2,'N','2023-07-11 16:47:17','2023-07-11 16:47:37','jade'),(19,'A동 ?',1,100,2,'N','2023-07-11 16:47:52','2023-07-11 16:48:12','jade'),(20,'1',2,99,3,'N','2023-07-11 16:48:25','2023-07-11 16:48:33','jade'),(21,'창고2',1,1,2,'N','2023-07-14 17:54:10','2023-07-14 17:54:24','jade');
/*!40000 ALTER TABLE `tblHouse` ENABLE KEYS */ ;
UNLOCK TABLES;

/**************************************************************************************************/
DROP TABLE IF EXISTS `tblProduct`;
/*!40101 SET @saved_cs_client     = @@character_set_client */ ;
/*!40101 SET character_set_client = utf8 */ ;
CREATE TABLE `tblProduct` (
  `prodCd` int(11) NOT NULL AUTO_INCREMENT COMMENT '제품 코드',
  `prodNm` varchar(300) DEFAULT '' COMMENT '제품명',
  `prodType` varchar(5) DEFAULT '' COMMENT '분류',
  `houseCd` int(11) DEFAULT '0' COMMENT '창고',
  `protectedQty` smallint(10) DEFAULT '0' COMMENT '안전재고',
  `quality` varchar(50) DEFAULT '0' COMMENT '재질',
  `unit` varchar(5) DEFAULT '' COMMENT '단위',
  `option1` varchar(50) DEFAULT '' COMMENT '규격',
  `option2` varchar(50) DEFAULT '' COMMENT '사양 2',
  `maker` varchar(50) DEFAULT '' COMMENT '제조사',
  `unitPrice` decimal(18,0) DEFAULT '0' COMMENT '표준단가',
  `compCd` int(11) DEFAULT '0' COMMENT '기본거래처',
  `remark` varchar(3000) DEFAULT '' COMMENT '비고',
  `barcode` varchar(8) DEFAULT '' COMMENT '바코드(W+prodCd, 빈자리 0으로채움)',
  `flagYN` varchar(1) DEFAULT 'Y' COMMENT '삭제여부(Y:유효/N:삭제)',
  `regDate` datetime DEFAULT NULL COMMENT '최초저장일',
  `issueDate` datetime DEFAULT NULL COMMENT '최종저장일',
  `issueID` varchar(20) DEFAULT '' COMMENT '최종저장자',
  PRIMARY KEY (`prodCd`)
) ENGINE=InnoDB AUTO_INCREMENT=27 DEFAULT CHARSET=utf8 COMMENT='제품관리';
/*!40101 SET character_set_client = @saved_cs_client */ ;

--
-- Dumping data for table `tblProduct`
--

LOCK TABLES `tblProduct` WRITE;
/*!40000 ALTER TABLE `tblProduct` DISABLE KEYS */ ;
INSERT INTO `tblProduct` VALUES (1,'날강력평앤드밀 (CSS2002-0060)','02000',7,10,'좋은재질k','EA','사양 1','사양 2','제조사',350200,0,'','W0000010','Y','2021-04-21 17:53:29','2023-09-21 11:08:56','jade'),(2,'94AH Terminal Anvil','02000',7,30,'삧갈 고운 외관','문','Silver','','주문형',3500000,0,'','W0000020','Y','2021-04-21 19:34:19','2023-07-10 10:45:56','jade'),(3,'방수 우레탄 실리콘','01000',7,20,'실리콘','개','보수전용','외부크랙','주문',35200,11,NULL,'W0000030','Y','2021-04-26 17:23:24','2021-04-26 17:36:23','a'),(4,'보쉬 충전 드라이버드릴 GSR120-LI GSB18V-21외5종+100P소재 이벤트중','01000',2,200,'쇠','개',NULL,NULL,'메이슨',15000,12,NULL,'W0000060','Y','2021-04-30 14:15:18','2021-04-30 14:15:18','jade'),(5,'알루미늄 케이스 KE-483513 가방','02000',1,30,'알루미늄','개',NULL,NULL,'메이슨',35000,11,NULL,'W0000050','Y','2021-04-30 14:58:10','2021-04-30 14:58:10','jade'),(6,'닌텐도 스위치','02000',4,4000,'플라스틱','개',NULL,NULL,'닌텐도',150000,11,NULL,'W0000060','Y','2021-04-30 15:00:54','2021-04-30 15:00:54','jade'),(7,'블루텍 토크텍 토크렌치 T-60 TK-500 (수동식)','02000',3,300,'쇠','개',NULL,NULL,'메이슨',14000,11,NULL,'W0000070','Y','2021-04-30 15:07:59','2021-04-30 15:07:59','jade'),(8,'딜리코 플랫화이트','01000',1,20,'플라스틱','대','Silver','외부크랙','딜리코',830000,0,'','W0000080','Y','2021-05-10 16:26:48','2023-10-17 13:46:49',NULL),(9,'딜리코 딜라이트','01000',7,2500,'플라스틱','대','따끈따끈 에스프레소 추출','15kg','딜라이트',560000,0,NULL,'W0000090','N','2021-05-11 14:27:54','2021-05-11 14:50:21','jade'),(10,'삼성전자 삼성 KU65UT8070FXKR','02000',2,300,'반도체','대',NULL,NULL,'삼성',1180000,0,NULL,'W0000100','Y','2021-05-12 13:25:05','2021-05-12 13:25:05','jade'),(11,'카라반','01000',3,50,'알루미늄합금','대','트럭','','카라반세상',2500000,0,'','W0000110','Y','2021-06-08 16:26:22','2023-09-18 17:34:40','jade'),(12,'아이폰','01000',9,3600,'합금','개','스마트폰','ram 16G','apple',1200000,0,NULL,'W0000120','Y','2021-06-09 13:55:25','2021-06-09 13:55:25','jade'),(13,'갤럭시 버즈','02000',3,4,'플라스틱','EA','2*2*2','상','삼성',100000,0,NULL,'W0000130','Y','2021-08-06 16:05:52','2021-08-06 16:05:52','jade'),(14,'딜리코 플랫화이트','01000',1,20,'플라스틱','대',NULL,NULL,'딜리코',830000,0,NULL,'W0000140','Y','2021-08-06 16:47:45','2021-08-06 16:47:45','jade'),(15,'삼성전자 삼성 KU65UT8070FXKR','02000',2,300,'반도체','대',NULL,NULL,'삼성',1180000,0,NULL,'W0000150','Y','2021-08-06 16:47:45','2021-08-06 16:47:45','jade'),(16,'에클랜드/스마토 별렌치SET ','01000',3,200,'강철','개',NULL,NULL,'애클랜드',3900,0,NULL,'W0000160','Y','2021-08-06 16:47:45','2021-08-06 16:47:45','jade'),(17,'삼성 갤럭시 S21','02000',15,3000,'반도체','EA','S21','Note','Apple',125000,0,'메모입니다 ','W0000170','N','2021-08-09 13:46:00','2021-08-09 14:42:08','jade'),(18,'테스트','01000',7,0,'','','','','',0,0,'','W0000180','N','2023-07-11 14:18:17','2023-07-11 14:18:27','jade'),(19,'영양찹쌀떡','01000',4,100,'찹쌀','개','','','삼성',2500,0,'','W0000190','N','2023-07-11 14:52:17','2023-07-11 14:53:19','jade'),(20,'영양찹쌀떡','01000',4,100,'찹쌀','개',NULL,NULL,'삼성',2500,0,NULL,'W0000200','Y','2023-07-11 14:53:31','2023-07-11 14:53:31','jade'),(21,'영양찹쌀떡','01000',4,100,'찹쌀','개','','','삼성',2500,0,'','W0000210','N','2023-07-11 14:53:39','2023-07-11 14:53:47','jade'),(22,'영양찹쌀떡2','01000',4,100,'찹쌀','개',NULL,NULL,'삼성',2500,0,NULL,'W0000220','Y','2023-07-13 15:04:55','2023-07-13 15:04:55','jade'),(23,'딜리코 플랫화이트','01000',4,20,'플라스틱','개','사양 1','사양 2','제조사',350200,0,'12','W0000230','Y','2023-09-18 16:20:53','2023-09-18 16:20:53','jade'),(24,'방수 우레탄 실리콘 22','01000',4,20,'플라스틱','개','사양 1','사양 2','제조사',350200,0,'12','W0000240','Y','2023-09-18 17:10:31','2023-09-18 17:10:31','jade'),(25,'24인치 모니터','01000',1,100,'플라스틱','EA','2*2*2','상','삼성',1000,0,'메모입니다','W0000250','Y','2023-10-25 09:50:36','2023-10-25 18:20:36',NULL),(26,'리모콘','01000',2,100,'플라스틱','EA','2*2*2','상','삼성',1000,0,'메모입니다','W0000260','Y','2023-10-25 18:20:27','2023-10-25 18:21:18',NULL);
/*!40000 ALTER TABLE `tblProduct` ENABLE KEYS */ ;
UNLOCK TABLES;

/**************************************************************************************************/
DROP TABLE IF EXISTS `tblProductInOut`;
/*!40101 SET @saved_cs_client     = @@character_set_client */ ;
/*!40101 SET character_set_client = utf8 */ ;
CREATE TABLE `tblProductInOut` (
  `inOutSeq` int(11) unsigned NOT NULL AUTO_INCREMENT COMMENT '입출고 시퀀스',
  `inOutDt` varchar(10) DEFAULT '' COMMENT '일자',
  `prodCd` int(11) DEFAULT '0' COMMENT '제품 시퀀스',
  `qty` int(11) DEFAULT '0' COMMENT '수량',
  `houseCd` int(11) DEFAULT '0' COMMENT '창고',
  `unitPrice` decimal(15,0) DEFAULT '0' COMMENT '단가',
  `remark` varchar(1000) DEFAULT '' COMMENT '용처',
  `compCd` int(11) DEFAULT '0' COMMENT '거래처 코드',
  `flagYN` varchar(1) DEFAULT 'Y' COMMENT '삭제여부(Y:유효/N:삭제)',
  `regDate` datetime DEFAULT NULL COMMENT '최초저장일',
  `issueDate` datetime DEFAULT NULL COMMENT '최종저장일',
  `issueID` varchar(20) DEFAULT '' COMMENT '최종저장자',
  PRIMARY KEY (`inOutSeq`)
) ENGINE=InnoDB AUTO_INCREMENT=96 DEFAULT CHARSET=utf8 COMMENT='제품입출고관리';
/*!40101 SET character_set_client = @saved_cs_client */ ;

--
-- Dumping data for table `tblProductInOut`
--

LOCK TABLES `tblProductInOut` WRITE;
/*!40000 ALTER TABLE `tblProductInOut` DISABLE KEYS */ ;
INSERT INTO `tblProductInOut` VALUES (1,'2021-04-26',1,5,1,350200,'입출고 Test',12,'N','2021-04-26 16:31:28','2021-04-29 10:09:36','jade'),(2,'2021-04-27',2,5,2,200000,'출고',11,'Y','2021-04-27 10:51:46','2021-04-27 11:21:47','weee2'),(3,'2021-04-15',2,6,13,100000,'없음',9,'Y','2021-04-27 11:14:09','2021-05-04 12:26:11','jade'),(4,'2021-04-08',2,2,2,200000,'입고',12,'N','2021-04-27 11:15:02','2021-04-29 10:12:27','jade'),(5,'2021-04-29',1,-1,3,25000,'',12,'Y','2021-04-29 17:30:10','2023-07-11 14:21:57','jade'),(6,'2021-04-29',2,2,5,3200,NULL,12,'Y','2021-04-29 17:30:10','2021-05-03 14:49:10','jade'),(7,'2021-04-29',3,-3,5,25000,'연습장비출고',5,'Y','2021-04-29 17:30:10','2021-04-29 17:30:10','jade'),(8,'2021-04-29',1,4,6,3200,'없음',9,'N','2021-04-29 17:30:10','2021-05-11 14:18:02','jade'),(9,'2021-04-29',1,5,7,3400,'없음',2,'N','2021-04-29 17:30:10','2021-05-04 16:48:36','jade'),(10,'2021-04-29',3,6,8,25000,'없음',3,'Y','2021-04-29 17:30:10','2021-05-04 16:42:23','jade'),(11,'2021-04-29',3,7,9,3200,'없음',4,'Y','2021-04-29 17:30:10','2021-05-04 16:35:14','jade'),(12,'2021-04-29',3,-8,10,3200,'없음',5,'Y','2021-04-29 17:30:10','2021-05-04 16:43:50','jade'),(13,'2021-04-29',3,-9,11,22000,'연습장비입고',12,'Y','2021-04-29 17:30:10','2021-04-29 17:30:10','jade'),(14,'2021-05-10',4,2,12,150000,NULL,6,'Y','2021-05-03 14:49:50','2021-05-03 14:49:50','jade'),(15,'2021-05-02',2,2,10,150000,'없음',6,'Y','2021-05-03 15:22:38','2021-05-04 16:35:23','jade'),(16,'2021-04-14',7,5,3,15000,'없음',6,'Y','2021-05-03 15:26:32','2021-05-03 15:26:32','jade'),(17,'2021-04-27',5,5,5,200000,'없음',2,'Y','2021-05-03 15:27:48','2021-05-03 15:27:48','jade'),(18,'2021-04-08',5,2,3,350200,'없음',6,'N','2021-05-03 15:32:54','2021-05-11 14:18:19','jade'),(19,'2021-04-08',2,7,7,150000,'없음',4,'N','2021-05-03 15:39:21','2021-05-04 16:48:44','jade'),(20,'2021-04-08',7,7,8,15000,'없음',7,'Y','2021-05-03 15:42:47','2021-05-04 12:26:19','jade'),(21,'2021-04-20',6,7,9,350200,'없음',9,'Y','2021-05-04 16:20:57','2021-05-04 16:20:57','jade'),(22,'2021-05-31',2,9,6,200000,'없음',11,'Y','2021-05-04 16:23:24','2021-05-04 16:23:24','jade'),(23,'2021-05-26',6,8,4,3500000,'없음',11,'Y','2021-05-04 16:29:02','2021-05-04 16:29:02','jade'),(24,'2021-05-25',7,8,7,3500000,'없음',12,'Y','2021-05-04 16:29:58','2021-05-04 16:29:58','jade'),(25,'2021-05-05',2,200,7,30000,'',12,'Y','2021-05-05 20:01:45','2021-05-05 20:01:45','jade'),(26,'2021-05-05',3,1000,7,400000,'',11,'Y','2021-05-05 20:01:45','2021-05-05 20:01:45','jade'),(27,'2021-05-05',7,13,3,10000000,'',11,'Y','2021-05-05 20:01:45','2023-09-27 16:42:48','jade'),(28,'2021-05-05',7,10,3,500000,'',9,'Y','2021-05-05 20:37:49','2021-05-05 20:37:49','jade'),(29,'2021-05-05',3,230,7,300000,'없음',12,'N','2021-05-05 20:37:49','2021-05-11 14:17:48','jade'),(30,'2021-05-26',2,8,3,3200,'없음',4,'Y','2021-05-07 17:52:15','2021-05-07 17:52:15','jade'),(31,'2021-04-03',1,6,3,600000,'없음',2,'Y','2021-05-07 17:53:55','2021-05-07 17:53:55','jade'),(32,'2021-05-07',6,4,13,3200,'없음',4,'Y','2021-05-07 18:13:30','2021-05-07 18:13:30','jade'),(33,'2021-05-07',6,-6,11,3200,'없음',4,'Y','2021-05-07 18:14:55','2021-05-07 18:14:55','jade'),(34,'2021-05-07',4,-6,11,100000,'없음',4,'N','2021-05-07 18:16:46','2021-05-11 14:21:18','jade'),(35,'2021-04-15',7,-8,4,100000,'없음',5,'Y','2021-05-07 18:19:54','2021-05-07 18:19:54','jade'),(36,'2021-05-07',2,-7,12,100000,'없음',3,'Y','2021-05-07 18:20:50','2021-05-07 18:20:50','jade'),(37,'2021-05-10',2,-192,2,10000,'테스트 샘플',3,'Y','2021-05-10 16:12:04','2021-05-10 16:12:04','jade'),(38,'2021-05-10',7,-12,3,30000,'테스트 샘플',4,'Y','2021-05-12 15:34:40','2021-05-12 15:34:40','jade'),(39,'2021-05-10',8,-200,7,70000,'테스트 샘플',8,'Y','2021-05-12 16:01:46','2021-05-12 16:01:46','jade'),(40,'2021-05-10',1,-192,2,10000,'테스트 샘플',2,'Y','2021-05-13 13:47:37','2021-05-13 13:47:37','jade'),(41,'2021-05-10',1,-192,2,10000,'테스트 샘플',2,'Y','2021-05-13 13:57:17','2021-05-13 13:57:17','jade'),(42,'2021-05-10',1,-192,2,10000,'테스트 샘플',2,'Y','2021-05-13 14:15:25','2021-05-13 14:15:25','jade'),(43,'2021-05-10',1,-192,2,10000,'테스트 샘플',2,'Y','2021-06-09 11:19:57','2021-06-09 11:19:57','jade'),(44,'2019-06-11',11,-4,4,4000000,'없음',9,'Y','2021-06-09 13:56:57','2021-06-09 13:56:57','jade'),(45,'2021-06-01',11,4,11,3000000,'없음',4,'Y','2021-06-09 13:57:47','2021-06-09 13:57:47','jade'),(46,'2021-06-01',12,10,11,1200000,'없음',5,'Y','2021-06-09 13:58:13','2021-06-09 13:58:13','jade'),(47,'2021-06-09',10,100,10,6000000,'없음',6,'Y','2021-06-09 13:58:41','2021-06-09 13:58:41','jade'),(48,'2021-08-06',13,20,12,1000,'',9,'Y','2021-08-06 16:24:27','2021-08-12 16:01:18','jade'),(49,'2021-08-06',13,-10,15,500,'없음',12,'Y','2021-08-06 16:29:04','2021-08-06 16:29:04','jade'),(50,'2021-05-10',1,192,2,10000,'테스트 샘플',2,'Y','2021-08-06 16:52:03','2021-08-06 16:52:03','jade'),(51,'2021-05-10',2,168,1,20000,'테스트 샘플',3,'Y','2021-08-06 16:52:03','2021-08-06 16:52:03','jade'),(52,'2021-05-10',3,12,3,30000,'테스트 샘플',4,'Y','2021-08-06 16:52:03','2021-08-06 16:52:03','jade'),(53,'2021-05-10',4,120,4,40000,'테스트 샘플',5,'Y','2021-08-06 16:52:03','2021-08-06 16:52:03','jade'),(54,'2021-05-10',5,19,5,500000,'테스트 샘플',6,'Y','2021-08-06 16:52:03','2021-08-06 16:52:03','jade'),(55,'2021-05-10',6,300,6,60000,'테스트 샘플',7,'Y','2021-08-06 16:54:58','2021-08-06 16:54:58','jade'),(56,'2021-05-10',7,5000,12,90000,'테스트 샘플',10,'Y','2021-08-06 16:54:59','2021-08-06 16:54:59','jade'),(57,'2021-08-12',13,5,NULL,100,'없음',NULL,'Y','2021-08-12 14:14:35','2021-08-12 14:14:35','jade'),(58,'2021-08-12',13,-30,15,5000,'메모입니다.....',7,'Y','2021-08-12 15:38:53','2021-08-12 15:38:53','jade'),(59,'2021-08-12',13,-3,15,500,'',8,'Y','2021-08-12 15:41:17','2021-08-12 16:01:34','jade'),(60,'2021-08-17',2,-11,7,0,'',12,'Y','2021-08-17 14:32:09','2021-08-17 14:32:09','jade'),(61,'2021-08-17',2,20,7,0,'',12,'Y','2021-08-17 14:38:34','2021-08-17 14:38:34','jade'),(62,'2021-08-17',2,-10,7,1000,'',12,'Y','2021-08-17 14:39:13','2021-08-17 14:39:13','jade'),(63,'2021-08-18',2,10,7,0,'',3,'Y','2021-08-18 10:59:48','2021-08-18 10:59:48','jade'),(64,'2021-08-18',2,-10,7,0,'',3,'Y','2021-08-18 11:01:40','2021-08-18 11:01:40','jade'),(65,'2021-08-18',1,11,7,1000,'',3,'Y','2021-08-18 11:10:04','2023-07-13 11:16:07','jade'),(66,'2023-07-11',1,10,0,1000,'',0,'N','2023-07-11 14:23:27','2023-07-11 14:24:45','jade'),(67,'2023-07-11',13,1,3,1000,'',11,'Y','2023-07-11 14:32:05','2023-07-11 14:32:05','jade'),(68,'2023-07-11',6,1,4,1000,'',11,'Y','2023-07-11 14:32:05','2023-07-11 14:32:05','jade'),(69,'2023-07-11',6,14,4,1000,'',11,'Y','2023-07-11 14:32:31','2023-07-11 14:32:31','jade'),(70,'2023-07-11',13,1,3,1000,'',11,'Y','2023-07-11 14:32:31','2023-07-11 14:32:31','jade'),(71,'2023-07-11',13,18,3,1000,'',11,'Y','2023-07-11 14:33:31','2023-07-11 14:33:31','jade'),(72,'2023-07-11',6,14,4,2000,'',11,'Y','2023-07-11 14:33:31','2023-07-11 14:33:31','jade'),(73,'2023-07-11',13,-1,15,10000,'',11,'Y','2023-07-11 14:34:05','2023-07-11 14:36:21','jade'),(74,'2023-07-11',6,-12,4,15000,'',11,'Y','2023-07-11 14:34:05','2023-07-11 14:34:05','jade'),(75,'2023-07-11',6,-10,4,100000,'',11,'Y','2023-07-11 14:36:55','2023-07-11 14:36:55','jade'),(76,'2023-07-11',13,1,3,10000,'',11,'Y','2023-07-11 14:38:25','2023-07-11 14:38:25','jade'),(77,'2023-07-13',19,10,1,1000,'',1,'Y','2023-07-13 10:46:10','2023-07-13 10:47:52','jade'),(78,'2023-07-13',1,10,7,0,'',0,'Y','2023-07-13 13:11:09','2023-07-13 13:11:09','jade'),(79,'2023-07-13',1,10,7,0,'',0,'Y','2023-07-13 13:14:19','2023-07-13 13:14:19','jade'),(80,'2023-07-13',1,10,7,0,'',1,'Y','2023-07-13 13:48:28','2023-07-13 13:48:28','jade'),(81,'2023-07-13',1,10,7,500,'',4,'Y','2023-07-13 13:49:12','2023-07-13 13:49:12','jade'),(82,'2023-07-13',1,10,7,0,'',4,'Y','2023-07-13 13:53:27','2023-07-13 13:53:27','jade'),(83,'2023-07-13',1,10,7,0,'',4,'Y','2023-07-13 13:54:08','2023-07-13 13:54:08','jade'),(84,'2023-07-10',1,10,7,0,'',0,'Y','2023-07-13 14:48:52','2023-07-13 14:48:52','jade'),(85,'2023-07-08',1,10,2,0,'',1,'Y','2023-07-13 14:49:25','2023-07-13 14:49:25','jade'),(86,'2023-07-13',1,100,2,10000,'테스트 샘플',2,'Y','2023-07-13 15:07:58','2023-07-13 15:07:58','jade'),(87,'2023-07-13',1,-100,2,10000,'테스트 샘플',2,'Y','2023-07-13 15:08:13','2023-07-13 15:08:13','jade'),(88,'2023-07-13',0,100,2,10000,'테스트 샘플',2,'Y','2023-07-13 15:08:58','2023-07-13 15:08:58','jade'),(89,'2023-07-14',4,-2,2,0,'',0,'Y','2023-07-14 10:29:17','2023-07-14 10:29:17','jade'),(90,'2023-09-27',14,2,1,123,'',1,'Y','2023-09-27 14:56:41','2023-09-27 14:56:41','jade'),(91,'2023-10-25',25,10,0,1000,'메모',0,'Y','2023-10-25 09:55:41','2023-10-25 09:55:41',NULL),(92,'2023-10-25',25,-20,0,1000,'출고 메모',0,'Y','2023-10-25 09:57:11','2023-10-25 09:57:31',NULL),(93,'2023-10-25',25,0,0,0,'',1,'Y','2023-10-25 10:53:35','2023-10-25 10:53:35',NULL),(94,'2023-10-25',25,0,0,0,'',1,'Y','2023-10-25 10:54:33','2023-10-25 10:54:33',NULL),(95,'2023-10-25',25,0,0,0,'',13,'Y','2023-10-25 10:58:25','2023-10-25 10:58:25',NULL);
/*!40000 ALTER TABLE `tblProductInOut` ENABLE KEYS */ ;
UNLOCK TABLES;

/**************************************************************************************************/
DROP TABLE IF EXISTS `tblResource`;
/*!40101 SET @saved_cs_client     = @@character_set_client */ ;
/*!40101 SET character_set_client = utf8 */ ;
CREATE TABLE `tblResource` (
  `resrcCd` int(11) NOT NULL AUTO_INCREMENT COMMENT '자재 코드',
  `resrcNm` varchar(300) DEFAULT '' COMMENT '자재명',
  `resrcType` varchar(5) DEFAULT '' COMMENT '자재분류(원/부)',
  `houseCd` int(11) DEFAULT '0' COMMENT '창고',
  `protectedQty` smallint(10) DEFAULT '0' COMMENT '안전재고',
  `quality` varchar(50) DEFAULT '0' COMMENT '재질',
  `unit` varchar(5) DEFAULT '' COMMENT '단위',
  `option1` varchar(50) DEFAULT '' COMMENT '규격',
  `option2` varchar(50) DEFAULT '' COMMENT '사양',
  `maker` varchar(50) DEFAULT '' COMMENT '제조사',
  `unitPrice` decimal(18,0) DEFAULT '0' COMMENT '표준단가',
  `compCd` int(11) DEFAULT '0' COMMENT '기본거래처',
  `remark` varchar(3000) DEFAULT '' COMMENT '비고',
  `barcode` varchar(8) DEFAULT '' COMMENT '바코드(R+prodCd, 빈자리 0으로채움)',
  `flagYN` varchar(1) DEFAULT 'Y' COMMENT '삭제여부(Y:유효/N:삭제)',
  `regDate` datetime DEFAULT NULL COMMENT '최초저장일',
  `issueDate` datetime DEFAULT NULL COMMENT '최종저장일',
  `issueID` varchar(20) DEFAULT '' COMMENT '최종저장자',
  PRIMARY KEY (`resrcCd`)
) ENGINE=InnoDB AUTO_INCREMENT=15 DEFAULT CHARSET=utf8 ROW_FORMAT=COMPACT COMMENT='자재관리';
/*!40101 SET character_set_client = @saved_cs_client */ ;

--
-- Dumping data for table `tblResource`
--

LOCK TABLES `tblResource` WRITE;
/*!40000 ALTER TABLE `tblResource` DISABLE KEYS */ ;
INSERT INTO `tblResource` VALUES (1,'PLC-K3.0','O',7,10,'좋은재질k','EA','사양 1','사양 2','제조사',350200,0,'반갑습니다','S0000010','Y','2021-04-21 17:53:29','2023-10-17 13:50:24',NULL),(2,'94AH Anvil','S',11,30,'삧갈 고운 외관','문','Silver','','주문형',3500000,0,NULL,'S0000020','Y','2021-04-21 19:34:19','2021-05-21 15:29:54','jade'),(3,'SKD 11','O',12,20,'실리콘','개','보수전용','외부크랙','주문',35200,0,NULL,'S0000030','Y','2021-04-26 17:23:24','2021-05-21 15:30:02','jade'),(4,'보쉬 드라이버드릴 헤더 GSR120-LI','O',3,200,'쇠','개','','','메이슨',15000,0,NULL,'S0000040','Y','2021-04-30 14:15:18','2021-05-21 15:29:24','jade'),(5,'알루미늄 케이스 KE-483513 가방','S',2,30,'알루미늄','개','','','메이슨',35000,0,NULL,'','N','2021-04-30 14:58:10','2021-05-11 15:03:11','jade'),(6,'11mm 환봉','S',2,4000,'플라스틱','개','','','닌텐도',150000,0,NULL,'S0000060','Y','2021-04-30 15:00:54','2023-07-11 15:48:49','jade'),(7,'외곽 하드 케이스 커버','S',7,300,'쇠','개','','','메이슨',14000,0,NULL,'S0000070','Y','2021-04-30 15:07:59','2021-05-21 15:30:13','jade'),(8,'쓲쓲메모지','O',9,5500,'종이','장','닥종이','튼튼페이퍼','유한종이',3000,0,NULL,'S0000080','Y','2021-05-11 14:33:11','2021-05-21 15:30:05','jade'),(9,'S Note Pen','O',6,200,'쇠','개','2*2*2','최고','삼성',10000,2,'안녕하세요','S0000090','N','2021-08-18 14:42:30','2021-08-19 10:37:43','jade'),(10,'테스트 자재','',7,0,'','','','','',15000,0,NULL,'S0000100','N','2023-07-11 15:49:29','2023-07-11 15:49:37','jade'),(11,'테스트 자재','',1,0,'','','','','',0,0,NULL,'S0000110','Y','2023-07-13 16:05:06','2023-07-13 16:05:06','jade'),(12,'테스트 자재2','',2,0,'','','','','',0,0,NULL,'S0000120','Y','2023-07-13 16:07:54','2023-07-13 16:07:54','jade'),(13,'딜리코 제품','',1,20,'플라스틱','대',NULL,NULL,'딜리코',830000,0,NULL,'S0000130','Y','2023-07-14 11:25:46','2023-07-14 11:25:46','jade'),(14,'딜리코 제품2','',2,10,'플라스틱','대',NULL,NULL,'딜리코',50000,0,NULL,'S0000140','Y','2023-07-14 11:26:35','2023-07-14 11:26:35','jade');
/*!40000 ALTER TABLE `tblResource` ENABLE KEYS */ ;
UNLOCK TABLES;

/**************************************************************************************************/
DROP TABLE IF EXISTS `tblResourceInOut`;
/*!40101 SET @saved_cs_client     = @@character_set_client */ ;
/*!40101 SET character_set_client = utf8 */ ;
CREATE TABLE `tblResourceInOut` (
  `inOutSeq` int(11) unsigned NOT NULL AUTO_INCREMENT COMMENT '입출고 시퀀스',
  `inOutDt` varchar(10) DEFAULT '' COMMENT '일자',
  `resrcCd` int(11) DEFAULT '0' COMMENT '제품 시퀀스',
  `qty` int(11) DEFAULT '0' COMMENT '수량',
  `houseCd` int(11) DEFAULT '0' COMMENT '창고',
  `unitPrice` decimal(15,0) DEFAULT '0' COMMENT '단가',
  `remark` varchar(1000) DEFAULT '' COMMENT '용처',
  `compCd` int(11) DEFAULT '0' COMMENT '거래처 코드',
  `flagYN` varchar(1) DEFAULT 'Y' COMMENT '삭제여부(Y:유효/N:삭제)',
  `regDate` datetime DEFAULT NULL COMMENT '최초저장일',
  `issueDate` datetime DEFAULT NULL COMMENT '최종저장일',
  `issueID` varchar(20) DEFAULT '' COMMENT '최종저장자',
  PRIMARY KEY (`inOutSeq`)
) ENGINE=InnoDB AUTO_INCREMENT=59 DEFAULT CHARSET=utf8 ROW_FORMAT=COMPACT COMMENT='제품입출고관리';
/*!40101 SET character_set_client = @saved_cs_client */ ;

--
-- Dumping data for table `tblResourceInOut`
--

LOCK TABLES `tblResourceInOut` WRITE;
/*!40000 ALTER TABLE `tblResourceInOut` DISABLE KEYS */ ;
INSERT INTO `tblResourceInOut` VALUES (1,'2021-04-26',1,5,1,350200,'입출고 Test',12,'N','2021-04-26 16:31:28','2021-04-29 10:09:36','jade'),(2,'2021-04-27',2,5,2,200000,'출고',11,'Y','2021-04-27 10:51:46','2021-04-27 11:21:47','weee2'),(3,'2021-04-15',2,6,13,100000,'없음',9,'Y','2021-04-27 11:14:09','2021-05-04 12:26:11','jade'),(4,'2021-04-08',2,2,2,200000,'입고',12,'N','2021-04-27 11:15:02','2021-04-29 10:12:27','jade'),(5,'2021-04-29',8,-1,3,25000,'없음',12,'N','2021-04-29 17:30:10','2021-05-11 14:20:36','jade'),(6,'2021-04-29',2,2,5,3200,NULL,12,'Y','2021-04-29 17:30:10','2021-05-03 14:49:10','jade'),(7,'2021-04-29',3,-3,5,25000,'연습장비출고',5,'Y','2021-04-29 17:30:10','2021-04-29 17:30:10','jade'),(8,'2021-04-29',1,4,6,3200,'없음',9,'Y','2021-04-29 17:30:10','2021-05-04 12:26:02','jade'),(9,'2021-04-29',8,5,7,3400,'없음',2,'N','2021-04-29 17:30:10','2021-05-11 14:20:55','jade'),(10,'2021-04-29',3,6,8,25000,'없음',3,'Y','2021-04-29 17:30:10','2021-05-04 16:42:23','jade'),(11,'2021-04-29',3,7,9,3200,'없음',4,'Y','2021-04-29 17:30:10','2021-05-04 16:35:14','jade'),(12,'2021-04-29',3,8,10,3200,'없음',5,'Y','2021-04-29 17:30:10','2021-05-04 16:43:50','jade'),(13,'2021-04-29',3,-9,11,22000,'연습장비입고',12,'Y','2021-04-29 17:30:10','2021-04-29 17:30:10','jade'),(14,'2021-05-10',4,2,12,150000,'없음',6,'N','2021-05-03 14:49:50','2021-05-11 15:02:13','jade'),(15,'2021-05-02',2,2,10,150000,'없음',6,'Y','2021-05-03 15:22:38','2021-05-04 16:35:23','jade'),(16,'2021-04-14',7,5,3,15000,'없음',6,'Y','2021-05-03 15:26:32','2021-05-03 15:26:32','jade'),(17,'2021-04-27',5,5,5,200000,'없음',2,'Y','2021-05-03 15:27:48','2021-05-03 15:27:48','jade'),(18,'2021-04-08',5,2,3,350200,'없음',6,'Y','2021-05-03 15:32:54','2021-05-03 15:32:54','jade'),(19,'2021-04-08',2,7,7,150000,'없음',4,'N','2021-05-03 15:39:21','2021-05-04 16:48:44','jade'),(20,'2021-04-08',7,7,8,15000,'없음',7,'Y','2021-05-03 15:42:47','2021-05-04 12:26:19','jade'),(21,'2021-04-20',6,7,9,350200,'없음',9,'Y','2021-05-04 16:20:57','2023-07-13 16:29:53','jade'),(22,'2021-05-31',2,9,6,200000,'없음',11,'Y','2021-05-04 16:23:24','2021-05-04 16:23:24','jade'),(23,'2021-05-26',6,8,4,3500000,'없음',11,'Y','2021-05-04 16:29:02','2023-07-13 16:29:44','jade'),(24,'2021-05-25',7,8,7,3500000,'없음',12,'Y','2021-05-04 16:29:58','2021-05-04 16:29:58','jade'),(25,'2021-05-05',2,200,7,30000,'없음',12,'Y','2021-05-05 20:01:45','2021-05-05 20:01:45','jade'),(26,'2021-05-05',3,1000,7,400000,'없음',11,'Y','2021-05-05 20:01:45','2021-05-05 20:01:45','jade'),(27,'2021-05-05',7,13,3,10000000,'없음',11,'Y','2021-05-05 20:01:45','2021-05-05 20:01:45','jade'),(28,'2021-05-05',7,10,3,500000,'없음',9,'Y','2021-05-05 20:37:49','2021-05-05 20:37:49','jade'),(29,'2021-05-05',3,230,7,300000,'없음',12,'Y','2021-05-05 20:37:49','2021-05-05 20:37:49','jade'),(30,'2021-05-26',2,8,NULL,3200,'없음',4,'Y','2021-05-07 17:52:15','2021-05-07 17:52:15','jade'),(31,'2021-04-03',1,6,NULL,600000,'없음',2,'Y','2021-05-07 17:53:55','2021-05-07 17:53:55','jade'),(32,'2021-05-07',6,4,13,3200,'없음',4,'Y','2021-05-07 18:13:30','2021-05-07 18:13:30','jade'),(33,'2021-05-07',6,-6,11,3200,'없음',4,'Y','2021-05-07 18:14:55','2023-07-11 15:50:45','jade'),(34,'2021-05-07',8,-6,11,100000,'없음',4,'N','2021-05-07 18:16:46','2021-05-11 14:21:07','jade'),(35,'2021-04-15',7,-8,4,100000,'없음',5,'N','2021-05-07 18:19:54','2021-05-11 15:02:03','jade'),(36,'2021-05-07',2,-7,12,100000,'없음',3,'Y','2021-05-07 18:20:50','2021-05-07 18:20:50','jade'),(37,'2021-05-13',8,4,9,3200,'없음',3,'N','2021-05-11 14:36:14','2021-05-11 14:36:14','jade'),(38,'2021-05-22',8,8,13,100000,'없음',3,'N','2021-05-11 14:38:49','2021-05-11 14:38:49','jade'),(39,'2021-05-01',8,6,11,100000,'없음',3,'Y','2021-05-11 14:43:35','2021-05-11 14:43:35','jade'),(40,'2021-05-08',4,9,7,3500000,'없음',4,'Y','2021-05-11 15:02:51','2021-05-11 15:02:51','jade'),(41,'2021-05-10',4,-192,2,10000,'없음',0,'Y','2021-05-12 15:00:42','2021-05-12 15:00:42','jade'),(42,'2021-05-10',8,-200,7,70000,'테스트 샘플',8,'Y','2021-05-12 16:01:10','2021-05-12 16:01:10','jade'),(43,'2021-05-10',5,-19,5,500000,'테스트 샘플',6,'Y','2021-05-12 16:03:18','2021-05-12 16:03:18','jade'),(44,'2021-05-10',2,-168,1,20000,'테스트 샘플',3,'Y','2021-05-13 14:18:58','2021-05-13 14:18:58','jade'),(45,'2021-06-30',4,-100,5,3500000,'없음',11,'N','2021-06-30 11:04:30','2021-06-30 11:05:56','jade'),(46,'2021-06-30',4,100,5,300000,'없음',NULL,'Y','2021-06-30 11:06:29','2021-06-30 11:06:29','jade'),(47,'2023-07-11',6,-3,1,1500,'없음',1,'N','2023-07-11 15:51:17','2023-07-11 15:51:34','jade'),(48,'2023-07-13',6,-100,NULL,10,'없음',NULL,'Y','2023-07-13 17:27:25','2023-07-13 17:27:25','jade'),(49,'2023-07-12',2,3,1,0,'',1,'Y','2023-07-14 10:44:29','2023-07-14 10:44:29','jade'),(50,'2023-07-12',6,7,1,0,'',1,'Y','2023-07-14 10:44:29','2023-07-14 10:44:29','jade'),(51,'2023-07-12',2,-10,1,0,'',1,'Y','2023-07-14 10:45:39','2023-07-14 10:45:39','jade'),(52,'2023-07-14',0,100,7,500,'테스트 샘플',8,'Y','2023-07-14 10:58:39','2023-07-14 10:58:39','jade'),(53,'2023-07-14',0,1000,2,10000,'테스트 샘플',2,'Y','2023-07-14 11:00:50','2023-07-14 11:00:50','jade'),(54,'2023-07-14',8,100,7,500,'테스트 샘플',8,'Y','2023-07-14 11:03:53','2023-07-14 11:03:53','jade'),(55,'2023-07-14',8,1002,7,500,'테스트 샘플',8,'Y','2023-07-14 11:04:34','2023-07-14 11:04:34','jade'),(56,'2023-09-12',NULL,100,NULL,2000,'없음',NULL,'Y','2023-09-12 09:16:43','2023-09-12 09:16:43','jade'),(57,'2023-09-12',NULL,100,NULL,10000,'없음',NULL,'Y','2023-09-12 16:09:26','2023-09-12 16:09:26','jade'),(58,'2023-09-12',NULL,150,NULL,1000,'없음',13,'Y','2023-09-12 16:13:12','2023-09-12 16:13:12','jade');
/*!40000 ALTER TABLE `tblResourceInOut` ENABLE KEYS */ ;
UNLOCK TABLES;

/**************************************************************************************************/
DROP TABLE IF EXISTS `tblShipItems`;
/*!40101 SET @saved_cs_client     = @@character_set_client */ ;
/*!40101 SET character_set_client = utf8 */ ;
CREATE TABLE `tblShipItems` (
  `shipCd` int(11) unsigned NOT NULL COMMENT '출하코드',
  `inOutSeq` int(11) DEFAULT '0' COMMENT '입출고 시퀀스',
  `flagYN` varchar(1) DEFAULT 'Y' COMMENT '삭제여부(Y:유효/N:삭제)',
  `regDate` datetime DEFAULT NULL COMMENT '최초저장일',
  `issueDate` datetime DEFAULT NULL COMMENT '최종저장일',
  `issueID` varchar(20) DEFAULT '' COMMENT '최종저장자',
  UNIQUE KEY `UNIQUE` (`inOutSeq`,`shipCd`)
) ENGINE=InnoDB DEFAULT CHARSET=utf8 COMMENT='출하내역';
/*!40101 SET character_set_client = @saved_cs_client */ ;

--
-- Dumping data for table `tblShipItems`
--

LOCK TABLES `tblShipItems` WRITE;
/*!40000 ALTER TABLE `tblShipItems` DISABLE KEYS */ ;
INSERT INTO `tblShipItems` VALUES (3,12,'Y','2021-06-01 00:15:06','2021-06-01 00:15:06','jade'),(1,37,'Y','2021-06-03 09:44:36',NULL,'jade'),(2,37,'N','2021-06-03 09:45:26','2021-06-04 15:38:37','jade'),(2,38,'Y','2021-06-03 09:45:26','2021-06-07 10:12:19','jade'),(3,37,'Y','2021-06-03 09:47:08',NULL,'jade'),(3,38,'Y','2021-06-03 09:47:08',NULL,'jade'),(4,37,'Y','2021-06-04 11:24:12',NULL,'jade'),(4,38,'Y','2021-06-04 11:24:12',NULL,'jade'),(5,37,'Y','2021-06-04 14:55:35',NULL,'jade'),(6,37,'Y','2021-06-04 14:56:06',NULL,'jade'),(7,37,'Y','2021-06-04 15:01:11','2021-06-04 15:04:12','jad1e'),(8,37,'Y','2021-06-04 15:02:29',NULL,'jad1e'),(9,37,'Y','2021-06-04 15:33:09','2021-06-04 15:33:09','jade'),(10,37,'Y','2021-06-04 15:37:50','2021-06-04 15:37:50','jade'),(11,37,'Y','2021-06-09 18:00:51','2021-06-09 18:00:51','jade'),(12,37,'Y','2021-06-09 18:08:24','2021-06-09 18:08:24','jade'),(13,37,'Y','2021-06-09 18:10:57','2021-06-09 18:10:57','jade'),(14,39,'Y','2021-06-09 18:12:49','2021-06-09 18:12:49','jade'),(15,33,'Y','2021-06-09 18:15:34','2021-06-09 18:15:34','jade'),(15,34,'Y','2021-06-09 18:15:34','2021-06-09 18:15:34','jade'),(15,40,'Y','2021-06-09 18:15:34','2021-06-09 18:15:34','jade'),(15,44,'Y','2021-06-09 18:15:34','2021-06-09 18:15:34','jade'),(16,49,'Y','2021-08-13 16:38:15','2021-08-13 16:38:15','jade'),(16,59,'Y','2021-08-13 16:38:15','2021-08-13 16:38:15','jade'),(16,58,'Y','2021-08-13 16:38:15','2021-08-13 16:38:15','jade'),(17,74,'Y','2023-07-11 15:19:54','2023-07-11 15:19:54','jade');
/*!40000 ALTER TABLE `tblShipItems` ENABLE KEYS */ ;
UNLOCK TABLES;

/**************************************************************************************************/
DROP TABLE IF EXISTS `tblShipPlan`;
/*!40101 SET @saved_cs_client     = @@character_set_client */ ;
/*!40101 SET character_set_client = utf8 */ ;
CREATE TABLE `tblShipPlan` (
  `shipPlanCd` int(11) unsigned NOT NULL AUTO_INCREMENT COMMENT '출하예정코드',
  `compCd` int(11) DEFAULT '0' COMMENT '거래처 코드',
  `toMajor` varchar(50) DEFAULT NULL COMMENT '거래처 담당자',
  `toPhone` varchar(20) DEFAULT NULL COMMENT '거래처 담당자 연락처',
  `shipDt` varchar(10) DEFAULT NULL COMMENT '출하일',
  `shipMajor` varchar(50) DEFAULT NULL COMMENT '출하 담당자',
  `flagYN` varchar(1) DEFAULT 'Y' COMMENT '삭제여부(Y:유효/N:삭제)',
  `regDate` datetime DEFAULT NULL COMMENT '최초저장일',
  `issueDate` datetime DEFAULT NULL COMMENT '최종저장일',
  `issueID` varchar(20) DEFAULT NULL COMMENT '최종저장자',
  PRIMARY KEY (`shipPlanCd`)
) ENGINE=InnoDB DEFAULT CHARSET=utf8 COMMENT='출하예정관리';
/*!40101 SET character_set_client = @saved_cs_client */ ;

--
-- Dumping data for table `tblShipPlan`
--

LOCK TABLES `tblShipPlan` WRITE;
/*!40000 ALTER TABLE `tblShipPlan` DISABLE KEYS */ ;
/*!40000 ALTER TABLE `tblShipPlan` ENABLE KEYS */ ;
UNLOCK TABLES;

/**************************************************************************************************/
DROP TABLE IF EXISTS `tblShipping`;
/*!40101 SET @saved_cs_client     = @@character_set_client */ ;
/*!40101 SET character_set_client = utf8 */ ;
CREATE TABLE `tblShipping` (
  `shipCd` int(11) unsigned NOT NULL AUTO_INCREMENT COMMENT '출하코드',
  `compCd` int(11) DEFAULT '0' COMMENT '거래처 코드',
  `toMajor` varchar(50) DEFAULT '' COMMENT '거래처 담당자',
  `toPhone` varchar(20) DEFAULT '' COMMENT '거래처 담당자 연락처',
  `shipDt` varchar(10) DEFAULT '' COMMENT '출하일',
  `shipMajor` varchar(50) DEFAULT '' COMMENT '출하 담당자',
  `flagYN` varchar(1) DEFAULT 'Y' COMMENT '삭제여부(Y:유효/N:삭제)',
  `regDate` datetime DEFAULT NULL COMMENT '최초저장일',
  `issueDate` datetime DEFAULT NULL COMMENT '최종저장일',
  `issueID` varchar(20) DEFAULT '' COMMENT '최종저장자',
  PRIMARY KEY (`shipCd`)
) ENGINE=InnoDB AUTO_INCREMENT=18 DEFAULT CHARSET=utf8 COMMENT='출하관리';
/*!40101 SET character_set_client = @saved_cs_client */ ;

--
-- Dumping data for table `tblShipping`
--

LOCK TABLES `tblShipping` WRITE;
/*!40000 ALTER TABLE `tblShipping` DISABLE KEYS */ ;
INSERT INTO `tblShipping` VALUES (1,4,'배갑수','010-1111-1111','2021-05-05','리춘수','Y','2021-06-03 09:44:36','2021-06-03 09:44:36','jade'),(2,5,'강석호','010-3456-6789','2021-06-04','이대로','Y','2021-06-03 09:45:26','2021-06-07 10:12:19','jade'),(3,5,'김선생','010-3333-3333','2021-06-02','이선생','Y','2021-06-03 09:47:08','2021-06-03 09:47:08','jade'),(4,3,'순금자','010-4444-4444','2021-06-04','이말년','Y','2021-06-04 11:24:12','2021-06-04 11:24:12','jade'),(5,5,'강석호','010-3456-6789','2021-06-04','이대로','Y','2021-06-04 14:55:35','2021-06-04 14:55:35','jade'),(6,5,'강석호','010-3456-6789','2021-06-04','이대로','Y','2021-06-04 14:56:06','2021-06-04 14:56:06','jade'),(7,5,'강석호','010-3456-6789','2021-06-04','이대로','Y','2021-06-04 15:01:11','2021-06-04 15:04:11','jad1e'),(8,5,'강석호','010-3456-6789','2021-06-04','이대로','Y','2021-06-04 15:02:29','2021-06-04 15:02:29','jad1e'),(9,6,'나대로','010-2222-3333','2021-06-04','이대로','Y','2021-06-04 15:33:09','2021-06-04 15:33:09','jade'),(10,4,'나대로','010-2222-3333','2021-06-04','이대로','Y','2021-06-04 15:37:50','2021-06-04 15:37:50','jade'),(11,4,'김성주','010-3231-5235','2021-06-09','박시용','Y','2021-06-09 18:00:51','2021-06-09 18:00:51','jade'),(12,5,'김수경','010-3542-2354','2021-06-09','하준수','Y','2021-06-09 18:08:24','2021-06-09 18:08:24','jade'),(13,3,'박수지','010-4422-1515','2023-08-26','왕춘삼','Y','2023-08-26 16:38:15','2023-08-27 16:38:15','jade'),(14,3,'김세진','010-6757-4574','2023-08-26','소노야','Y','2023-08-26 16:38:15','2023-08-27 16:38:15','jade'),(15,7,'박새로','010-4242-5454','2023-08-26','이미경','Y','2023-08-26 16:38:15','2023-08-27 16:38:15','jade'),(16,3,'박새로','010-4242-5454','2023-08-26','이미경','Y','2023-08-26 16:38:15','2023-08-27 16:38:15','jade'),(17,11,'거당자','010-0000-0000','2023-08-26','출당자','Y','2023-08-26 16:38:15','2023-08-27 16:38:15','jade');
/*!40000 ALTER TABLE `tblShipping` ENABLE KEYS */ ;
UNLOCK TABLES;

/**************************************************************************************************/
DROP TABLE IF EXISTS `tblSysMenu`;
/*!40101 SET @saved_cs_client     = @@character_set_client */ ;
/*!40101 SET character_set_client = utf8 */ ;
CREATE TABLE `tblSysMenu` (
  `menu` varchar(1) DEFAULT NULL,
  `subMenu` varchar(3) DEFAULT NULL,
  `parentsMenu` varchar(4) DEFAULT '',
  `pageUrl` varchar(50) DEFAULT NULL,
  `pageNm` varchar(50) DEFAULT NULL,
  `pageIcon` varchar(50) DEFAULT '',
  `menuOrder` int(11) DEFAULT NULL,
  `menuNo` int(11) DEFAULT NULL,
  `flagYN` varchar(1) DEFAULT 'Y',
  `regDate` datetime DEFAULT NULL,
  `issueDate` datetime DEFAULT NULL,
  `issueID` varchar(20) DEFAULT NULL
) ENGINE=InnoDB DEFAULT CHARSET=utf8 COMMENT='메뉴구성';
/*!40101 SET character_set_client = @saved_cs_client */ ;

--
-- Dumping data for table `tblSysMenu`
--

LOCK TABLES `tblSysMenu` WRITE;
/*!40000 ALTER TABLE `tblSysMenu` DISABLE KEYS */ ;
INSERT INTO `tblSysMenu` VALUES ('Z','00','','/warehouse/commonCd','기준정보','fa-home',900,0,'Y','2023-10-26 14:42:17','2023-10-26 14:42:17',''),('Z','01','Z00','/warehouse/commonCd','공통코드','',901,1,'Y','2023-10-26 14:42:17','2023-10-26 14:42:17',''),('Z','02','Z00','/warehouse/company','거래처','',902,2,'Y','2023-10-26 14:42:17','2023-10-26 14:42:17',''),('Z','03','Z00','/warehouse/user','회원정보','',903,3,'Y','2023-10-26 14:42:17','2023-10-26 14:42:17',''),('B','01','B00','/warehouse/product','제품관리','',201,4,'Y','2023-10-26 14:42:17','2023-10-26 14:42:17',''),('Z','04','Z00','/warehouse/house','창고관리','',904,6,'Y','2023-10-26 14:42:17','2023-10-26 14:42:17',''),('B','05','B00','/warehouse/productXls','제품 Excel Up','',205,8,'Y','2023-10-26 14:42:17','2023-10-26 14:42:17',''),('B','06','B00','/warehouse/productInOutXls','제품입출고 Excel Up','',206,9,'Y','2023-10-26 14:42:17','2023-10-26 14:42:17',''),('B','00','','/warehouse/product','제품','fa-calendar-o',200,0,'Y','2023-10-26 14:42:17','2023-10-26 14:42:17',NULL),('R','00','','/warehouse/report','리포트','fa-signal',800,0,'Y','2023-10-26 14:42:17','2023-10-26 14:42:17',NULL),('B','04','B00','/warehouse/productInOutAll','제품입출고관리 (일괄)','',204,7,'Y','2023-10-26 14:42:17','2023-10-26 14:42:17',NULL),('R','01','R00','/warehouse/reportStock','연간재고현황','',801,10,'Y','2023-10-26 14:42:17','2023-10-26 14:42:17',NULL),('R','02','R00','/warehouse/reportIn','연간입고현황','',802,11,'Y','2023-10-26 14:42:17','2023-10-26 14:42:17',NULL),('R','03','R00','/warehouse/reportOut','연간출고현황','',803,12,'Y','2023-10-26 14:42:17','2023-10-26 14:42:17',NULL),('C','00','','/warehouse/resource','자재','fa-cubes',300,0,'Y','2023-10-26 14:42:17','2023-10-26 14:42:17',NULL),('C','01','C00','/warehouse/resource','자재관리','',301,14,'Y','2023-10-26 14:42:17','2023-10-26 14:42:17',NULL),('C','03','C00','/warehouse/resourceOut','자재출고관리','',303,16,'Y','2023-10-26 14:42:17','2023-10-26 14:42:17',NULL),('C','05','C00','/warehouse/resourceXls','자재 Excel Up','',305,18,'Y','2023-10-26 14:42:17','2023-10-26 14:42:17',NULL),('C','06','C00','/warehouse/resourceInOutXls','자재입출고 Excel Up','',306,19,'Y','2023-10-26 14:42:17','2023-10-26 14:42:17',NULL),('D','00','','/warehouse/bom','BOM','fa-code-fork',400,0,'Y','2023-10-26 14:42:17','2023-10-26 14:42:17',NULL),('D','01','D00','/warehouse/bom','BOM','',401,19,'Y','2023-10-26 14:42:17','2023-10-26 14:42:17',NULL),('B','07','B00','/warehouse/shipping','제품출하관리','',207,21,'Y','2023-10-26 14:42:17','2023-10-26 14:42:17',NULL),('B','08','B00','/warehouse/shipItems','제품출고현황 (출하)','',208,22,'Y','2023-10-26 14:42:17','2023-10-26 14:42:17',NULL),('F','00','','/warehouse/shipPlan','출하관리','fa-cog',600,0,'Y','2023-10-26 14:42:17','2023-10-26 14:42:17',''),('F','01','F00','/warehouse/shipPlan','출하계획관리','',601,23,'Y','2023-10-26 14:42:17','2023-10-26 14:42:17',''),('B','02','B00','/warehouse/productIn','제품입고관리','',202,5,'Y','2023-10-26 14:42:17','2023-10-25 10:21:40',NULL),('B','03','B00','/warehouse/productOut','제품출고관리','',203,6,'Y','2023-10-26 14:42:17','2023-10-25 10:22:45',NULL),('C','02','C00','/warehouse/resourceIn','자재입고관리','',302,15,'Y','2023-10-26 14:42:17','2023-10-26 14:42:18',NULL),('C','04','C00','/warehouse/resourceInOutAll','자재입출고관리 (일괄)','',304,17,'Y','2023-10-26 14:42:17','2023-10-26 14:42:17',NULL);
/*!40000 ALTER TABLE `tblSysMenu` ENABLE KEYS */ ;
UNLOCK TABLES;

/**************************************************************************************************/
DROP TABLE IF EXISTS `tblUser`;
/*!40101 SET @saved_cs_client     = @@character_set_client */ ;
/*!40101 SET character_set_client = utf8 */ ;
CREATE TABLE `tblUser` (
  `userID` varchar(20) NOT NULL COMMENT '아이디',
  `passwd` varchar(1000) DEFAULT '' COMMENT '비밀번호',
  `userNm` varchar(20) DEFAULT '' COMMENT '이름',
  `phone` varchar(100) DEFAULT '' COMMENT '연락처',
  `email` varchar(100) DEFAULT '' COMMENT 'E-mail',
  `uLevel` varchar(5) DEFAULT '' COMMENT '회원등급',
  `compCd` int(11) DEFAULT '0' COMMENT '거래처 코드',
  `offCnt` int(11) DEFAULT '15' COMMENT '연간휴무일',
  `uPerm` varchar(1000) DEFAULT '' COMMENT '권한',
  `flagYN` varchar(1) DEFAULT 'Y' COMMENT '삭제여부(Y:유효/N:삭제)',
  `regDate` datetime DEFAULT NULL COMMENT '최초저장일',
  `issueDate` datetime DEFAULT NULL COMMENT '최종저장일',
  `issueID` varchar(20) DEFAULT '' COMMENT '최종저장자',
  PRIMARY KEY (`userID`)
) ENGINE=InnoDB DEFAULT CHARSET=utf8 COMMENT='회원정보';
/*!40101 SET character_set_client = @saved_cs_client */ ;

--
-- Dumping data for table `tblUser`
--

LOCK TABLES `tblUser` WRITE;
/*!40000 ALTER TABLE `tblUser` DISABLE KEYS */ ;
INSERT INTO `tblUser` VALUES ('bom','$2a$10$YHY6wQwNcves3Wl23Jz0uugnrmOZ3SlDI4EsL4.M0g9y/dca7f08y','이봄이','222','222','00100',NULL,15,'Z01,Z02,Z03','Y','2023-07-14 17:46:11','2023-10-10 22:00:51','bom'),('eric','$2a$10$OyeuFJlJPUbQZFlVpvu/qOCXGhxLmzZGe5rhNukagfH4Js5EMBVk.','문정호','111','111','00100',NULL,15,'Z01,Z02,Z03,B01,B02,Z04,B04,B05,B03,R01,R02,R03,R04,C01,C02,C03,C04,C05,D01,B06,B07,B08,F01','Y','2023-10-10 14:22:25','2023-10-14 15:24:09','eric'),('jad','$2a$10$X2xZ0qEOIVlg6JKB/M5ot./dZJfV4TBD41sz5wqNnNwHtKK2.YCMi','제이','010-4000-3000','jade@bedone.co.kr','00100',NULL,0,'','Y','2021-05-26 14:53:56','2023-10-10 21:37:24','jad'),('jade','1110','제이드','010-4000-3001','jade@bedone.co.kr','00100',NULL,0,'B01,B02,Z04,B04,B05,B03,R01,R02,R03,R04,C01,C02,C03,C04,C05,D01,B06,B07,B08,F01,Z01,Z02,Z03','Y','2021-04-21 09:56:06','2023-10-10 21:38:57','jade');
/*!40000 ALTER TABLE `tblUser` ENABLE KEYS */ ;
UNLOCK TABLES;

/**************************************************************************************************/
DROP TABLE IF EXISTS `tblUserConfig`;
/*!40101 SET @saved_cs_client     = @@character_set_client */ ;
/*!40101 SET character_set_client = utf8 */ ;
CREATE TABLE `tblUserConfig` (
  `configSeq` int(11) NOT NULL AUTO_INCREMENT COMMENT '설정 시퀀스',
  `userID` varchar(20) DEFAULT '' COMMENT '유저 아이디',
  `pageNm` varchar(50) DEFAULT '' COMMENT '페이지 이름',
  `gridCd` varchar(10) DEFAULT '' COMMENT '그리드 코드',
  `config` varchar(8000) DEFAULT '' COMMENT '환경설정',
  `flagYN` varchar(1) DEFAULT '' COMMENT '삭제여부(Y:유효/N:삭제)',
  `regDate` datetime DEFAULT NULL COMMENT '최초저장일',
  `issueDate` datetime DEFAULT NULL COMMENT '최종저장일',
  `issueID` varchar(20) DEFAULT '' COMMENT '최종저장자',
  PRIMARY KEY (`configSeq`)
) ENGINE=InnoDB AUTO_INCREMENT=2 DEFAULT CHARSET=utf8 COMMENT='그리드 환경 설정관리';
/*!40101 SET character_set_client = @saved_cs_client */ ;

--
-- Dumping data for table `tblUserConfig`
--

LOCK TABLES `tblUserConfig` WRITE;
/*!40000 ALTER TABLE `tblUserConfig` DISABLE KEYS */ ;
INSERT INTO `tblUserConfig` VALUES (1,'jade','tabs','','14@/warehouse/resource,07@/warehouse/productXls,17@/warehouse/resourceXls,08@/warehouse/productInOutXls,18@/warehouse/resourceInOutXls,03@/warehouse/user,02@/warehouse/company,01@/warehouse/commonCd,10@/warehouse/reportStock,23@/warehouse/shipPlan','Y','2021-05-06 18:11:17','2023-10-30 14:59:57','jade');
/*!40000 ALTER TABLE `tblUserConfig` ENABLE KEYS */ ;
UNLOCK TABLES;